timestamp,pv_kw,soc_percent,total_load_kw
2026-03-17 09:52:29.801464,0.7642,70.37,0.1992
2026-03-17 09:52:29.902254,0.7642,70.37,0.2826
2026-03-17 09:52:39.760878,0.7646,70.43,0.2313
2026-03-17 09:52:49.758655,0.7649,70.49,0.2502
2026-03-17 09:52:56.914132,0.7652,70.53,0.2245
2026-03-17 09:52:57.220318,0.7652,70.53,0.2612
2026-03-17 09:52:59.761148,0.7653,70.54,0.32030000000000003
2026-03-17 09:53:06.915150,0.7655,70.58,0.3013
2026-03-17 09:53:09.754754,0.7656,70.6,0.1993
2026-03-17 09:53:16.912332,0.7659,70.64,0.2479
2026-03-17 09:53:19.752527,0.766,70.66,0.2232
2026-03-17 09:53:26.910550,0.7662,70.69,0.3018
2026-03-17 09:53:29.751216,0.7663,70.71,0.2242
2026-03-17 09:53:36.909936,0.7666,70.75,0.2694
2026-03-17 09:53:39.753676,0.7667,70.76,0.2768
2026-03-17 09:53:46.912324,0.7669,70.8,0.298
2026-03-17 09:53:49.752481,0.767,70.82,0.2711
2026-03-17 09:53:56.910144,0.7672,70.86,0.2086
2026-03-17 09:53:59.755900,0.7673,70.88,0.2929
2026-03-17 09:54:09.751767,0.7677,70.93,0.2322
2026-03-17 09:54:19.751785,0.768,70.99,0.2713
2026-03-17 09:54:29.752838,0.7684,71.05,0.2428
2026-03-17 09:54:39.753529,0.7687,71.1,0.2776
2026-03-17 09:54:49.755753,0.769,71.16,0.2659
2026-03-17 09:54:59.782939,0.7694,71.21,0.27649999999999997
2026-03-17 09:55:09.776510,0.7697,71.26,0.34400000000000003
2026-03-17 09:55:19.756940,0.7701,71.31,0.2753
2026-03-17 09:55:29.756078,0.7704,71.36,0.2882
2026-03-17 09:55:39.755537,0.7707,71.41,0.33
2026-03-17 09:55:49.755362,0.7711,71.46,0.333
2026-03-17 09:55:59.756532,0.7714,71.51,0.3073
2026-03-17 09:56:09.753667,0.7718,71.56,0.3221
2026-03-17 10:01:40.813740,0.7827,70.36,0.2364
2026-03-17 10:01:40.961814,0.7827,70.36,0.27190000000000003
2026-03-17 10:01:50.727684,0.783,70.43,0.13319999999999999
2026-03-17 10:02:00.728218,0.7833,70.5,0.12940000000000002
2026-03-17 10:02:10.727602,0.7836,70.57,0.1587
2026-03-17 10:02:20.729555,0.784,70.63,0.2316
2026-03-17 10:02:30.727605,0.7843,70.7,0.1789
2026-03-17 10:02:40.728054,0.7846,70.77,0.1805
2026-03-17 10:02:50.729162,0.7849,70.84,0.1385
2026-03-17 10:03:00.728361,0.7852,70.9,0.22039999999999998
2026-03-17 10:03:10.728630,0.7856,70.96,0.2163
2026-03-17 10:03:20.728897,0.7859,71.03,0.1746
2026-03-17 10:03:30.729584,0.7862,71.09,0.1903
2026-03-17 10:03:40.728219,0.7865,71.16,0.2253
2026-03-17 10:03:50.736485,0.7868,71.22,0.18
2026-03-17 10:04:00.728710,0.7872,71.29,0.209
2026-03-17 10:04:10.727041,0.7875,71.36,0.1539
2026-03-17 10:04:20.729071,0.7878,71.42,0.23
2026-03-17 10:04:30.729153,0.7881,71.49,0.1405
2026-03-17 10:04:40.729830,0.7884,71.56,0.132
2026-03-17 10:04:50.730415,0.7887,71.62,0.2407
2026-03-17 10:05:00.730470,0.7891,71.69,0.1829
2026-03-17 10:05:03.090707,0.7891,71.7,0.1582
2026-03-17 10:05:03.182632,0.7891,71.7,0.2055
2026-03-17 10:05:04.756735,0.7892,71.71,0.18359999999999999
2026-03-17 10:05:04.861633,0.7892,71.72,0.21760000000000002
2026-03-17 10:05:07.085221,0.7893,71.73,0.1812
2026-03-17 10:05:07.202876,0.7893,71.73,0.1371
2026-03-17 10:05:09.480174,0.7893,71.75,0.1696
2026-03-17 10:05:09.570910,0.7893,71.75,0.18889999999999998
2026-03-17 10:05:13.258457,0.7895,71.77,0.1613
2026-03-17 10:05:13.329050,0.7895,71.77,0.1541
2026-03-17 10:05:19.310383,0.7897,71.81,0.1871
2026-03-17 10:05:19.425373,0.7897,71.81,0.224
2026-03-17 10:05:22.371982,0.7897,71.83,0.1953
2026-03-17 10:05:22.501349,0.7897,71.83,0.2656
2026-03-17 10:05:25.051706,0.7898,71.85,0.1807
2026-03-17 10:05:25.129148,0.7898,71.85,0.1746
2026-03-17 10:05:35.089917,0.7902,71.92,0.1998
2026-03-17 10:05:45.044661,0.7905,71.99,0.1538
2026-03-17 10:05:55.046348,0.7908,72.05,0.21309999999999998
2026-03-17 10:06:05.049141,0.7911,72.12,0.1837
2026-03-17 10:06:15.045828,0.7914,72.18,0.1712
2026-03-17 10:06:25.046079,0.7917,72.24,0.2431
2026-03-17 10:06:35.045829,0.792,72.31,0.1761
2026-03-17 10:06:45.046295,0.7923,72.38,0.1693
2026-03-17 10:06:55.045481,0.7926,72.45,0.1706
2026-03-17 10:07:05.046732,0.793,72.52,0.1704
2026-03-17 10:07:15.045413,0.7933,72.59,0.1523
2026-03-17 10:07:25.045654,0.7936,72.65,0.1893
2026-03-17 10:07:35.046208,0.7939,72.71,0.2451
2026-03-17 10:07:45.046224,0.7942,72.79,0.1381
2026-03-17 11:23:54.052967,0.8889,70.45,0.2072
2026-03-17 11:23:54.791414,0.8889,70.46,0.1995
2026-03-17 11:23:59.616322,0.8889,70.49,0.21030000000000001
2026-03-17 11:24:09.717508,0.889,70.56,0.23
2026-03-17 11:24:19.631243,0.8891,70.64,0.24029999999999999
2026-03-17 11:30:59.186891,0.8928,70.43,0.2354
2026-03-17 11:31:13.533410,0.8929,70.43,0.2395
2026-03-17 11:32:13.687856,0.8934,70.86,0.2455
2026-03-17 11:33:13.796104,0.8939,71.29,0.236
2026-03-17 11:34:13.819494,0.8943,71.76,0.18719999999999998
2026-03-17 11:35:13.900863,0.8947,72.24,0.1642
2026-03-17 11:36:13.938531,0.8952,72.73,0.1625
2026-03-17 11:37:13.986808,0.8956,73.22,0.1529
2026-03-17 11:38:14.043161,0.8959,73.72,0.1352
2026-03-17 11:39:14.092245,0.8963,74.21,0.1528
2026-03-17 11:40:14.144719,0.8967,74.71,0.1464
2026-03-17 11:41:03.469081,0.8969,70.46,0.1954
2026-03-17 11:41:04.530096,0.8969,70.47,0.255
2026-03-17 11:41:05.561475,0.8969,70.48,0.176
2026-03-17 11:41:06.674938,0.8969,70.49,0.1992
2026-03-17 11:41:07.733010,0.8969,70.5,0.1419
2026-03-17 11:41:08.758600,0.897,70.5,0.1778
2026-03-17 11:41:09.781709,0.897,70.51,0.2345
2026-03-17 11:41:10.856461,0.897,70.52,0.2492
2026-03-17 11:41:11.893517,0.897,70.53,0.1785
2026-03-17 11:41:13.075945,0.897,70.54,0.1742
2026-03-17 11:41:14.126474,0.897,70.54,0.2405
2026-03-17 11:41:15.183439,0.897,70.55,0.1747
2026-03-17 11:41:16.219061,0.897,70.56,0.2452
2026-03-17 11:41:17.259627,0.897,70.57,0.14980000000000002
2026-03-17 11:41:18.313954,0.897,70.58,0.23479999999999998
2026-03-17 11:41:19.338310,0.897,70.58,0.1602
2026-03-17 11:41:20.372664,0.897,70.59,0.2473
2026-03-17 11:41:21.397351,0.897,70.6,0.1819
2026-03-17 11:41:22.444911,0.897,70.61,0.1425
2026-03-17 11:41:23.498605,0.897,70.62,0.22390000000000002
2026-03-17 11:41:24.544058,0.897,70.62,0.1799
2026-03-17 11:41:25.580733,0.897,70.63,0.1411
2026-03-17 11:41:26.633332,0.897,70.64,0.1852
2026-03-17 11:41:27.692612,0.8971,70.65,0.2087
2026-03-17 11:41:28.756913,0.8971,70.66,0.2198
2026-03-17 11:41:29.826390,0.8971,70.67,0.1747
2026-03-17 11:41:30.888542,0.8971,70.67,0.187
2026-03-17 11:41:31.941859,0.8971,70.68,0.2046
2026-03-17 11:41:32.994965,0.8971,70.69,0.22419999999999998
2026-03-17 11:41:34.038442,0.8971,70.7,0.1947
2026-03-17 11:41:35.083995,0.8971,70.71,0.1309
2026-03-17 11:41:36.130842,0.8971,70.71,0.2074
2026-03-17 11:41:37.195205,0.8971,70.72,0.1499
2026-03-17 11:41:38.244028,0.8971,70.73,0.227
2026-03-17 11:41:39.293961,0.8971,70.74,0.1409
2026-03-17 11:41:40.343838,0.8971,70.75,0.2551
2026-03-17 11:41:41.387783,0.8971,70.76,0.1923
2026-03-17 11:41:42.433889,0.8971,70.76,0.19619999999999999
2026-03-17 11:41:43.489879,0.8971,70.77,0.1736
2026-03-17 11:41:44.546565,0.8971,70.78,0.21109999999999998
2026-03-17 11:41:45.592265,0.8971,70.79,0.2344
2026-03-17 11:41:46.672929,0.8972,70.8,0.2445
2026-03-17 11:41:47.728070,0.8972,70.8,0.2462
2026-03-17 11:41:48.781476,0.8972,70.81,0.1837
2026-03-17 11:41:49.809834,0.8972,70.82,0.1709
2026-03-17 11:41:50.854795,0.8972,70.83,0.1773
2026-03-17 11:41:51.894844,0.8972,70.84,0.1528
2026-03-17 11:41:52.937858,0.8972,70.84,0.1676
2026-03-17 11:41:53.983418,0.8972,70.85,0.194
2026-03-17 11:41:55.027228,0.8972,70.86,0.19799999999999998
2026-03-17 11:41:56.085011,0.8972,70.87,0.2647
2026-03-17 11:41:57.130632,0.8972,70.88,0.1414
2026-03-17 11:41:58.168167,0.8972,70.88,0.2358
2026-03-17 11:41:59.211987,0.8972,70.89,0.1479
2026-03-17 11:42:00.243731,0.8972,70.9,0.2553
2026-03-17 11:42:01.267911,0.8972,70.91,0.2182
2026-03-17 11:42:02.295872,0.8972,70.92,0.26
2026-03-17 11:42:03.354031,0.8972,70.92,0.2002
2026-03-17 11:42:04.400726,0.8972,70.93,0.2204
2026-03-17 11:42:05.457670,0.8973,70.94,0.1553
2026-03-17 11:42:06.511869,0.8973,70.95,0.1516
2026-03-17 11:42:07.562895,0.8973,70.96,0.1742
2026-03-17 11:42:08.619359,0.8973,70.96,0.2468
2026-03-17 11:42:09.667728,0.8973,70.97,0.2686
2026-03-17 11:42:10.721280,0.8973,70.98,0.19240000000000002
2026-03-17 11:42:11.769218,0.8973,70.99,0.1676
2026-03-17 11:42:12.798665,0.8973,71.0,0.1997
2026-03-17 11:42:13.843629,0.8973,71.0,0.1405
2026-03-17 11:42:14.888498,0.8973,71.01,0.1678
2026-03-17 11:42:15.937004,0.8973,71.02,0.1913
2026-03-17 11:42:16.982027,0.8973,71.03,0.22269999999999998
2026-03-17 11:42:18.026801,0.8973,71.04,0.24680000000000002
2026-03-17 11:42:19.075691,0.8973,71.04,0.152
2026-03-17 11:42:20.123053,0.8973,71.05,0.24109999999999998
2026-03-17 11:42:21.173575,0.8973,71.06,0.1808
2026-03-17 11:42:22.226980,0.8973,71.07,0.1898
2026-03-17 11:42:23.277237,0.8973,71.08,0.2353
2026-03-17 11:42:24.319844,0.8973,71.08,0.2621
2026-03-17 11:42:25.366245,0.8974,71.09,0.1489
2026-03-17 11:42:26.411678,0.8974,71.1,0.2372
2026-03-17 11:42:27.467647,0.8974,71.11,0.203
2026-03-17 11:42:28.518757,0.8974,71.12,0.2
2026-03-17 11:42:29.565940,0.8974,71.13,0.1254
2026-03-17 11:42:30.614606,0.8974,71.13,0.13319999999999999
2026-03-17 11:42:31.660461,0.8974,71.14,0.2262
2026-03-17 11:42:32.710623,0.8974,71.15,0.2034
2026-03-17 11:42:33.759970,0.8974,71.16,0.2241
2026-03-17 11:42:34.812763,0.8974,71.17,0.165
2026-03-17 11:42:35.869787,0.8974,71.17,0.1674
2026-03-17 11:42:36.916945,0.8974,71.18,0.2396
2026-03-17 11:42:37.969152,0.8974,71.19,0.1746
2026-03-17 11:42:39.013868,0.8974,71.2,0.1302
2026-03-17 11:42:40.060836,0.8974,71.21,0.21910000000000002
2026-03-17 11:42:41.116887,0.8974,71.22,0.16449999999999998
2026-03-17 11:42:42.164484,0.8974,71.22,0.1626
2026-03-17 11:42:43.213819,0.8974,71.23,0.2039
2026-03-17 11:42:44.262759,0.8974,71.24,0.2137
2026-03-17 11:42:45.316662,0.8975,71.25,0.1386
2026-03-17 11:42:46.422424,0.8975,71.26,0.1675
2026-03-17 11:42:47.468981,0.8975,71.27,0.1246
2026-03-17 11:42:48.512964,0.8975,71.28,0.1208
2026-03-17 11:42:49.550475,0.8975,71.28,0.1159
2026-03-17 11:42:50.597808,0.8975,71.29,0.1433
2026-03-17 11:42:51.643045,0.8975,71.3,0.1248
2026-03-17 11:42:52.674274,0.8975,71.31,0.1496
2026-03-17 11:42:53.723825,0.8975,71.32,0.1496
2026-03-17 11:42:54.786833,0.8975,71.33,0.1299
2026-03-17 11:42:55.832763,0.8975,71.34,0.1169
2026-03-17 11:42:56.874955,0.8975,71.35,0.104
2026-03-17 11:42:57.904829,0.8975,71.35,0.1335
2026-03-17 11:42:58.963387,0.8975,71.36,0.11599999999999999
2026-03-17 11:43:00.484531,0.8975,71.38,0.1013
2026-03-17 11:43:01.564959,0.8975,71.39,0.1441
2026-03-17 11:43:02.624579,0.8975,71.39,0.1246
2026-03-17 11:43:03.686842,0.8975,71.4,0.1261
2026-03-17 11:43:04.730413,0.8975,71.41,0.1096
2026-03-17 11:43:05.774444,0.8975,71.42,0.1013
2026-03-17 11:43:06.901891,0.8976,71.43,0.14679999999999999
2026-03-17 11:43:07.959735,0.8976,71.44,0.10289999999999999
2026-03-17 11:43:08.989057,0.8976,71.45,0.1687
2026-03-17 11:43:10.018458,0.8976,71.46,0.1289
2026-03-17 11:43:11.078676,0.8976,71.47,0.12510000000000002
2026-03-17 11:43:12.137446,0.8976,71.48,0.1593
2026-03-17 11:43:13.194490,0.8976,71.48,0.1271
2026-03-17 11:43:14.243853,0.8976,71.49,0.0928
2026-03-17 11:43:15.295041,0.8976,71.5,0.1243
2026-03-17 11:43:16.337531,0.8976,71.51,0.1349
2026-03-17 11:43:17.363452,0.8976,71.52,0.1158
2026-03-17 11:43:18.406767,0.8976,71.53,0.1211
2026-03-17 11:43:19.460933,0.8976,71.54,0.13470000000000001
2026-03-17 11:43:20.506516,0.8976,71.55,0.166
2026-03-17 11:43:21.532119,0.8976,71.55,0.1355
2026-03-17 11:43:22.575759,0.8976,71.56,0.1421
2026-03-17 11:43:23.629836,0.8976,71.57,0.1297
2026-03-17 11:43:24.679905,0.8976,71.58,0.1141
2026-03-17 11:43:25.727980,0.8976,71.59,0.1092
2026-03-17 11:43:26.776358,0.8976,71.6,0.1109
2026-03-17 11:43:27.825439,0.8977,71.61,0.0944
2026-03-17 11:43:28.869015,0.8977,71.62,0.1091
2026-03-17 11:43:29.915240,0.8977,71.63,0.09490000000000001
2026-03-17 11:43:30.968083,0.8977,71.64,0.1442
2026-03-17 11:43:32.020202,0.8977,71.64,0.1032
2026-03-17 11:43:33.114554,0.8977,71.65,0.1382
2026-03-17 11:43:34.168211,0.8977,71.66,0.1393
2026-03-17 11:43:35.210753,0.8977,71.67,0.1329
2026-03-17 11:43:36.245694,0.8977,71.68,0.1154
2026-03-17 11:43:37.298124,0.8977,71.69,0.1144
2026-03-17 11:43:38.341392,0.8977,71.7,0.1073
2026-03-17 11:43:39.389838,0.8977,71.71,0.1377
2026-03-17 11:43:40.434337,0.8977,71.72,0.146
2026-03-17 11:43:41.473368,0.8977,71.73,0.1071
2026-03-17 11:43:42.577405,0.8977,71.73,0.1329
2026-03-17 11:43:43.645585,0.8977,71.74,0.0993
2026-03-17 11:43:44.698709,0.8977,71.75,0.1671
2026-03-17 11:43:45.730671,0.8977,71.76,0.1159
2026-03-17 11:43:46.775169,0.8977,71.77,0.13269999999999998
2026-03-17 11:43:47.978323,0.8977,71.78,0.131
2026-03-17 11:43:49.143007,0.8978,71.79,0.1161
2026-03-17 11:43:50.363401,0.8978,71.8,0.11320000000000001
2026-03-17 11:43:51.468835,0.8978,71.81,0.1505
2026-03-17 11:43:52.520708,0.8978,71.82,0.1129
2026-03-17 11:43:53.583194,0.8978,71.83,0.0912
2026-03-17 11:43:54.612049,0.8978,71.84,0.1296
2026-03-17 11:43:55.671457,0.8978,71.85,0.1355
2026-03-17 11:43:56.736234,0.8978,71.85,0.1199
2026-03-17 11:43:57.801006,0.8978,71.86,0.1531
2026-03-17 11:43:58.829339,0.8978,71.87,0.0844
2026-03-17 11:43:59.872258,0.8978,71.88,0.1007
2026-03-17 11:44:00.918948,0.8978,71.89,0.09670000000000001
2026-03-17 11:44:01.981696,0.8978,71.9,0.1295
2026-03-17 11:44:03.050396,0.8978,71.91,0.1485
2026-03-17 11:44:04.078733,0.8978,71.92,0.0802
2026-03-17 11:44:05.133643,0.8978,71.93,0.1287
2026-03-17 11:44:06.201507,0.8978,71.94,0.1399
2026-03-17 11:44:07.248526,0.8978,71.94,0.1119
2026-03-17 11:44:08.318335,0.8978,71.95,0.1147
2026-03-17 11:44:09.348912,0.8978,71.96,0.166
2026-03-17 11:44:10.399357,0.8979,71.97,0.1437
2026-03-17 11:44:11.447111,0.8979,71.98,0.1449
2026-03-17 11:44:12.502372,0.8979,71.99,0.12480000000000001
2026-03-17 11:44:13.565905,0.8979,72.0,0.1482
2026-03-17 11:44:14.623686,0.8979,72.01,0.1139
2026-03-17 11:44:15.670347,0.8979,72.02,0.1374
2026-03-17 11:44:16.698471,0.8979,72.02,0.1326
2026-03-17 11:44:17.746946,0.8979,72.03,0.1459
2026-03-17 11:44:18.792499,0.8979,72.04,0.0885
2026-03-17 11:44:19.822799,0.8979,72.05,0.1681
2026-03-17 11:44:20.871462,0.8979,72.06,0.1149
2026-03-17 11:44:21.921596,0.8979,72.07,0.1084
2026-03-17 11:44:22.959735,0.8979,72.08,0.1393
2026-03-17 11:44:24.003464,0.8979,72.09,0.0896
2026-03-17 11:44:25.049797,0.8979,72.09,0.1572
2026-03-17 11:44:26.096509,0.8979,72.1,0.1434
2026-03-17 11:44:27.145131,0.8979,72.11,0.1037
2026-03-17 11:44:28.193817,0.8979,72.12,0.1184
2026-03-17 11:44:29.249669,0.8979,72.13,0.1345
2026-03-17 11:44:30.298548,0.8979,72.14,0.12159999999999999
2026-03-17 11:44:31.351948,0.8979,72.15,0.14780000000000001
2026-03-17 11:44:32.402379,0.898,72.16,0.101
2026-03-17 11:44:33.443505,0.898,72.17,0.1033
2026-03-17 11:44:34.477150,0.898,72.18,0.13319999999999999
2026-03-17 11:44:35.531326,0.898,72.18,0.1167
2026-03-17 11:44:36.585253,0.898,72.19,0.1274
2026-03-17 11:44:37.636600,0.898,72.2,0.13849999999999998
2026-03-17 11:44:38.705036,0.898,72.21,0.1622
2026-03-17 11:44:39.735875,0.898,72.22,0.109
2026-03-17 11:44:40.786046,0.898,72.23,0.1455
2026-03-17 11:44:41.834413,0.898,72.24,0.1356
2026-03-17 11:44:42.891717,0.898,72.25,0.1674
2026-03-17 11:44:43.943269,0.898,72.25,0.1059
2026-03-17 11:44:44.994724,0.898,72.26,0.1149
2026-03-17 11:44:46.043892,0.898,72.27,0.102
2026-03-17 11:44:47.093749,0.898,72.28,0.1392
2026-03-17 11:44:48.143869,0.898,72.29,0.088
2026-03-17 11:44:49.191862,0.898,72.3,0.0911
2026-03-17 11:44:50.240199,0.898,72.31,0.13019999999999998
2026-03-17 11:44:51.280923,0.898,72.32,0.1436
2026-03-17 11:44:52.317223,0.898,72.33,0.1394
2026-03-17 11:44:53.375425,0.898,72.34,0.1396
2026-03-17 11:44:54.440443,0.898,72.34,0.091
2026-03-17 11:44:55.492486,0.8981,72.35,0.14959999999999998
2026-03-17 11:44:56.548945,0.8981,72.36,0.0993
2026-03-17 11:44:57.593636,0.8981,72.37,0.1046
2026-03-17 11:44:58.651919,0.8981,72.38,0.1236
2026-03-17 11:44:59.699385,0.8981,72.39,0.1273
2026-03-17 11:45:00.734867,0.8981,72.4,0.1162
2026-03-17 11:45:01.782989,0.8981,72.41,0.107
2026-03-17 11:45:02.888059,0.8981,72.42,0.08979999999999999
2026-03-17 11:45:03.958702,0.8981,72.43,0.1221
2026-03-17 11:45:05.012777,0.8981,72.44,0.1497
2026-03-17 11:45:06.048406,0.8981,72.44,0.1202
2026-03-17 11:45:07.105559,0.8981,72.45,0.1279
2026-03-17 11:45:08.157711,0.8981,72.46,0.1492
2026-03-17 11:45:09.222724,0.8981,72.47,0.1421
2026-03-17 11:45:10.292915,0.8981,72.48,0.11750000000000001
2026-03-17 11:45:11.359271,0.8981,72.49,0.1244
2026-03-17 11:45:12.403510,0.8981,72.5,0.1271
2026-03-17 11:45:13.439244,0.8981,72.51,0.1176
2026-03-17 11:45:14.498517,0.8981,72.52,0.1052
2026-03-17 11:45:15.525713,0.8981,72.52,0.14780000000000001
2026-03-17 11:45:16.555418,0.8981,72.53,0.0994
2026-03-17 11:45:17.614843,0.8981,72.54,0.1253
2026-03-17 11:45:18.658734,0.8981,72.55,0.113
2026-03-17 11:45:19.708467,0.8982,72.56,0.1395
2026-03-17 11:45:20.735132,0.8982,72.57,0.1229
2026-03-17 11:45:21.786046,0.8982,72.58,0.1171
2026-03-17 11:45:22.810705,0.8982,72.59,0.0829
2026-03-17 11:45:23.847434,0.8982,72.6,0.12359999999999999
2026-03-17 11:45:24.911207,0.8982,72.6,0.1406
2026-03-17 11:45:25.955609,0.8982,72.61,0.13319999999999999
2026-03-17 11:45:27.019007,0.8982,72.62,0.0892
2026-03-17 11:45:28.053657,0.8982,72.63,0.131
2026-03-17 11:45:29.107814,0.8982,72.64,0.11259999999999999
2026-03-17 11:45:30.150084,0.8982,72.65,0.1097
2026-03-17 11:45:31.207108,0.8982,72.66,0.1128
2026-03-17 11:45:32.252220,0.8982,72.67,0.1344
2026-03-17 11:45:33.289699,0.8982,72.68,0.15360000000000001
2026-03-17 11:45:34.371265,0.8982,72.69,0.1197
2026-03-17 11:45:35.464188,0.8982,72.69,0.1405
2026-03-17 11:45:36.530529,0.8982,72.7,0.1205
2026-03-17 11:45:37.563549,0.8982,72.71,0.1259
2026-03-17 11:45:38.593719,0.8982,72.72,0.14500000000000002
2026-03-17 11:45:39.642253,0.8982,72.73,0.1068
2026-03-17 11:45:40.681535,0.8982,72.74,0.1199
2026-03-17 11:45:41.719211,0.8982,72.75,0.1348
2026-03-17 11:45:42.754021,0.8982,72.76,0.10930000000000001
2026-03-17 11:45:43.793689,0.8983,72.77,0.13419999999999999
2026-03-17 11:45:45.147945,0.8983,72.78,0.112
2026-03-17 11:45:46.199904,0.8983,72.79,0.1298
2026-03-17 11:45:47.234754,0.8983,72.79,0.1348
2026-03-17 11:45:48.279193,0.8983,72.8,0.1205
2026-03-17 11:45:49.317971,0.8983,72.81,0.1549
2026-03-17 11:45:50.417005,0.8983,72.82,0.1418
2026-03-17 11:45:51.456474,0.8983,72.83,0.094
2026-03-17 11:45:52.522258,0.8983,72.84,0.1374
2026-03-17 11:45:53.553899,0.8983,72.85,0.0935
2026-03-17 11:45:54.645658,0.8983,72.86,0.1199
2026-03-17 11:45:55.720490,0.8983,72.87,0.1191
2026-03-17 11:45:56.766968,0.8983,72.88,0.1716
2026-03-17 11:45:57.808835,0.8983,72.88,0.1351
2026-03-17 11:45:58.846588,0.8983,72.89,0.1348
2026-03-17 11:45:59.882062,0.8983,72.9,0.1532
2026-03-17 11:46:00.916110,0.8983,72.91,0.1226
2026-03-17 11:46:01.959535,0.8983,72.92,0.1625
2026-03-17 11:46:02.997267,0.8983,72.93,0.1442
2026-03-17 11:46:04.033758,0.8983,72.94,0.13470000000000001
2026-03-17 11:46:05.112895,0.8983,72.95,0.14500000000000002
2026-03-17 11:46:06.164445,0.8983,72.95,0.12110000000000001
2026-03-17 11:46:07.226994,0.8983,72.96,0.1447
2026-03-17 11:46:08.268655,0.8984,72.97,0.1563
2026-03-17 11:46:09.311254,0.8984,72.98,0.1082
2026-03-17 11:46:10.345707,0.8984,72.99,0.11929999999999999
2026-03-17 11:46:11.418357,0.8984,73.0,0.0905
2026-03-17 11:46:12.473903,0.8984,73.01,0.1345
2026-03-17 11:46:13.521513,0.8984,73.02,0.1243
2026-03-17 11:46:14.558746,0.8984,73.03,0.0938
2026-03-17 11:46:15.620157,0.8984,73.03,0.14100000000000001
2026-03-17 11:46:16.676857,0.8984,73.04,0.1063
2026-03-17 11:46:17.718611,0.8984,73.05,0.09509999999999999
2026-03-17 11:46:18.749524,0.8984,73.06,0.1382
2026-03-17 11:46:19.825653,0.8984,73.07,0.1161
2026-03-17 11:46:20.859864,0.8984,73.08,0.1346
2026-03-17 11:46:21.897216,0.8984,73.09,0.1351
2026-03-17 11:46:22.931352,0.8984,73.1,0.1313
2026-03-17 11:46:23.962104,0.8984,73.11,0.1473
2026-03-17 11:46:24.994397,0.8984,73.11,0.1079
2026-03-17 11:46:26.021801,0.8984,73.12,0.1086
2026-03-17 11:46:27.062419,0.8984,73.13,0.149
2026-03-17 11:46:28.095756,0.8984,73.14,0.159
2026-03-17 11:46:29.128667,0.8984,73.15,0.1184
2026-03-17 11:46:30.164999,0.8984,73.16,0.1436
2026-03-17 11:46:31.206375,0.8984,73.17,0.0906
2026-03-17 11:46:32.238465,0.8984,73.18,0.1465
2026-03-17 11:46:33.267729,0.8985,73.18,0.1195
2026-03-17 11:46:34.299068,0.8985,73.19,0.10919999999999999
2026-03-17 11:46:35.329416,0.8985,73.2,0.1157
2026-03-17 11:46:36.360881,0.8985,73.21,0.166
2026-03-17 11:46:37.397104,0.8985,73.22,0.1376
2026-03-17 11:46:38.446786,0.8985,73.23,0.1357
2026-03-17 11:46:39.526733,0.8985,73.24,0.1222
2026-03-17 11:46:40.562641,0.8985,73.25,0.1513
2026-03-17 11:46:41.606079,0.8985,73.25,0.1181
2026-03-17 11:46:42.651033,0.8985,73.26,0.1258
2026-03-17 11:46:43.679143,0.8985,73.27,0.1059
2026-03-17 11:46:44.717199,0.8985,73.28,0.1315
2026-03-17 11:46:45.763554,0.8985,73.29,0.1484
2026-03-17 11:46:46.791725,0.8985,73.3,0.1168
2026-03-17 11:46:47.833441,0.8985,73.31,0.15460000000000002
2026-03-17 11:46:48.867900,0.8985,73.32,0.13840000000000002
2026-03-17 11:46:51.894521,0.8985,70.53,0.0918
2026-03-17 11:46:52.961246,0.8985,70.54,0.1603
2026-03-17 11:46:54.005570,0.8985,70.55,0.12
2026-03-17 11:46:55.045757,0.8985,70.56,0.122
2026-03-17 11:46:56.073456,0.8985,70.57,0.1457
2026-03-17 11:46:57.106911,0.8985,70.58,0.1299
2026-03-17 11:46:58.135750,0.8985,70.58,0.1519
2026-03-17 11:46:59.160285,0.8985,70.59,0.1267
2026-03-17 11:47:00.199045,0.8986,70.6,0.1252
2026-03-17 11:47:01.226549,0.8986,70.61,0.10389999999999999
2026-03-17 11:47:02.256322,0.8986,70.62,0.1503
2026-03-17 11:47:03.287790,0.8986,70.63,0.14780000000000001
2026-03-17 11:47:04.317667,0.8986,70.64,0.1057
2026-03-17 11:47:05.370954,0.8986,70.65,0.0989
2026-03-17 11:47:06.397202,0.8986,70.66,0.0984
2026-03-17 11:47:07.423729,0.8986,70.66,0.1284
2026-03-17 11:47:08.466075,0.8986,70.67,0.11969999999999999
2026-03-17 11:47:09.527579,0.8986,70.68,0.12840000000000001
2026-03-17 11:47:10.560797,0.8986,70.69,0.16019999999999998
2026-03-17 11:47:11.596063,0.8986,70.7,0.1475
2026-03-17 11:47:12.631320,0.8986,70.71,0.1272
2026-03-17 11:47:13.659499,0.8986,70.72,0.1563
2026-03-17 11:47:14.703044,0.8986,70.72,0.1386
2026-03-17 11:47:15.742030,0.8986,70.73,0.1217
2026-03-17 11:47:19.510637,0.8986,70.52,0.1089
2026-03-17 11:47:20.583073,0.8986,70.53,0.1355
2026-03-17 11:47:21.611992,0.8986,70.54,0.1107
2026-03-17 11:47:22.835665,0.8986,70.55,0.1607
2026-03-17 11:47:23.864938,0.8986,70.56,0.1124
2026-03-17 11:47:24.893758,0.8986,70.57,0.12480000000000001
2026-03-17 11:47:25.920604,0.8986,70.58,0.1203
2026-03-17 11:47:26.958386,0.8986,70.58,0.1068
2026-03-17 11:47:28.002937,0.8987,70.59,0.1131
2026-03-17 11:47:29.032614,0.8987,70.6,0.13119999999999998
2026-03-17 11:47:30.062423,0.8987,70.61,0.1104
2026-03-17 11:47:31.087878,0.8987,70.62,0.12619999999999998
2026-03-17 11:47:32.112202,0.8987,70.63,0.1618
2026-03-17 11:47:33.135350,0.8987,70.64,0.1635
2026-03-17 11:47:34.170010,0.8987,70.64,0.1401
2026-03-17 11:47:35.214019,0.8987,70.65,0.1221
2026-03-17 11:47:36.253935,0.8987,70.66,0.0898
2026-03-17 11:47:37.282503,0.8987,70.67,0.1267
2026-03-17 11:47:38.315743,0.8987,70.68,0.1172
2026-03-17 11:47:39.342954,0.8987,70.69,0.1539
2026-03-17 11:47:40.380856,0.8987,70.7,0.1546
2026-03-17 11:47:41.425479,0.8987,70.71,0.12090000000000001
2026-03-17 11:47:42.470903,0.8987,70.72,0.14930000000000002
2026-03-17 11:47:43.515611,0.8987,70.72,0.1086
2026-03-17 11:47:44.566504,0.8987,70.73,0.1217
2026-03-17 11:47:45.609902,0.8987,70.74,0.10880000000000001
2026-03-17 11:47:46.660071,0.8987,70.75,0.1446
2026-03-17 11:47:47.716231,0.8987,70.76,0.14300000000000002
2026-03-17 11:47:48.752434,0.8987,70.77,0.1545
2026-03-17 11:47:49.775539,0.8987,70.78,0.1298
2026-03-17 11:47:50.814983,0.8987,70.79,0.1119
2026-03-17 11:47:51.859885,0.8987,70.79,0.1253
2026-03-17 11:47:52.909957,0.8987,70.8,0.12190000000000001
2026-03-17 11:47:53.961243,0.8987,70.81,0.1367
2026-03-17 11:47:55.011732,0.8987,70.82,0.14750000000000002
2026-03-17 11:47:56.055697,0.8988,70.83,0.16369999999999998
2026-03-17 11:47:57.099963,0.8988,70.84,0.1076
2026-03-17 11:47:58.154370,0.8988,70.85,0.1404
2026-03-17 11:47:59.206210,0.8988,70.86,0.1221
2026-03-17 11:48:00.252264,0.8988,70.87,0.1411
2026-03-17 11:48:01.299812,0.8988,70.87,0.1056
2026-03-17 11:48:02.342764,0.8988,70.88,0.1237
2026-03-17 11:48:03.387626,0.8988,70.89,0.1433
2026-03-17 11:48:04.427385,0.8988,70.9,0.1094
2026-03-17 11:48:05.451862,0.8988,70.91,0.104
2026-03-17 11:48:06.496990,0.8988,70.92,0.1212
2026-03-17 11:48:07.525973,0.8988,70.93,0.1091
2026-03-17 11:48:08.573424,0.8988,70.94,0.12290000000000001
2026-03-17 11:48:09.609663,0.8988,70.95,0.1272
2026-03-17 11:48:10.651779,0.8988,70.95,0.125
2026-03-17 11:48:11.695673,0.8988,70.96,0.1206
2026-03-17 11:48:12.747383,0.8988,70.97,0.16899999999999998
2026-03-17 11:48:13.803263,0.8988,70.98,0.1499
2026-03-17 11:48:14.849897,0.8988,70.99,0.1181
2026-03-17 11:48:15.877901,0.8988,71.0,0.1101
2026-03-17 11:48:16.899673,0.8988,71.01,0.08929999999999999
2026-03-17 11:48:17.950687,0.8988,71.02,0.1264
2026-03-17 11:48:18.997984,0.8988,71.03,0.10819999999999999
2026-03-17 11:48:20.029245,0.8988,71.03,0.1408
2026-03-17 11:48:21.074524,0.8988,71.04,0.0992
2026-03-17 11:48:22.098779,0.8988,71.05,0.1527
2026-03-17 11:48:23.149667,0.8988,71.06,0.1693
2026-03-17 11:48:24.193655,0.8988,71.07,0.1628
2026-03-17 11:48:25.247717,0.8989,71.08,0.1109
2026-03-17 11:48:26.293697,0.8989,71.09,0.1272
2026-03-17 11:48:27.340606,0.8989,71.1,0.1176
2026-03-17 11:48:28.390748,0.8989,71.1,0.1069
2026-03-17 11:48:29.444872,0.8989,71.11,0.1336
2026-03-17 11:48:30.491389,0.8989,71.12,0.12279999999999999
2026-03-17 11:48:31.528967,0.8989,71.13,0.1083
2026-03-17 11:48:32.572392,0.8989,71.14,0.0906
2026-03-17 11:48:33.618616,0.8989,71.15,0.0944
2026-03-17 11:48:34.662727,0.8989,71.16,0.1305
2026-03-17 11:48:35.713085,0.8989,71.17,0.1442
2026-03-17 11:48:36.759905,0.8989,71.18,0.114
2026-03-17 11:48:37.806429,0.8989,71.19,0.13169999999999998
2026-03-17 11:48:38.857528,0.8989,71.19,0.1192
2026-03-17 11:48:39.920925,0.8989,71.2,0.13019999999999998
2026-03-17 11:48:40.966742,0.8989,71.21,0.168
2026-03-17 11:48:41.996196,0.8989,71.22,0.131
2026-03-17 11:48:43.025500,0.8989,71.23,0.1109
2026-03-17 11:48:44.071239,0.8989,71.24,0.13679999999999998
2026-03-17 11:48:45.106834,0.8989,71.25,0.1482
2026-03-17 11:48:46.153805,0.8989,71.26,0.1253
2026-03-17 11:48:47.201583,0.8989,71.26,0.1483
2026-03-17 11:48:48.262185,0.8989,71.27,0.1583
2026-03-17 11:48:49.323535,0.8989,71.28,0.11950000000000001
2026-03-17 11:48:50.422348,0.8989,71.29,0.1321
2026-03-17 11:48:51.468773,0.8989,71.3,0.1206
2026-03-17 11:48:52.519093,0.8989,71.31,0.1373
2026-03-17 11:48:53.565125,0.8989,71.32,0.1477
2026-03-17 11:48:54.614911,0.8989,71.33,0.1061
2026-03-17 11:48:55.662619,0.8989,71.34,0.1307
2026-03-17 11:48:56.706028,0.899,71.34,0.12610000000000002
2026-03-17 11:48:57.749934,0.899,71.35,0.1341
2026-03-17 11:48:58.799368,0.899,71.36,0.112
2026-03-17 11:48:59.851035,0.899,71.37,0.1272
2026-03-17 11:49:00.899781,0.899,71.38,0.0912
2026-03-17 11:49:01.948757,0.899,71.39,0.1551
2026-03-17 11:49:02.992627,0.899,71.4,0.1175
2026-03-17 11:49:04.038710,0.899,71.41,0.1365
2026-03-17 11:49:05.066755,0.899,71.42,0.1393
2026-03-17 11:49:06.117874,0.899,71.42,0.1533
2026-03-17 11:49:07.161734,0.899,71.43,0.1394
2026-03-17 11:49:08.204725,0.899,71.44,0.1409
2026-03-17 11:49:09.251551,0.899,71.45,0.1318
2026-03-17 11:49:10.297111,0.899,71.46,0.13369999999999999
2026-03-17 11:49:11.340434,0.899,71.47,0.1195
2026-03-17 11:49:12.367748,0.899,71.48,0.1511
2026-03-17 11:49:13.413693,0.899,71.49,0.0878
2026-03-17 11:49:14.448979,0.899,71.49,0.11
2026-03-17 11:49:15.492885,0.899,71.5,0.14650000000000002
2026-03-17 11:49:16.544597,0.899,71.51,0.1195
2026-03-17 11:49:17.585851,0.899,71.52,0.1205
2026-03-17 11:49:18.646419,0.899,71.53,0.1516
2026-03-17 11:49:19.695433,0.899,71.54,0.1649
2026-03-17 11:49:20.752685,0.899,71.55,0.124
2026-03-17 11:49:21.799078,0.899,71.56,0.1571
2026-03-17 11:49:22.845560,0.899,71.57,0.11510000000000001
2026-03-17 11:49:23.896207,0.899,71.57,0.1443
2026-03-17 11:49:24.951437,0.899,71.58,0.1608
2026-03-17 11:49:25.994890,0.899,71.59,0.1252
2026-03-17 11:49:27.044877,0.899,71.6,0.1469
2026-03-17 11:49:28.093037,0.899,71.61,0.1439
2026-03-17 11:49:29.135421,0.8991,71.62,0.1086
2026-03-17 11:49:30.168609,0.8991,71.63,0.1205
2026-03-17 11:49:31.215236,0.8991,71.64,0.15289999999999998
2026-03-17 11:49:32.269448,0.8991,71.64,0.1265
2026-03-17 11:49:33.312173,0.8991,71.65,0.1201
2026-03-17 11:49:34.360390,0.8991,71.66,0.1416
2026-03-17 11:49:35.433824,0.8991,71.67,0.1185
2026-03-17 11:49:36.480803,0.8991,71.68,0.10949999999999999
2026-03-17 11:49:37.526763,0.8991,71.69,0.1347
2026-03-17 11:49:38.580544,0.8991,71.7,0.127
2026-03-17 11:49:39.620428,0.8991,71.71,0.1412
2026-03-17 11:49:40.665505,0.8991,71.72,0.11499999999999999
2026-03-17 11:49:41.717684,0.8991,71.72,0.1173
2026-03-17 11:49:42.759664,0.8991,71.73,0.1176
2026-03-17 11:49:43.803654,0.8991,71.74,0.135
2026-03-17 11:49:44.851095,0.8991,71.75,0.1356
2026-03-17 11:49:45.899406,0.8991,71.76,0.1245
2026-03-17 11:49:46.948129,0.8991,71.77,0.1095
2026-03-17 11:49:47.997997,0.8991,71.78,0.13999999999999999
2026-03-17 11:49:49.049094,0.8991,71.79,0.1363
2026-03-17 11:49:50.109653,0.8991,71.8,0.1355
2026-03-17 11:49:51.168647,0.8991,71.8,0.1557
2026-03-17 11:49:52.211336,0.8991,71.81,0.1384
2026-03-17 11:49:53.252972,0.8991,71.82,0.1158
2026-03-17 11:49:54.300380,0.8991,71.83,0.1393
2026-03-17 11:49:55.346658,0.8991,71.84,0.1479
2026-03-17 11:49:56.394378,0.8991,71.85,0.0929
2026-03-17 11:49:57.441162,0.8991,71.86,0.10439999999999999
2026-03-17 11:49:58.488693,0.8991,71.87,0.1573
2026-03-17 11:49:59.534106,0.8991,71.88,0.1456
2026-03-17 11:50:00.581045,0.8991,71.88,0.14679999999999999
2026-03-17 11:50:01.626765,0.8991,71.89,0.1111
2026-03-17 11:50:02.677766,0.8991,71.9,0.0994
2026-03-17 11:50:03.722789,0.8992,71.91,0.10650000000000001
2026-03-17 11:50:04.767566,0.8992,71.92,0.1283
2026-03-17 11:50:05.792187,0.8992,71.93,0.1358
2026-03-17 11:50:06.846343,0.8992,71.94,0.0925
2026-03-17 11:50:07.903022,0.8992,71.95,0.1155
2026-03-17 11:50:08.949734,0.8992,71.96,0.11800000000000001
2026-03-17 11:50:10.000335,0.8992,71.96,0.1466
2026-03-17 11:50:11.038459,0.8992,71.97,0.1004
2026-03-17 11:50:12.089504,0.8992,71.98,0.1378
2026-03-17 11:50:13.134459,0.8992,71.99,0.1714
2026-03-17 11:50:14.181364,0.8992,72.0,0.1043
2026-03-17 11:50:15.223174,0.8992,72.01,0.13570000000000002
2026-03-17 11:50:16.265150,0.8992,72.02,0.1454
2026-03-17 11:50:17.312243,0.8992,72.03,0.15
2026-03-17 11:50:18.360094,0.8992,72.04,0.1128
2026-03-17 11:50:19.401789,0.8992,72.04,0.1295
2026-03-17 11:50:20.451792,0.8992,72.05,0.1391
2026-03-17 11:50:21.498444,0.8992,72.06,0.1379
2026-03-17 11:50:22.547265,0.8992,72.07,0.1224
2026-03-17 11:50:23.597648,0.8992,72.08,0.1125
2026-03-17 11:50:24.649653,0.8992,72.09,0.1171
2026-03-17 11:50:25.696848,0.8992,72.1,0.13470000000000001
2026-03-17 11:50:26.744064,0.8992,72.11,0.1577
2026-03-17 11:50:27.800763,0.8992,72.12,0.1098
2026-03-17 11:50:28.846204,0.8992,72.12,0.1274
2026-03-17 11:50:29.892432,0.8992,72.13,0.1023
2026-03-17 11:50:30.937476,0.8992,72.14,0.1134
2026-03-17 11:50:31.979863,0.8992,72.15,0.1215
2026-03-17 11:50:33.032404,0.8992,72.16,0.14379999999999998
2026-03-17 11:50:34.077007,0.8992,72.17,0.1422
2026-03-17 11:50:35.117626,0.8992,72.18,0.1212
2026-03-17 11:50:36.178233,0.8992,72.19,0.14679999999999999
2026-03-17 11:50:37.238007,0.8992,72.2,0.0868
2026-03-17 11:50:38.285679,0.8992,72.2,0.1114
2026-03-17 11:50:39.331843,0.8993,72.21,0.1106
2026-03-17 11:50:40.377470,0.8993,72.22,0.1188
2026-03-17 11:50:41.424912,0.8993,72.23,0.0951
2026-03-17 11:50:42.469718,0.8993,72.24,0.10779999999999999
2026-03-17 11:50:43.515599,0.8993,72.25,0.1266
2026-03-17 11:50:44.567616,0.8993,72.26,0.152
2026-03-17 11:50:45.624771,0.8993,72.27,0.1393
2026-03-17 11:50:46.682451,0.8993,72.28,0.14629999999999999
2026-03-17 11:50:47.728481,0.8993,72.29,0.12769999999999998
2026-03-17 11:50:48.776337,0.8993,72.29,0.1488
2026-03-17 11:50:49.809541,0.8993,72.3,0.0895
2026-03-17 11:50:50.832460,0.8993,72.31,0.0981
2026-03-17 11:50:51.878133,0.8993,72.32,0.1236
2026-03-17 11:50:52.923171,0.8993,72.33,0.1436
2026-03-17 11:50:53.972236,0.8993,72.34,0.0985
2026-03-17 11:50:55.019022,0.8993,72.35,0.1446
2026-03-17 11:50:56.069114,0.8993,72.36,0.1648
2026-03-17 11:50:57.124973,0.8993,72.37,0.12
2026-03-17 11:50:58.173079,0.8993,72.37,0.1232
2026-03-17 11:50:59.223875,0.8993,72.38,0.1466
2026-03-17 11:51:00.272342,0.8993,72.39,0.1097
2026-03-17 11:51:01.318261,0.8993,72.4,0.109
2026-03-17 11:51:02.367390,0.8993,72.41,0.1433
2026-03-17 11:51:03.402727,0.8993,72.42,0.1621
2026-03-17 11:51:04.447114,0.8993,72.43,0.1234
2026-03-17 11:51:05.475756,0.8993,72.44,0.0949
2026-03-17 11:51:06.522500,0.8993,72.44,0.1394
2026-03-17 11:51:07.563568,0.8993,72.45,0.1565
2026-03-17 11:51:08.612360,0.8993,72.46,0.1397
2026-03-17 11:51:09.652164,0.8993,72.47,0.1272
2026-03-17 11:51:10.698173,0.8993,72.48,0.1276
2026-03-17 11:51:11.749051,0.8993,72.49,0.1131
2026-03-17 11:51:12.796755,0.8993,72.5,0.1312
2026-03-17 11:51:13.843122,0.8993,72.51,0.17650000000000002
2026-03-17 11:51:14.891352,0.8993,72.52,0.10880000000000001
2026-03-17 11:51:15.940406,0.8993,72.52,0.11230000000000001
2026-03-17 11:51:16.988996,0.8993,72.53,0.1052
2026-03-17 11:51:18.033212,0.8994,72.54,0.1161
2026-03-17 11:51:19.083774,0.8994,72.55,0.1353
2026-03-17 11:51:20.124165,0.8994,72.56,0.1243
2026-03-17 11:51:21.156151,0.8994,72.57,0.14049999999999999
2026-03-17 11:51:22.211812,0.8994,72.58,0.0919
2026-03-17 11:51:23.279832,0.8994,72.59,0.1321
2026-03-17 11:51:24.336423,0.8994,72.6,0.11760000000000001
2026-03-17 11:51:25.383249,0.8994,72.61,0.0984
2026-03-17 11:51:26.429829,0.8994,72.61,0.13679999999999998
2026-03-17 11:51:27.474716,0.8994,72.62,0.1383
2026-03-17 11:51:28.522223,0.8994,72.63,0.1343
2026-03-17 11:51:29.569544,0.8994,72.64,0.1303
2026-03-17 11:51:30.622762,0.8994,72.65,0.1414
2026-03-17 11:51:31.669694,0.8994,72.66,0.1184
2026-03-17 11:51:32.717098,0.8994,72.67,0.1408
2026-03-17 11:51:33.765118,0.8994,72.68,0.10919999999999999
2026-03-17 11:51:34.814054,0.8994,72.69,0.104
2026-03-17 11:51:35.858964,0.8994,72.69,0.0912
2026-03-17 11:51:36.912677,0.8994,72.7,0.12079999999999999
2026-03-17 11:51:37.945893,0.8994,72.71,0.10769999999999999
2026-03-17 11:51:38.989342,0.8994,72.72,0.15
2026-03-17 11:51:40.015135,0.8994,72.73,0.1325
2026-03-17 11:51:41.066092,0.8994,72.74,0.1602
2026-03-17 11:51:42.119372,0.8994,72.75,0.12459999999999999
2026-03-17 11:51:43.156311,0.8994,72.76,0.1365
2026-03-17 11:51:44.198406,0.8994,72.76,0.1355
2026-03-17 11:51:45.265389,0.8994,72.77,0.1006
2026-03-17 11:51:46.323436,0.8994,72.78,0.1336
2026-03-17 11:51:47.366642,0.8994,72.79,0.1538
2026-03-17 11:51:48.435253,0.8994,72.8,0.1126
2026-03-17 11:51:49.487075,0.8994,72.81,0.0899
2026-03-17 11:51:50.533260,0.8994,72.82,0.1143
2026-03-17 11:51:51.577786,0.8994,72.83,0.12739999999999999
2026-03-17 11:51:52.618862,0.8994,72.84,0.1281
2026-03-17 11:51:53.663641,0.8994,72.85,0.0905
2026-03-17 11:51:54.691709,0.8994,72.86,0.11130000000000001
2026-03-17 11:51:55.739723,0.8994,72.86,0.1085
2026-03-17 11:51:56.788771,0.8994,72.87,0.1572
2026-03-17 11:51:57.849665,0.8994,72.88,0.0897
2026-03-17 11:51:58.895122,0.8994,72.89,0.103
2026-03-17 11:51:59.950968,0.8994,72.9,0.1009
2026-03-17 11:52:00.999172,0.8995,72.91,0.1008
2026-03-17 11:52:02.031419,0.8995,72.92,0.09380000000000001
2026-03-17 11:52:03.081175,0.8995,72.93,0.1167
2026-03-17 11:52:04.123181,0.8995,72.94,0.143
2026-03-17 11:52:05.179756,0.8995,72.95,0.0962
2026-03-17 11:52:06.245151,0.8995,72.96,0.113
2026-03-17 11:52:07.296959,0.8995,72.96,0.1372
2026-03-17 11:52:08.341576,0.8995,72.97,0.1261
2026-03-17 11:52:09.387036,0.8995,72.98,0.091
2026-03-17 11:52:10.430823,0.8995,72.99,0.1429
2026-03-17 11:52:11.477451,0.8995,73.0,0.1227
2026-03-17 11:52:12.521498,0.8995,73.01,0.13899999999999998
2026-03-17 11:52:13.567262,0.8995,73.02,0.12190000000000001
2026-03-17 11:52:14.605607,0.8995,73.03,0.1079
2026-03-17 11:52:15.651246,0.8995,73.04,0.1151
2026-03-17 11:52:16.697156,0.8995,73.04,0.121
2026-03-17 11:52:17.742133,0.8995,73.05,0.1106
2026-03-17 11:52:18.787746,0.8995,73.06,0.1172
2026-03-17 11:52:19.842272,0.8995,73.07,0.1142
2026-03-17 11:52:20.886576,0.8995,73.08,0.1434
2026-03-17 11:52:21.934672,0.8995,73.09,0.1436
2026-03-17 11:52:22.979731,0.8995,73.1,0.112
2026-03-17 11:52:24.037647,0.8995,73.11,0.1073
2026-03-17 11:52:25.092836,0.8995,73.12,0.1437
2026-03-17 11:52:26.138366,0.8995,73.12,0.1454
2026-03-17 11:52:27.193567,0.8995,73.13,0.10020000000000001
2026-03-17 11:52:28.257200,0.8995,73.14,0.11410000000000001
2026-03-17 11:52:29.305455,0.8995,73.15,0.12229999999999999
2026-03-17 11:52:30.351035,0.8995,73.16,0.1334
2026-03-17 11:52:31.380874,0.8995,73.17,0.1407
2026-03-17 11:52:32.426396,0.8995,73.18,0.12639999999999998
2026-03-17 11:52:33.472083,0.8995,73.19,0.1547
2026-03-17 11:52:34.524099,0.8995,73.2,0.114
2026-03-17 11:52:35.587000,0.8995,73.21,0.1103
2026-03-17 11:52:36.633799,0.8995,73.21,0.1374
2026-03-17 11:52:37.679416,0.8995,73.22,0.1475
2026-03-17 11:52:38.733380,0.8995,73.23,0.1558
2026-03-17 11:52:39.768429,0.8995,73.24,0.1363
2026-03-17 11:52:40.813761,0.8995,73.25,0.0986
2026-03-17 11:52:41.855834,0.8995,73.26,0.1455
2026-03-17 11:52:42.903382,0.8995,73.27,0.11259999999999999
2026-03-17 11:52:43.944697,0.8995,73.28,0.1099
2026-03-17 11:52:45.023700,0.8995,73.29,0.1184
2026-03-17 11:52:46.070715,0.8996,73.29,0.1026
2026-03-17 11:52:47.109457,0.8996,73.3,0.09709999999999999
2026-03-17 11:52:48.153312,0.8996,73.31,0.1292
2026-03-17 11:52:49.194251,0.8996,73.32,0.12340000000000001
2026-03-17 11:52:50.238846,0.8996,73.33,0.1368
2026-03-17 11:52:51.294772,0.8996,73.34,0.1313
2026-03-17 11:52:52.346139,0.8996,73.35,0.0968
2026-03-17 11:52:53.393615,0.8996,73.36,0.089
2026-03-17 11:52:54.437642,0.8996,73.37,0.1097
2026-03-17 11:52:55.487253,0.8996,73.38,0.133
2026-03-17 11:52:56.532949,0.8996,73.38,0.1066
2026-03-17 11:52:57.587792,0.8996,73.39,0.13940000000000002
2026-03-17 11:52:58.631839,0.8996,73.4,0.1029
2026-03-17 11:52:59.676943,0.8996,73.41,0.119
2026-03-17 11:53:00.724123,0.8996,73.42,0.118
2026-03-17 11:53:01.767916,0.8996,73.43,0.1227
2026-03-17 11:53:02.816642,0.8996,73.44,0.1348
2026-03-17 11:53:03.866748,0.8996,73.45,0.1357
2026-03-17 11:53:04.917723,0.8996,73.46,0.1088
2026-03-17 11:53:05.970148,0.8996,73.46,0.1617
2026-03-17 11:53:07.018617,0.8996,73.47,0.1272
2026-03-17 11:53:08.069381,0.8996,73.48,0.15489999999999998
2026-03-17 11:53:09.113909,0.8996,73.49,0.1296
2026-03-17 11:53:10.146445,0.8996,73.5,0.15309999999999999
2026-03-17 11:53:11.203327,0.8996,73.51,0.12240000000000001
2026-03-17 11:53:12.245217,0.8996,73.52,0.12040000000000001
2026-03-17 11:53:13.300720,0.8996,73.53,0.1256
2026-03-17 11:53:14.347672,0.8996,73.54,0.1357
2026-03-17 11:53:15.395478,0.8996,73.54,0.0964
2026-03-17 11:53:16.442347,0.8996,73.55,0.1182
2026-03-17 11:53:17.492026,0.8996,73.56,0.1199
2026-03-17 11:53:18.536727,0.8996,73.57,0.1182
2026-03-17 11:53:19.599425,0.8996,73.58,0.1281
2026-03-17 11:53:20.643014,0.8996,73.59,0.1101
2026-03-17 11:53:21.688667,0.8996,73.6,0.147
2026-03-17 11:53:22.737415,0.8996,73.61,0.1666
2026-03-17 11:53:23.782349,0.8996,73.62,0.1103
2026-03-17 11:53:24.817232,0.8996,73.62,0.1341
2026-03-17 11:53:25.872402,0.8996,73.63,0.1203
2026-03-17 11:53:26.922128,0.8996,73.64,0.1283
2026-03-17 11:53:27.972229,0.8996,73.65,0.1635
2026-03-17 11:53:29.024777,0.8996,73.66,0.0946
2026-03-17 11:53:30.068796,0.8996,73.67,0.134
2026-03-17 11:53:31.125240,0.8996,73.68,0.1374
2026-03-17 11:53:32.176219,0.8996,73.69,0.1103
2026-03-17 11:53:33.219481,0.8996,73.7,0.13779999999999998
2026-03-17 11:53:34.269379,0.8996,73.71,0.1047
2026-03-17 11:53:35.314084,0.8996,73.71,0.1186
2026-03-17 11:53:36.363878,0.8996,73.72,0.1216
2026-03-17 11:53:37.424442,0.8997,73.73,0.12459999999999999
2026-03-17 11:53:38.468595,0.8997,73.74,0.1707
2026-03-17 11:53:39.516425,0.8997,73.75,0.1244
2026-03-17 11:53:40.547001,0.8997,73.76,0.159
2026-03-17 11:53:41.594568,0.8997,73.77,0.10289999999999999
2026-03-17 11:53:42.642412,0.8997,73.78,0.093
2026-03-17 11:53:43.684834,0.8997,73.79,0.1389
2026-03-17 11:53:44.747680,0.8997,73.79,0.171
2026-03-17 11:53:45.780827,0.8997,73.8,0.1168
2026-03-17 11:53:47.142145,0.8997,73.81,0.143
2026-03-17 11:53:48.205401,0.8997,73.82,0.1158
2026-03-17 11:53:49.258577,0.8997,73.83,0.1079
2026-03-17 11:53:50.311334,0.8997,73.84,0.11460000000000001
2026-03-17 11:53:51.355726,0.8997,73.85,0.1164
2026-03-17 11:53:52.402682,0.8997,73.86,0.1333
2026-03-17 11:53:53.455161,0.8997,73.87,0.14800000000000002
2026-03-17 11:53:54.516943,0.8997,73.88,0.1061
2026-03-17 11:53:55.568845,0.8997,73.89,0.1043
2026-03-17 11:53:56.617897,0.8997,73.9,0.1016
2026-03-17 11:53:57.662749,0.8997,73.9,0.116
2026-03-17 11:53:58.713446,0.8997,73.91,0.1656
2026-03-17 11:53:59.758658,0.8997,73.92,0.1321
2026-03-17 11:54:00.811384,0.8997,73.93,0.1319
2026-03-17 11:54:01.863898,0.8997,73.94,0.1264
2026-03-17 11:54:02.910856,0.8997,73.95,0.1528
2026-03-17 11:54:03.953854,0.8997,73.96,0.1375
2026-03-17 11:54:05.012491,0.8997,73.97,0.1593
2026-03-17 11:54:06.070594,0.8997,73.97,0.1124
2026-03-17 11:54:07.117697,0.8997,73.98,0.121
2026-03-17 11:54:08.160782,0.8997,73.99,0.1299
2026-03-17 11:54:09.208250,0.8997,74.0,0.14100000000000001
2026-03-17 11:54:10.254852,0.8997,74.01,0.1005
2026-03-17 11:54:11.307427,0.8997,74.02,0.1611
2026-03-17 11:54:12.355149,0.8997,74.03,0.14400000000000002
2026-03-17 11:54:13.408781,0.8997,74.04,0.1558
2026-03-17 11:54:14.441253,0.8997,74.05,0.1138
2026-03-17 11:54:15.488122,0.8997,74.05,0.1111
2026-03-17 11:54:16.531449,0.8997,74.06,0.124
2026-03-17 11:54:17.578671,0.8997,74.07,0.1117
2026-03-17 11:54:18.627184,0.8997,74.08,0.1181
2026-03-17 11:54:19.670687,0.8997,74.09,0.1529
2026-03-17 11:54:20.749817,0.8997,74.1,0.0939
2026-03-17 11:54:21.798362,0.8997,74.11,0.1134
2026-03-17 11:54:22.845493,0.8997,74.12,0.09809999999999999
2026-03-17 11:54:23.898633,0.8997,74.13,0.1021
2026-03-17 11:54:24.945709,0.8997,74.14,0.1328
2026-03-17 11:54:25.987501,0.8997,74.14,0.1573
2026-03-17 11:54:27.036601,0.8997,74.15,0.0918
2026-03-17 11:54:28.082893,0.8997,74.16,0.1309
2026-03-17 11:54:29.129157,0.8997,74.17,0.1199
2026-03-17 11:54:30.151965,0.8997,74.18,0.0959
2026-03-17 11:54:31.208245,0.8997,74.19,0.10969999999999999
2026-03-17 11:54:32.248827,0.8997,74.2,0.1054
2026-03-17 11:54:33.296344,0.8997,74.21,0.14329999999999998
2026-03-17 11:54:34.339669,0.8997,74.22,0.139
2026-03-17 11:54:35.392968,0.8997,74.22,0.1314
2026-03-17 11:54:36.421452,0.8998,74.23,0.13
2026-03-17 11:54:37.479105,0.8998,74.24,0.0977
2026-03-17 11:54:38.524056,0.8998,74.25,0.1467
2026-03-17 11:54:39.568389,0.8998,74.26,0.15839999999999999
2026-03-17 11:54:40.610573,0.8998,74.27,0.1373
2026-03-17 11:54:41.666429,0.8998,74.28,0.1129
2026-03-17 11:54:42.717661,0.8998,74.29,0.11330000000000001
2026-03-17 11:54:43.759124,0.8998,74.3,0.118
2026-03-17 11:54:44.819131,0.8998,74.3,0.14889999999999998
2026-03-17 11:54:45.880016,0.8998,74.31,0.1239
2026-03-17 11:54:46.932675,0.8998,74.32,0.1403
2026-03-17 11:54:47.985824,0.8998,74.33,0.1638
2026-03-17 11:54:49.030883,0.8998,74.34,0.143
2026-03-17 11:54:50.082749,0.8998,74.35,0.1271
2026-03-17 11:54:51.122397,0.8998,74.36,0.11220000000000001
2026-03-17 11:54:52.176140,0.8998,74.37,0.1285
2026-03-17 11:54:53.228808,0.8998,74.38,0.11739999999999999
2026-03-17 11:54:54.276464,0.8998,74.39,0.09390000000000001
2026-03-17 11:54:55.333699,0.8998,74.39,0.11810000000000001
2026-03-17 11:54:56.379837,0.8998,74.4,0.1256
2026-03-17 11:54:57.433731,0.8998,74.41,0.1179
2026-03-17 11:54:58.482760,0.8998,74.42,0.14150000000000001
2026-03-17 11:54:59.531662,0.8998,74.43,0.1363
2026-03-17 11:55:00.586707,0.8998,74.44,0.1424
2026-03-17 11:55:01.639763,0.8998,74.45,0.1488
2026-03-17 11:55:02.668514,0.8998,74.46,0.1178
2026-03-17 11:55:03.714866,0.8998,74.46,0.1389
2026-03-17 11:55:04.758891,0.8998,74.47,0.1411
2026-03-17 11:55:05.840450,0.8998,74.48,0.15889999999999999
2026-03-17 11:55:06.881728,0.8998,74.49,0.1301
2026-03-17 11:55:07.926204,0.8998,74.5,0.1203
2026-03-17 11:55:08.972659,0.8998,74.51,0.1096
2026-03-17 11:55:10.021525,0.8998,74.52,0.1135
2026-03-17 11:55:11.070813,0.8998,74.53,0.1159
2026-03-17 11:55:12.119161,0.8998,74.54,0.0837
2026-03-17 11:55:13.168883,0.8998,74.55,0.1124
2026-03-17 11:55:14.201890,0.8998,74.55,0.1197
2026-03-17 11:55:15.248674,0.8998,74.56,0.10719999999999999
2026-03-17 11:55:16.303034,0.8998,74.57,0.1509
2026-03-17 11:55:17.351120,0.8998,74.58,0.1371
2026-03-17 11:55:18.406155,0.8998,74.59,0.1584
2026-03-17 11:55:19.453437,0.8998,74.6,0.146
2026-03-17 11:55:20.501416,0.8998,74.61,0.1511
2026-03-17 11:55:21.551506,0.8998,74.62,0.1207
2026-03-17 11:55:22.604524,0.8998,74.63,0.08650000000000001
2026-03-17 11:55:23.632766,0.8998,74.63,0.1691
2026-03-17 11:55:24.686881,0.8998,74.64,0.1001
2026-03-17 11:55:25.736781,0.8998,74.65,0.1359
2026-03-17 11:55:26.784175,0.8998,74.66,0.1239
2026-03-17 11:55:27.812744,0.8998,74.67,0.1609
2026-03-17 11:55:28.867954,0.8998,74.68,0.1353
2026-03-17 11:55:29.917645,0.8998,74.69,0.1112
2026-03-17 11:55:30.964173,0.8998,74.7,0.1455
2026-03-17 11:55:32.010445,0.8998,74.7,0.1071
2026-03-17 11:55:33.059498,0.8998,74.71,0.16920000000000002
2026-03-17 11:55:34.106378,0.8998,74.72,0.1123
2026-03-17 11:55:35.160833,0.8998,74.73,0.1535
2026-03-17 11:55:36.202466,0.8998,74.74,0.1186
2026-03-17 11:55:37.249050,0.8998,74.75,0.0948
2026-03-17 11:55:38.296929,0.8998,74.76,0.1264
2026-03-17 11:55:39.343078,0.8998,74.77,0.1342
2026-03-17 11:55:40.394864,0.8998,74.78,0.1217
2026-03-17 11:55:41.440198,0.8998,74.79,0.1004
2026-03-17 11:55:42.470846,0.8998,74.79,0.1612
2026-03-17 11:55:43.519986,0.8998,74.8,0.128
2026-03-17 11:55:44.579244,0.8998,74.81,0.1409
2026-03-17 11:55:45.624127,0.8998,74.82,0.1343
2026-03-17 11:55:46.669132,0.8998,74.83,0.1561
2026-03-17 11:55:47.714851,0.8998,74.84,0.11760000000000001
2026-03-17 11:55:48.768153,0.8998,74.85,0.1394
2026-03-17 11:55:49.806320,0.8999,74.85,0.1626
2026-03-17 11:55:50.841515,0.8999,74.86,0.1238
2026-03-17 11:55:51.869819,0.8999,74.87,0.1384
2026-03-17 11:55:52.924942,0.8999,74.88,0.1476
2026-03-17 11:55:53.971604,0.8999,74.89,0.1338
2026-03-17 11:55:55.020518,0.8999,74.9,0.10899999999999999
2026-03-17 11:55:56.068581,0.8999,74.91,0.1383
2026-03-17 11:55:57.118243,0.8999,74.92,0.1281
2026-03-17 11:55:58.146197,0.8999,74.93,0.1339
2026-03-17 11:55:59.177672,0.8999,74.93,0.1527
2026-03-17 11:56:00.222559,0.8999,74.94,0.11729999999999999
2026-03-17 11:56:01.272686,0.8999,74.95,0.11
2026-03-17 11:56:02.317484,0.8999,74.96,0.1247
2026-03-17 11:56:03.360074,0.8999,74.97,0.1573
2026-03-17 11:56:04.406731,0.8999,74.98,0.15089999999999998
2026-03-17 11:56:05.462648,0.8999,74.99,0.1303
2026-03-17 11:56:06.508344,0.8999,75.0,0.1078
2026-03-17 11:56:07.537274,0.8999,75.0,0.1152
2026-03-17 11:56:08.583849,0.8999,75.01,0.1231
2026-03-17 11:56:09.632127,0.8999,75.02,0.11710000000000001
2026-03-17 11:56:10.676811,0.8999,75.03,0.1401
2026-03-17 11:56:11.723448,0.8999,75.04,0.1549
2026-03-17 11:56:12.772061,0.8999,75.05,0.1125
2026-03-17 11:56:13.818035,0.8999,75.06,0.161
2026-03-17 11:56:14.864503,0.8999,75.07,0.1425
2026-03-17 11:56:15.909683,0.8999,75.08,0.1353
2026-03-17 11:56:16.958676,0.8999,75.08,0.1143
2026-03-17 11:56:18.004840,0.8999,75.09,0.1054
2026-03-17 11:56:19.052827,0.8999,75.1,0.1485
2026-03-17 11:56:20.099878,0.8999,75.11,0.1146
2026-03-17 11:56:21.145587,0.8999,75.12,0.1064
2026-03-17 11:56:22.195651,0.8999,75.13,0.1264
2026-03-17 11:56:23.243384,0.8999,75.14,0.1432
2026-03-17 11:56:24.289201,0.8999,75.15,0.1139
2026-03-17 11:56:25.335068,0.8999,75.16,0.1188
2026-03-17 11:56:26.374242,0.8999,75.16,0.1524
2026-03-17 11:56:27.426697,0.8999,75.17,0.16949999999999998
2026-03-17 11:56:28.480690,0.8999,75.18,0.1115
2026-03-17 11:56:29.523076,0.8999,75.19,0.142
2026-03-17 11:56:30.572926,0.8999,75.2,0.1656
2026-03-17 11:56:31.615656,0.8999,75.21,0.136
2026-03-17 11:56:32.666052,0.8999,75.22,0.1539
2026-03-17 11:56:33.722893,0.8999,75.23,0.1257
2026-03-17 11:56:34.769420,0.8999,75.23,0.142
2026-03-17 11:56:35.836089,0.8999,75.24,0.1634
2026-03-17 11:56:36.883859,0.8999,75.25,0.1193
2026-03-17 11:56:37.934503,0.8999,75.26,0.08990000000000001
2026-03-17 11:56:38.980814,0.8999,75.27,0.1388
2026-03-17 11:56:40.025722,0.8999,75.28,0.1583
2026-03-17 11:56:41.079361,0.8999,75.29,0.1419
2026-03-17 11:56:42.126509,0.8999,75.3,0.11829999999999999
2026-03-17 11:56:43.173419,0.8999,75.31,0.1369
2026-03-17 11:56:44.212921,0.8999,75.31,0.1012
2026-03-17 11:56:45.259709,0.8999,75.32,0.1456
2026-03-17 11:56:46.286832,0.8999,75.33,0.1079
2026-03-17 11:56:47.336915,0.8999,75.34,0.1204
2026-03-17 11:56:48.386980,0.8999,75.35,0.1187
2026-03-17 11:56:49.433522,0.8999,75.36,0.1095
2026-03-17 11:56:50.488850,0.8999,75.37,0.1148
2026-03-17 11:56:51.532795,0.8999,75.38,0.1467
2026-03-17 11:56:52.581912,0.8999,75.39,0.13090000000000002
2026-03-17 11:56:53.629651,0.8999,75.39,0.106
2026-03-17 11:56:54.674456,0.8999,75.4,0.1159
2026-03-17 11:56:55.726474,0.8999,75.41,0.1441
2026-03-17 11:56:56.783488,0.8999,75.42,0.1021
2026-03-17 11:56:57.836056,0.8999,75.43,0.0837
2026-03-17 11:56:58.881418,0.8999,75.44,0.11660000000000001
2026-03-17 11:56:59.929419,0.8999,75.45,0.1026
2026-03-17 11:57:00.974246,0.8999,75.46,0.0915
2026-03-17 11:57:02.020366,0.8999,75.47,0.1087
2026-03-17 11:57:03.068864,0.8999,75.48,0.1412
2026-03-17 11:57:04.117723,0.8999,75.49,0.1428
2026-03-17 11:57:05.196070,0.8999,75.49,0.1621
2026-03-17 11:57:06.288433,0.8999,75.5,0.109
2026-03-17 11:57:07.340843,0.8999,75.51,0.1472
2026-03-17 11:57:08.388082,0.8999,75.52,0.1241
2026-03-17 11:57:09.438339,0.8999,75.53,0.1418
2026-03-17 11:57:10.484009,0.8999,75.54,0.0937
2026-03-17 11:57:11.538590,0.8999,75.55,0.1005
2026-03-17 11:57:12.584454,0.8999,75.56,0.123
2026-03-17 11:57:13.633499,0.8999,75.57,0.1119
2026-03-17 11:57:14.678229,0.8999,75.58,0.11330000000000001
2026-03-17 11:57:15.726451,0.8999,75.58,0.159
2026-03-17 11:57:16.770682,0.8999,75.59,0.1545
2026-03-17 11:57:17.819945,0.8999,75.6,0.1057
2026-03-17 11:57:18.864730,0.8999,75.61,0.1406
2026-03-17 11:57:19.913842,0.8999,75.62,0.125
2026-03-17 11:57:20.973267,0.8999,75.63,0.12739999999999999
2026-03-17 11:57:22.016642,0.8999,75.64,0.1532
2026-03-17 11:57:23.061848,0.8999,75.65,0.12060000000000001
2026-03-17 11:57:24.106929,0.8999,75.65,0.1196
2026-03-17 11:57:25.169571,0.8999,75.66,0.1089
2026-03-17 11:57:26.217915,0.8999,75.67,0.1397
2026-03-17 11:57:27.264384,0.8999,75.68,0.0976
2026-03-17 11:57:28.321832,0.8999,75.69,0.1043
2026-03-17 11:57:29.376942,0.8999,75.7,0.1574
2026-03-17 11:57:30.422142,0.8999,75.71,0.12190000000000001
2026-03-17 11:57:31.471717,0.8999,75.72,0.122
2026-03-17 11:57:32.519353,0.8999,75.73,0.1603
2026-03-17 11:57:33.567758,0.8999,75.74,0.1449
2026-03-17 11:57:34.621603,0.8999,75.74,0.14450000000000002
2026-03-17 11:57:35.673429,0.8999,75.75,0.1028
2026-03-17 11:57:36.716347,0.9,75.76,0.13999999999999999
2026-03-17 11:57:37.757157,0.9,75.77,0.1479
2026-03-17 11:57:38.800472,0.9,75.78,0.146
2026-03-17 11:57:39.828912,0.9,75.79,0.14579999999999999
2026-03-17 11:57:40.897349,0.9,75.8,0.1477
2026-03-17 11:57:41.943853,0.9,75.81,0.1273
2026-03-17 11:57:42.987676,0.9,75.81,0.1613
2026-03-17 11:57:44.031355,0.9,75.82,0.1205
2026-03-17 11:57:45.077177,0.9,75.83,0.1565
2026-03-17 11:57:46.126182,0.9,75.84,0.1125
2026-03-17 11:57:47.176774,0.9,75.85,0.1382
2026-03-17 11:57:48.222221,0.9,75.86,0.1199
2026-03-17 11:57:49.267735,0.9,75.87,0.1533
2026-03-17 11:57:50.323478,0.9,75.88,0.12200000000000001
2026-03-17 11:57:51.368742,0.9,75.88,0.12459999999999999
2026-03-17 11:57:52.417948,0.9,75.89,0.106
2026-03-17 11:57:53.464186,0.9,75.9,0.0983
2026-03-17 11:57:54.511806,0.9,75.91,0.11
2026-03-17 11:57:55.560564,0.9,75.92,0.1437
2026-03-17 11:57:56.594454,0.9,75.93,0.11800000000000001
2026-03-17 11:57:57.642842,0.9,75.94,0.1262
2026-03-17 11:57:58.687574,0.9,75.95,0.1229
2026-03-17 11:57:59.733079,0.9,75.96,0.09709999999999999
2026-03-17 11:58:00.791219,0.9,75.97,0.0989
2026-03-17 11:58:01.843465,0.9,75.98,0.1281
2026-03-17 11:58:02.892371,0.9,75.98,0.1416
2026-03-17 11:58:03.936859,0.9,75.99,0.1325
2026-03-17 11:58:04.981116,0.9,76.0,0.101
2026-03-17 11:58:06.006921,0.9,76.01,0.1285
2026-03-17 11:58:07.054567,0.9,76.02,0.1138
2026-03-17 11:58:08.106589,0.9,76.03,0.1648
2026-03-17 11:58:09.156982,0.9,76.04,0.1669
2026-03-17 11:58:10.203153,0.9,76.05,0.1028
2026-03-17 11:58:11.247206,0.9,76.05,0.1075
2026-03-17 11:58:12.295852,0.9,76.06,0.1578
2026-03-17 11:58:13.340837,0.9,76.07,0.1242
2026-03-17 11:58:14.385789,0.9,76.08,0.1603
2026-03-17 11:58:15.433444,0.9,76.09,0.1393
2026-03-17 11:58:16.479016,0.9,76.1,0.1476
2026-03-17 11:58:17.524401,0.9,76.11,0.12079999999999999
2026-03-17 11:58:18.568742,0.9,76.12,0.11829999999999999
2026-03-17 11:58:19.624043,0.9,76.12,0.1579
2026-03-17 11:58:20.668645,0.9,76.13,0.0973
2026-03-17 11:58:21.696386,0.9,76.14,0.11549999999999999
2026-03-17 11:58:22.742774,0.9,76.15,0.1198
2026-03-17 11:58:23.772820,0.9,76.16,0.1236
2026-03-17 11:58:24.813440,0.9,76.17,0.1684
2026-03-17 11:58:25.871008,0.9,76.18,0.1386
2026-03-17 11:58:26.915776,0.9,76.19,0.1237
2026-03-17 11:58:27.960091,0.9,76.2,0.1277
2026-03-17 11:58:29.016038,0.9,76.2,0.1264
2026-03-17 11:58:30.070456,0.9,76.21,0.1596
2026-03-17 11:58:31.115918,0.9,76.22,0.10089999999999999
2026-03-17 11:58:32.158597,0.9,76.23,0.1286
2026-03-17 11:58:33.202678,0.9,76.24,0.1324
2026-03-17 11:58:34.253645,0.9,76.25,0.1197
2026-03-17 11:58:35.309794,0.9,76.26,0.0954
2026-03-17 11:58:36.372541,0.9,76.27,0.1441
2026-03-17 11:58:37.433173,0.9,76.28,0.1308
2026-03-17 11:58:38.482455,0.9,76.29,0.1131
2026-03-17 11:58:39.531423,0.9,76.29,0.1129
2026-03-17 11:58:40.579160,0.9,76.3,0.1246
2026-03-17 11:58:41.627009,0.9,76.31,0.111
2026-03-17 11:58:42.694828,0.9,76.32,0.1361
2026-03-17 11:58:43.743771,0.9,76.33,0.0954
2026-03-17 11:58:44.789341,0.9,76.34,0.1144
2026-03-17 11:58:45.838236,0.9,76.35,0.1136
2026-03-17 11:58:46.892880,0.9,76.36,0.1261
2026-03-17 11:58:47.944143,0.9,76.37,0.1535
2026-03-17 11:58:48.985620,0.9,76.38,0.1099
2026-03-17 11:58:50.030810,0.9,76.38,0.137
2026-03-17 11:58:51.068126,0.9,76.39,0.1276
2026-03-17 11:58:52.094757,0.9,76.4,0.1266
2026-03-17 11:58:53.152992,0.9,76.41,0.09519999999999999
2026-03-17 11:58:54.208138,0.9,76.42,0.1455
2026-03-17 11:58:55.256475,0.9,76.43,0.1381
2026-03-17 11:58:56.285415,0.9,76.44,0.1377
2026-03-17 11:58:57.333596,0.9,76.45,0.14250000000000002
2026-03-17 11:58:58.379039,0.9,76.45,0.1328
2026-03-17 11:58:59.424918,0.9,76.46,0.15739999999999998
2026-03-17 11:59:00.475279,0.9,76.47,0.1618
2026-03-17 11:59:01.528010,0.9,76.48,0.1316
2026-03-17 11:59:02.573052,0.9,76.49,0.0992
2026-03-17 11:59:03.622868,0.9,76.5,0.157
2026-03-17 11:59:04.674376,0.9,76.51,0.12860000000000002
2026-03-17 11:59:05.720504,0.9,76.52,0.1586
2026-03-17 11:59:06.743026,0.9,76.52,0.1275
2026-03-17 11:59:07.802271,0.9,76.53,0.1346
2026-03-17 11:59:08.853518,0.9,76.54,0.11180000000000001
2026-03-17 11:59:09.876642,0.9,76.55,0.1036
2026-03-17 11:59:10.920977,0.9,76.56,0.1459
2026-03-17 11:59:11.964701,0.9,76.57,0.1217
2026-03-17 11:59:13.021717,0.9,76.58,0.1016
2026-03-17 11:59:14.076189,0.9,76.59,0.1178
2026-03-17 11:59:15.116892,0.9,76.6,0.0989
2026-03-17 11:59:16.164678,0.9,76.61,0.087
2026-03-17 11:59:17.211848,0.9,76.62,0.1124
2026-03-17 11:59:18.259141,0.9,76.62,0.1347
2026-03-17 11:59:19.305090,0.9,76.63,0.1412
2026-03-17 11:59:20.357654,0.9,76.64,0.1115
2026-03-17 11:59:21.437193,0.9,76.65,0.12090000000000001
2026-03-17 11:59:22.480962,0.9,76.66,0.092
2026-03-17 11:59:23.529907,0.9,76.67,0.09759999999999999
2026-03-17 11:59:24.576943,0.9,76.68,0.1309
2026-03-17 11:59:25.634185,0.9,76.69,0.1363
2026-03-17 11:59:26.677694,0.9,76.7,0.1625
2026-03-17 11:59:27.725542,0.9,76.71,0.0922
2026-03-17 11:59:28.771405,0.9,76.71,0.10969999999999999
2026-03-17 11:59:29.826506,0.9,76.72,0.11270000000000001
2026-03-17 11:59:30.873148,0.9,76.73,0.1065
2026-03-17 11:59:31.924486,0.9,76.74,0.0882
2026-03-17 11:59:32.972268,0.9,76.75,0.1208
2026-03-17 11:59:34.017235,0.9,76.76,0.1647
2026-03-17 11:59:35.065903,0.9,76.77,0.1052
2026-03-17 11:59:36.124704,0.9,76.78,0.1567
2026-03-17 11:59:37.182534,0.9,76.79,0.1431
2026-03-17 11:59:38.226052,0.9,76.79,0.1241
2026-03-17 11:59:39.247833,0.9,76.8,0.1432
2026-03-17 11:59:40.292894,0.9,76.81,0.1001
2026-03-17 11:59:41.316612,0.9,76.82,0.1118
2026-03-17 11:59:42.370774,0.9,76.83,0.1196
2026-03-17 11:59:43.416531,0.9,76.84,0.1492
2026-03-17 11:59:44.470063,0.9,76.85,0.1411
2026-03-17 11:59:45.515239,0.9,76.86,0.10239999999999999
2026-03-17 11:59:46.564188,0.9,76.87,0.1512
2026-03-17 11:59:47.611807,0.9,76.87,0.1303
2026-03-17 11:59:48.656985,0.9,76.88,0.1132
2026-03-17 11:59:49.699386,0.9,76.89,0.153
2026-03-17 11:59:50.744438,0.9,76.9,0.15560000000000002
2026-03-17 11:59:51.793408,0.9,76.91,0.1315
2026-03-17 11:59:52.840335,0.9,76.92,0.1326
2026-03-17 11:59:53.892425,0.9,76.93,0.08979999999999999
2026-03-17 11:59:54.916437,0.9,76.94,0.1512
2026-03-17 11:59:55.974744,0.9,76.95,0.14409999999999998
2026-03-17 11:59:57.020429,0.9,76.95,0.1437
2026-03-17 11:59:58.067891,0.9,76.96,0.1501
2026-03-17 11:59:59.117465,0.9,76.97,0.094
2026-03-17 12:00:00.168998,0.9,76.98,0.1304
2026-03-17 12:00:01.211822,0.9,76.99,0.1436
2026-03-17 12:00:02.268815,0.9,77.0,0.11699999999999999
2026-03-17 12:00:03.314039,0.9,77.01,0.14350000000000002
2026-03-17 12:00:04.357647,0.9,77.02,0.1028
2026-03-17 12:00:05.404795,0.9,77.03,0.1198
2026-03-17 12:00:06.489437,0.9,77.03,0.1578
2026-03-17 12:00:07.542807,0.9,77.04,0.1515
2026-03-17 12:00:08.596633,0.9,77.05,0.1525
2026-03-17 12:00:09.641725,0.9,77.06,0.1485
2026-03-17 12:00:10.673156,0.9,77.07,0.1387
2026-03-17 12:00:11.725761,0.9,77.08,0.1241
2026-03-17 12:00:12.771611,0.9,77.09,0.14150000000000001
2026-03-17 12:00:13.806171,0.9,77.1,0.1266
2026-03-17 12:00:14.850437,0.9,77.1,0.0999
2026-03-17 12:00:15.904724,0.9,77.11,0.1273
2026-03-17 12:00:16.950637,0.9,77.12,0.1577
2026-03-17 12:00:17.992792,0.9,77.13,0.117
2026-03-17 12:00:19.041082,0.9,77.14,0.1052
2026-03-17 12:00:20.086922,0.9,77.15,0.1335
2026-03-17 12:00:21.163103,0.9,77.16,0.0955
2026-03-17 12:00:22.213694,0.9,77.17,0.1152
2026-03-17 12:00:23.263774,0.9,77.18,0.1499
2026-03-17 12:00:24.305448,0.9,77.18,0.11449999999999999
2026-03-17 12:00:25.362133,0.9,77.19,0.1124
2026-03-17 12:00:26.407719,0.9,77.2,0.1636
2026-03-17 12:00:27.462571,0.9,77.21,0.1079
2026-03-17 12:00:28.512721,0.9,77.22,0.1116
2026-03-17 12:00:29.562919,0.9,77.23,0.1239
2026-03-17 12:00:30.605538,0.9,77.24,0.1192
2026-03-17 12:00:31.648344,0.9,77.25,0.133
2026-03-17 12:00:32.695770,0.9,77.26,0.1613
2026-03-17 12:00:33.743035,0.9,77.27,0.12090000000000001
2026-03-17 12:00:34.795595,0.9,77.27,0.1275
2026-03-17 12:00:35.846319,0.9,77.28,0.1055
2026-03-17 12:00:36.900896,0.9,77.29,0.14
2026-03-17 12:00:37.954953,0.9,77.3,0.1529
2026-03-17 12:00:39.005001,0.9,77.31,0.1396
2026-03-17 12:00:40.061728,0.9,77.32,0.1263
2026-03-17 12:00:41.112886,0.9,77.33,0.1086
2026-03-17 12:00:42.160711,0.9,77.34,0.1138
2026-03-17 12:00:43.206013,0.9,77.35,0.1457
2026-03-17 12:00:44.252130,0.9,77.35,0.1344
2026-03-17 12:00:45.297547,0.9,77.36,0.137
2026-03-17 12:00:46.346075,0.9,77.37,0.1215
2026-03-17 12:00:47.394130,0.9,77.38,0.1622
2026-03-17 12:00:48.451745,0.9,77.39,0.11710000000000001
2026-03-17 12:00:49.514167,0.9,77.4,0.1347
2026-03-17 12:00:50.550655,0.9,77.41,0.1437
2026-03-17 12:00:51.618804,0.9,77.42,0.1451
2026-03-17 12:00:52.663586,0.9,77.42,0.1168
2026-03-17 12:00:53.713893,0.9,77.43,0.1345
2026-03-17 12:00:54.774990,0.9,77.44,0.0916
2026-03-17 12:00:55.831854,0.9,77.45,0.1276
2026-03-17 12:00:56.880840,0.9,77.46,0.13269999999999998
2026-03-17 12:00:57.929705,0.9,77.47,0.1514
2026-03-17 12:00:58.976109,0.9,77.48,0.1553
2026-03-17 12:01:00.023488,0.9,77.49,0.1187
2026-03-17 12:01:01.068974,0.9,77.5,0.1555
2026-03-17 12:01:02.114814,0.9,77.5,0.1121
2026-03-17 12:01:03.160929,0.9,77.51,0.10400000000000001
2026-03-17 12:01:04.211482,0.9,77.52,0.1674
2026-03-17 12:01:05.261192,0.9,77.53,0.09899999999999999
2026-03-17 12:01:06.291462,0.9,77.54,0.11520000000000001
2026-03-17 12:01:07.338883,0.9,77.55,0.1076
2026-03-17 12:01:08.394448,0.9,77.56,0.1053
2026-03-17 12:01:09.445773,0.9,77.57,0.1523
2026-03-17 12:01:10.491442,0.9,77.58,0.1133
2026-03-17 12:01:11.551420,0.9,77.59,0.1363
2026-03-17 12:01:12.609111,0.9,77.59,0.1009
2026-03-17 12:01:13.653600,0.9,77.6,0.1223
2026-03-17 12:01:14.696629,0.9,77.61,0.1213
2026-03-17 12:01:15.744554,0.9,77.62,0.1077
2026-03-17 12:01:16.795707,0.9,77.63,0.1101
2026-03-17 12:01:17.854361,0.9,77.64,0.1363
2026-03-17 12:01:18.909496,0.9,77.65,0.15339999999999998
2026-03-17 12:01:19.968951,0.9,77.66,0.1256
2026-03-17 12:01:20.995928,0.9,77.67,0.1059
2026-03-17 12:01:22.048454,0.9,77.68,0.13240000000000002
2026-03-17 12:01:23.102766,0.9,77.68,0.12840000000000001
2026-03-17 12:01:24.148127,0.9,77.69,0.1438
2026-03-17 12:01:25.194388,0.9,77.7,0.1021
2026-03-17 12:01:26.238503,0.9,77.71,0.12840000000000001
2026-03-17 12:01:27.282612,0.9,77.72,0.158
2026-03-17 12:01:28.328857,0.9,77.73,0.1089
2026-03-17 12:01:29.354758,0.9,77.74,0.1328
2026-03-17 12:01:30.400403,0.9,77.75,0.1366
2026-03-17 12:01:31.446641,0.9,77.75,0.1712
2026-03-17 12:01:32.498058,0.9,77.76,0.1064
2026-03-17 12:01:33.553040,0.9,77.77,0.11460000000000001
2026-03-17 12:01:34.608610,0.9,77.78,0.1288
2026-03-17 12:01:35.666474,0.9,77.79,0.1343
2026-03-17 12:01:36.702112,0.9,77.8,0.1151
2026-03-17 12:01:37.747277,0.9,77.81,0.0992
2026-03-17 12:01:38.793965,0.9,77.82,0.1454
2026-03-17 12:01:39.873778,0.9,77.83,0.1178
2026-03-17 12:01:40.923480,0.9,77.84,0.1437
2026-03-17 12:01:41.976827,0.9,77.84,0.1046
2026-03-17 12:01:43.028689,0.9,77.85,0.1081
2026-03-17 12:01:44.074118,0.9,77.86,0.097
2026-03-17 12:01:45.131782,0.9,77.87,0.1368
2026-03-17 12:01:46.177841,0.9,77.88,0.10339999999999999
2026-03-17 12:01:47.224351,0.9,77.89,0.1081
2026-03-17 12:01:48.269022,0.9,77.9,0.1354
2026-03-17 12:01:49.313249,0.9,77.91,0.1411
2026-03-17 12:01:50.359376,0.9,77.92,0.1219
2026-03-17 12:01:51.401373,0.9,77.93,0.14350000000000002
2026-03-17 12:01:52.448054,0.9,77.93,0.0954
2026-03-17 12:01:53.500491,0.9,77.94,0.15059999999999998
2026-03-17 12:01:54.557443,0.9,77.95,0.1188
2026-03-17 12:01:55.603232,0.9,77.96,0.1328
2026-03-17 12:01:56.649443,0.9,77.97,0.13419999999999999
2026-03-17 12:01:57.694154,0.9,77.98,0.115
2026-03-17 12:01:58.740845,0.9,77.99,0.1396
2026-03-17 12:01:59.786720,0.9,78.0,0.1444
2026-03-17 12:02:00.832495,0.9,78.01,0.11910000000000001
2026-03-17 12:02:01.878250,0.9,78.01,0.133
2026-03-17 12:02:02.909680,0.9,78.02,0.1268
2026-03-17 12:02:03.961131,0.9,78.03,0.1555
2026-03-17 12:02:05.020841,0.9,78.04,0.1091
2026-03-17 12:02:06.078251,0.9,78.05,0.12290000000000001
2026-03-17 12:02:07.127729,0.9,78.06,0.1103
2026-03-17 12:02:08.180057,0.9,78.07,0.1283
2026-03-17 12:02:09.228815,0.9,78.08,0.1162
2026-03-17 12:02:10.274619,0.9,78.09,0.1186
2026-03-17 12:02:11.325778,0.9,78.09,0.13920000000000002
2026-03-17 12:02:12.370975,0.9,78.1,0.1102
2026-03-17 12:02:13.419053,0.9,78.11,0.1263
2026-03-17 12:02:14.476555,0.9,78.12,0.15439999999999998
2026-03-17 12:02:15.530450,0.9,78.13,0.1174
2026-03-17 12:02:16.576426,0.9,78.14,0.1137
2026-03-17 12:02:17.613817,0.9,78.15,0.1617
2026-03-17 12:02:18.660440,0.9,78.16,0.15410000000000001
2026-03-17 12:02:19.711729,0.9,78.17,0.1197
2026-03-17 12:02:20.758861,0.9,78.17,0.1582
2026-03-17 12:02:21.785169,0.9,78.18,0.1052
2026-03-17 12:02:22.827763,0.9,78.19,0.1351
2026-03-17 12:02:23.876082,0.9,78.2,0.1475
2026-03-17 12:02:24.911471,0.9,78.21,0.105
2026-03-17 12:02:25.961080,0.8999,78.22,0.1409
2026-03-17 12:02:27.008614,0.8999,78.23,0.12029999999999999
2026-03-17 12:02:28.060260,0.8999,78.24,0.1291
2026-03-17 12:02:29.115517,0.8999,78.25,0.1154
2026-03-17 12:02:30.163327,0.8999,78.25,0.104
2026-03-17 12:02:31.207763,0.8999,78.26,0.1401
2026-03-17 12:02:32.254506,0.8999,78.27,0.14730000000000001
2026-03-17 12:02:33.297455,0.8999,78.28,0.13799999999999998
2026-03-17 12:02:34.340962,0.8999,78.29,0.1351
2026-03-17 12:02:35.393262,0.8999,78.3,0.1576
2026-03-17 12:02:36.421796,0.8999,78.31,0.0887
2026-03-17 12:02:37.470408,0.8999,78.32,0.1132
2026-03-17 12:02:38.514901,0.8999,78.33,0.1171
2026-03-17 12:02:39.559437,0.8999,78.33,0.1193
2026-03-17 12:02:40.608165,0.8999,78.34,0.1253
2026-03-17 12:02:41.650524,0.8999,78.35,0.11570000000000001
2026-03-17 12:02:42.679841,0.8999,78.36,0.1379
2026-03-17 12:02:43.725088,0.8999,78.37,0.16499999999999998
2026-03-17 12:02:44.770691,0.8999,78.38,0.1473
2026-03-17 12:02:45.826630,0.8999,78.39,0.13090000000000002
2026-03-17 12:02:46.885908,0.8999,78.4,0.12990000000000002
2026-03-17 12:02:47.936782,0.8999,78.4,0.0942
2026-03-17 12:02:48.989987,0.8999,78.41,0.1319
2026-03-17 12:02:50.037075,0.8999,78.42,0.1492
2026-03-17 12:02:51.088069,0.8999,78.43,0.14329999999999998
2026-03-17 12:02:52.128677,0.8999,78.44,0.12029999999999999
2026-03-17 12:02:53.182585,0.8999,78.45,0.14579999999999999
2026-03-17 12:02:54.238002,0.8999,78.46,0.1046
2026-03-17 12:02:55.284547,0.8999,78.47,0.13929999999999998
2026-03-17 12:02:56.313843,0.8999,78.48,0.1346
2026-03-17 12:02:57.350799,0.8999,78.48,0.1577
2026-03-17 12:02:58.405794,0.8999,78.49,0.156
2026-03-17 12:02:59.448383,0.8999,78.5,0.1133
2026-03-17 12:03:00.499551,0.8999,78.51,0.1194
2026-03-17 12:03:01.711902,0.8999,78.52,0.0916
2026-03-17 12:03:02.891045,0.8999,78.53,0.165
2026-03-17 12:03:03.937940,0.8999,78.54,0.1292
2026-03-17 12:03:04.983687,0.8999,78.55,0.11180000000000001
2026-03-17 12:03:06.030851,0.8999,78.56,0.092
2026-03-17 12:03:07.076790,0.8999,78.57,0.1286
2026-03-17 12:03:08.119766,0.8999,78.58,0.1138
2026-03-17 12:03:09.234710,0.8999,78.59,0.157
2026-03-17 12:03:10.297689,0.8999,78.59,0.1124
2026-03-17 12:03:11.343013,0.8999,78.6,0.1147
2026-03-17 12:03:12.392566,0.8999,78.61,0.1489
2026-03-17 12:03:13.445811,0.8999,78.62,0.1117
2026-03-17 12:03:14.498424,0.8999,78.63,0.0996
2026-03-17 12:03:15.547105,0.8999,78.64,0.1355
2026-03-17 12:03:16.606333,0.8999,78.65,0.14529999999999998
2026-03-17 12:03:17.662843,0.8999,78.66,0.16
2026-03-17 12:03:18.712383,0.8999,78.67,0.1278
2026-03-17 12:03:19.761611,0.8999,78.67,0.1416
2026-03-17 12:03:20.862728,0.8999,78.68,0.1374
2026-03-17 12:03:21.905917,0.8999,78.69,0.1308
2026-03-17 12:03:22.956388,0.8999,78.7,0.1165
2026-03-17 12:03:24.005272,0.8999,78.71,0.1181
2026-03-17 12:03:25.064452,0.8999,78.72,0.1
2026-03-17 12:03:26.109189,0.8999,78.73,0.1386
2026-03-17 12:03:27.151548,0.8999,78.74,0.11130000000000001
2026-03-17 12:03:28.201354,0.8999,78.75,0.1316
2026-03-17 12:03:29.247223,0.8999,78.76,0.1291
2026-03-17 12:03:30.284158,0.8999,78.76,0.1472
2026-03-17 12:03:31.330528,0.8999,78.77,0.096
2026-03-17 12:03:32.376421,0.8999,78.78,0.1586
2026-03-17 12:03:33.425433,0.8999,78.79,0.1258
2026-03-17 12:03:34.473141,0.8999,78.8,0.1694
2026-03-17 12:03:35.519500,0.8999,78.81,0.1215
2026-03-17 12:03:36.542866,0.8999,78.82,0.0896
2026-03-17 12:03:37.586691,0.8999,78.83,0.141
2026-03-17 12:03:38.618139,0.8999,78.83,0.1255
2026-03-17 12:03:39.689422,0.8999,78.84,0.1187
2026-03-17 12:03:40.748476,0.8999,78.85,0.1311
2026-03-17 12:03:41.815952,0.8999,78.86,0.1311
2026-03-17 12:03:42.861734,0.8999,78.87,0.1522
2026-03-17 12:03:43.917608,0.8999,78.88,0.096
2026-03-17 12:03:44.967189,0.8999,78.89,0.1345
2026-03-17 12:03:46.013467,0.8999,78.9,0.1137
2026-03-17 12:03:47.060968,0.8999,78.91,0.1486
2026-03-17 12:03:48.118455,0.8999,78.92,0.1149
2026-03-17 12:03:49.164439,0.8999,78.92,0.0988
2026-03-17 12:03:50.218422,0.8999,78.93,0.1171
2026-03-17 12:03:51.264392,0.8999,78.94,0.1355
2026-03-17 12:03:52.300539,0.8999,78.95,0.1163
2026-03-17 12:03:53.352139,0.8999,78.96,0.1469
2026-03-17 12:03:54.402039,0.8999,78.97,0.1391
2026-03-17 12:03:55.464582,0.8999,78.98,0.1371
2026-03-17 12:03:56.519795,0.8999,78.99,0.1037
2026-03-17 12:03:57.575214,0.8999,79.0,0.1493
2026-03-17 12:03:58.625165,0.8999,79.0,0.1606
2026-03-17 12:03:59.674815,0.8999,79.01,0.1378
2026-03-17 12:04:00.728599,0.8999,79.02,0.12440000000000001
2026-03-17 12:04:01.782436,0.8999,79.03,0.1108
2026-03-17 12:04:02.828895,0.8999,79.04,0.1509
2026-03-17 12:04:03.889478,0.8999,79.05,0.1179
2026-03-17 12:04:04.939770,0.8999,79.06,0.156
2026-03-17 12:04:05.981807,0.8999,79.07,0.1283
2026-03-17 12:04:07.017608,0.8999,79.08,0.1317
2026-03-17 12:04:08.055665,0.8999,79.08,0.1244
2026-03-17 12:04:09.107788,0.8999,79.09,0.1226
2026-03-17 12:04:10.184472,0.8999,79.1,0.0876
2026-03-17 12:04:11.237661,0.8999,79.11,0.1009
2026-03-17 12:04:12.289757,0.8998,79.12,0.12440000000000001
2026-03-17 12:04:13.338733,0.8998,79.13,0.1452
2026-03-17 12:04:14.385379,0.8998,79.14,0.1664
2026-03-17 12:04:15.436663,0.8998,79.15,0.1529
2026-03-17 12:04:16.483748,0.8998,79.16,0.1373
2026-03-17 12:04:17.525198,0.8998,79.16,0.1481
2026-03-17 12:04:18.572394,0.8998,79.17,0.1397
2026-03-17 12:04:19.630121,0.8998,79.18,0.12340000000000001
2026-03-17 12:04:20.679513,0.8998,79.19,0.14100000000000001
2026-03-17 12:04:21.711466,0.8998,79.2,0.1326
2026-03-17 12:04:22.821783,0.8998,79.21,0.15
2026-03-17 12:04:23.883242,0.8998,79.22,0.1116
2026-03-17 12:04:24.956161,0.8998,79.23,0.1178
2026-03-17 12:04:26.005728,0.8998,79.24,0.1207
2026-03-17 12:04:27.052687,0.8998,79.24,0.1653
2026-03-17 12:04:28.098545,0.8998,79.25,0.0963
2026-03-17 12:04:29.156461,0.8998,79.26,0.1371
2026-03-17 12:04:30.189534,0.8998,79.27,0.1493
2026-03-17 12:04:31.239216,0.8998,79.28,0.1538
2026-03-17 12:04:32.273919,0.8998,79.29,0.0942
2026-03-17 12:04:33.326563,0.8998,79.3,0.1091
2026-03-17 12:04:34.366260,0.8998,79.31,0.1291
2026-03-17 12:04:35.416892,0.8998,79.32,0.1491
2026-03-17 12:04:36.466470,0.8998,79.32,0.10969999999999999
2026-03-17 12:04:37.514276,0.8998,79.33,0.1197
2026-03-17 12:04:38.573915,0.8998,79.34,0.1263
2026-03-17 12:04:39.625038,0.8998,79.35,0.1265
2026-03-17 12:04:40.672447,0.8998,79.36,0.1021
2026-03-17 12:04:41.730877,0.8998,79.37,0.1466
2026-03-17 12:04:42.776070,0.8998,79.38,0.1631
2026-03-17 12:04:43.820614,0.8998,79.39,0.1589
2026-03-17 12:04:44.863780,0.8998,79.4,0.11839999999999999
2026-03-17 12:04:45.905633,0.8998,79.4,0.1311
2026-03-17 12:04:46.957838,0.8998,79.41,0.127
2026-03-17 12:04:47.990201,0.8998,79.42,0.1454
2026-03-17 12:04:49.025615,0.8998,79.43,0.1646
2026-03-17 12:04:50.058055,0.8998,79.44,0.1242
2026-03-17 12:04:51.102769,0.8998,79.45,0.11
2026-03-17 12:04:52.157637,0.8998,79.46,0.1123
2026-03-17 12:04:53.204050,0.8998,79.47,0.1166
2026-03-17 12:04:54.253679,0.8998,79.47,0.1455
2026-03-17 12:04:55.297867,0.8998,79.48,0.1563
2026-03-17 12:04:56.337336,0.8998,79.49,0.1324
2026-03-17 12:04:57.385591,0.8998,79.5,0.13590000000000002
2026-03-17 12:04:58.421393,0.8998,79.51,0.1042
2026-03-17 12:04:59.475016,0.8998,79.52,0.0945
2026-03-17 12:05:00.502677,0.8998,79.53,0.13920000000000002
2026-03-17 12:05:01.552677,0.8998,79.54,0.1485
2026-03-17 12:05:02.623215,0.8998,79.55,0.1433
2026-03-17 12:05:03.667407,0.8998,79.55,0.1512
2026-03-17 12:05:04.723245,0.8998,79.56,0.1588
2026-03-17 12:05:05.820879,0.8998,79.57,0.1311
2026-03-17 12:05:06.880155,0.8998,79.58,0.15360000000000001
2026-03-17 12:05:16.064504,0.8998,70.5,0.14300000000000002
2026-03-17 12:05:17.124169,0.8998,70.51,0.0965
2026-03-17 12:05:18.162099,0.8998,70.52,0.1502
2026-03-17 12:05:19.206914,0.8998,70.53,0.1234
2026-03-17 12:05:20.345188,0.8998,70.54,0.1089
2026-03-17 12:05:21.407672,0.8998,70.55,0.1223
2026-03-17 12:05:22.456095,0.8998,70.55,0.1202
2026-03-17 12:05:23.514027,0.8998,70.56,0.1136
2026-03-17 12:05:24.590482,0.8998,70.57,0.1413
2026-03-17 12:05:25.762469,0.8997,70.58,0.1035
2026-03-17 12:05:26.821442,0.8997,70.59,0.1408
2026-03-17 12:05:27.874540,0.8997,70.6,0.1495
2026-03-17 12:05:28.931813,0.8997,70.61,0.0911
2026-03-17 12:05:29.985963,0.8997,70.62,0.13849999999999998
2026-03-17 12:05:31.061421,0.8997,70.63,0.1528
2026-03-17 12:05:32.289718,0.8997,70.64,0.1437
2026-03-17 12:05:33.331887,0.8997,70.65,0.0932
2026-03-17 12:05:34.405102,0.8997,70.66,0.1113
2026-03-17 12:05:35.475341,0.8997,70.66,0.1305
2026-03-17 12:05:36.526470,0.8997,70.67,0.1484
2026-03-17 12:05:37.591003,0.8997,70.68,0.1076
2026-03-17 12:05:38.646521,0.8997,70.69,0.13
2026-03-17 12:05:39.910348,0.8997,70.7,0.1075
2026-03-17 12:05:40.969730,0.8997,70.71,0.1196
2026-03-17 12:05:42.019276,0.8997,70.72,0.0949
2026-03-17 12:05:43.069862,0.8997,70.73,0.1463
2026-03-17 12:05:44.118628,0.8997,70.74,0.1424
2026-03-17 12:05:45.162435,0.8997,70.75,0.1372
2026-03-17 12:05:46.218585,0.8997,70.76,0.1147
2026-03-17 12:05:47.270135,0.8997,70.77,0.09620000000000001
2026-03-17 12:05:48.316181,0.8997,70.77,0.158
2026-03-17 12:05:49.360850,0.8997,70.78,0.1151
2026-03-17 12:05:50.420154,0.8997,70.79,0.1363
2026-03-17 12:05:51.468866,0.8997,70.8,0.1545
2026-03-17 12:05:52.518172,0.8997,70.81,0.11610000000000001
2026-03-17 12:05:53.565910,0.8997,70.82,0.1286
2026-03-17 12:05:54.617252,0.8997,70.83,0.1047
2026-03-17 12:05:55.679842,0.8997,70.84,0.1469
2026-03-17 12:05:56.726989,0.8997,70.85,0.10099999999999999
2026-03-17 12:05:57.769855,0.8997,70.85,0.11510000000000001
2026-03-17 12:05:58.834432,0.8997,70.86,0.145
2026-03-17 12:05:59.874677,0.8997,70.87,0.1477
2026-03-17 12:06:00.923624,0.8997,70.88,0.1122
2026-03-17 12:06:01.974499,0.8997,70.89,0.1359
2026-03-17 12:06:03.025001,0.8997,70.9,0.106
2026-03-17 12:06:04.072746,0.8997,70.91,0.1242
2026-03-17 12:06:05.123752,0.8997,70.92,0.15259999999999999
2026-03-17 12:06:06.173432,0.8997,70.93,0.1447
2026-03-17 12:06:07.223621,0.8997,70.93,0.15710000000000002
2026-03-17 12:06:08.270508,0.8997,70.94,0.1449
2026-03-17 12:06:09.317174,0.8997,70.95,0.1446
2026-03-17 12:06:10.373496,0.8997,70.96,0.1377
2026-03-17 12:06:11.430810,0.8997,70.97,0.1297
2026-03-17 12:06:12.486230,0.8997,70.98,0.1169
2026-03-17 12:06:13.552967,0.8997,70.99,0.144
2026-03-17 12:06:14.598257,0.8997,71.0,0.1443
2026-03-17 12:06:15.647431,0.8997,71.01,0.1128
2026-03-17 12:06:16.694882,0.8997,71.01,0.10679999999999999
2026-03-17 12:06:17.740249,0.8997,71.02,0.1286
2026-03-17 12:06:18.791623,0.8997,71.03,0.13470000000000001
2026-03-17 12:06:19.839607,0.8997,71.04,0.119
2026-03-17 12:06:20.886060,0.8997,71.05,0.1027
2026-03-17 12:06:21.940692,0.8997,71.06,0.1486
2026-03-17 12:06:22.984685,0.8997,71.07,0.12
2026-03-17 12:06:24.028869,0.8996,71.08,0.147
2026-03-17 12:06:25.075415,0.8996,71.09,0.12739999999999999
2026-03-17 12:06:26.124067,0.8996,71.09,0.112
2026-03-17 12:06:27.169206,0.8996,71.1,0.095
2026-03-17 12:06:28.208549,0.8996,71.11,0.1436
2026-03-17 12:06:29.253428,0.8996,71.12,0.1486
2026-03-17 12:06:30.298276,0.8996,71.13,0.1019
2026-03-17 12:06:31.342169,0.8996,71.14,0.1382
2026-03-17 12:06:32.386418,0.8996,71.15,0.11879999999999999
2026-03-17 12:06:33.431804,0.8996,71.16,0.1354
2026-03-17 12:06:34.472453,0.8996,71.17,0.1455
2026-03-17 12:06:35.519037,0.8996,71.17,0.1253
2026-03-17 12:06:36.560148,0.8996,71.18,0.1295
2026-03-17 12:06:37.604841,0.8996,71.19,0.1534
2026-03-17 12:06:38.651877,0.8996,71.2,0.1075
2026-03-17 12:06:39.703437,0.8996,71.21,0.1292
2026-03-17 12:06:40.749122,0.8996,71.22,0.119
2026-03-17 12:06:41.807608,0.8996,71.23,0.047
2026-03-17 12:06:42.860450,0.8996,71.24,0.0485
2026-03-17 12:06:43.905050,0.8996,71.25,0.059800000000000006
2026-03-17 12:06:44.949620,0.8996,71.26,0.0688
2026-03-17 12:06:45.992929,0.8996,71.27,0.0623
2026-03-17 12:06:47.036737,0.8996,71.28,0.0642
2026-03-17 12:06:48.077223,0.8996,71.29,0.06609999999999999
2026-03-17 12:06:49.101885,0.8996,71.3,0.060399999999999995
2026-03-17 12:06:50.144741,0.8996,71.31,0.051199999999999996
2026-03-17 12:06:51.166400,0.8996,71.31,0.0534
2026-03-17 12:06:52.217423,0.8996,71.32,0.0532
2026-03-17 12:06:53.262682,0.8996,71.33,0.0695
2026-03-17 12:06:54.311750,0.8996,71.34,0.0495
2026-03-17 12:06:55.354844,0.8996,71.35,0.0659
2026-03-17 12:06:56.400105,0.8996,71.36,0.060200000000000004
2026-03-17 12:06:57.457778,0.8996,71.37,0.0385
2026-03-17 12:06:58.508532,0.8996,71.38,0.052000000000000005
2026-03-17 12:06:59.561111,0.8996,71.39,0.0464
2026-03-17 12:07:00.609580,0.8996,71.4,0.0609
2026-03-17 12:07:01.650427,0.8996,71.41,0.0466
2026-03-17 12:07:02.700070,0.8996,71.42,0.0488
2026-03-17 12:07:03.746949,0.8996,71.43,0.067
2026-03-17 12:07:04.802773,0.8996,71.44,0.06470000000000001
2026-03-17 12:07:05.856492,0.8996,71.45,0.0569
2026-03-17 12:07:06.900849,0.8996,71.46,0.0589
2026-03-17 12:07:07.954344,0.8996,71.47,0.048799999999999996
2026-03-17 12:07:09.001840,0.8996,71.48,0.041800000000000004
2026-03-17 12:07:10.056756,0.8996,71.49,0.0385
2026-03-17 12:07:11.103716,0.8996,71.5,0.0596
2026-03-17 12:07:12.146702,0.8996,71.51,0.0548
2026-03-17 12:07:13.188501,0.8996,71.52,0.060700000000000004
2026-03-17 12:07:14.265440,0.8996,71.53,0.07200000000000001
2026-03-17 12:07:15.322466,0.8995,71.54,0.0586
2026-03-17 12:07:16.352998,0.8995,71.55,0.0753
2026-03-17 12:07:17.402233,0.8995,71.56,0.0451
2026-03-17 12:07:18.447221,0.8995,71.57,0.055
2026-03-17 12:07:19.493367,0.8995,71.58,0.057300000000000004
2026-03-17 12:07:20.541759,0.8995,71.59,0.059
2026-03-17 12:07:21.587088,0.8995,71.6,0.0673
2026-03-17 12:07:22.631408,0.8995,71.61,0.0437
2026-03-17 12:07:23.676577,0.8995,71.62,0.0458
2026-03-17 12:07:24.719947,0.8995,71.63,0.0809
2026-03-17 12:07:25.762832,0.8995,71.64,0.0689
2026-03-17 12:07:26.806739,0.8995,71.65,0.0557
2026-03-17 12:07:27.851536,0.8995,71.65,0.061900000000000004
2026-03-17 12:07:28.881913,0.8995,71.66,0.05
2026-03-17 12:07:29.920853,0.8995,71.67,0.0475
2026-03-17 12:07:30.965724,0.8995,71.68,0.045200000000000004
2026-03-17 12:07:32.011745,0.8995,71.69,0.043300000000000005
2026-03-17 12:07:33.064796,0.8995,71.7,0.0755
2026-03-17 12:07:34.112522,0.8995,71.71,0.0671
2026-03-17 12:07:35.159266,0.8995,71.72,0.0703
2026-03-17 12:07:36.220762,0.8995,71.73,0.0711
2026-03-17 12:07:37.269621,0.8995,71.74,0.0758
2026-03-17 12:07:38.313904,0.8995,71.75,0.06
2026-03-17 12:07:39.357014,0.8995,71.76,0.068
2026-03-17 12:07:40.406654,0.8995,71.77,0.062200000000000005
2026-03-17 12:07:41.454250,0.8995,71.78,0.0462
2026-03-17 12:07:42.499366,0.8995,71.79,0.0403
2026-03-17 12:07:43.551366,0.8995,71.8,0.054099999999999995
2026-03-17 12:07:44.595937,0.8995,71.81,0.050600000000000006
2026-03-17 12:07:45.655102,0.8995,71.82,0.0703
2026-03-17 12:07:46.699842,0.8995,71.83,0.0633
2026-03-17 12:07:47.742843,0.8995,71.84,0.0453
2026-03-17 12:07:48.776915,0.8995,71.85,0.0558
2026-03-17 12:07:49.809122,0.8995,71.86,0.043
2026-03-17 12:07:50.852205,0.8995,71.87,0.060200000000000004
2026-03-17 12:07:51.889611,0.8995,71.88,0.0487
2026-03-17 12:07:52.936144,0.8995,71.89,0.043
2026-03-17 12:07:53.986034,0.8995,71.9,0.06860000000000001
2026-03-17 12:07:55.031456,0.8995,71.91,0.064
2026-03-17 12:07:56.078925,0.8995,71.92,0.0701
2026-03-17 12:07:57.127807,0.8995,71.93,0.055
2026-03-17 12:07:58.173207,0.8995,71.94,0.0664
2026-03-17 12:07:59.206447,0.8995,71.94,0.0605
2026-03-17 12:08:00.260734,0.8995,71.95,0.0509
2026-03-17 12:08:01.305492,0.8994,71.96,0.0531
2026-03-17 12:08:02.337392,0.8994,71.97,0.0541
2026-03-17 12:08:03.385428,0.8994,71.98,0.057800000000000004
2026-03-17 12:08:04.431170,0.8994,71.99,0.049600000000000005
2026-03-17 12:08:05.480581,0.8994,72.0,0.058800000000000005
2026-03-17 12:08:06.527477,0.8994,72.01,0.0746
2026-03-17 12:08:07.572455,0.8994,72.02,0.058800000000000005
2026-03-17 12:08:08.623889,0.8994,72.03,0.0586
2026-03-17 12:08:09.671488,0.8994,72.04,0.060200000000000004
2026-03-17 12:08:10.713482,0.8994,72.05,0.0716
2026-03-17 12:08:11.749095,0.8994,72.06,0.063
2026-03-17 12:08:12.816516,0.8994,72.07,0.0704
2026-03-17 12:08:13.875460,0.8994,72.08,0.0711
2026-03-17 12:08:14.930018,0.8994,72.09,0.0669
2026-03-17 12:08:15.974111,0.8994,72.1,0.037500000000000006
2026-03-17 12:08:17.014811,0.8994,72.11,0.0523
2026-03-17 12:08:18.058058,0.8994,72.12,0.0523
2026-03-17 12:08:19.098506,0.8994,72.13,0.0454
2026-03-17 12:08:20.136613,0.8994,72.14,0.0578
2026-03-17 12:08:21.160145,0.8994,72.15,0.06420000000000001
2026-03-17 12:08:22.207078,0.8994,72.16,0.069
2026-03-17 12:08:23.251269,0.8994,72.17,0.0576
2026-03-17 12:08:24.304169,0.8994,72.18,0.0586
2026-03-17 12:08:25.349476,0.8994,72.19,0.046200000000000005
2026-03-17 12:08:26.395755,0.8994,72.2,0.07250000000000001
2026-03-17 12:08:27.450725,0.8994,72.21,0.0513
2026-03-17 12:08:28.510587,0.8994,72.22,0.0628
2026-03-17 12:08:29.557344,0.8994,72.23,0.0508
2026-03-17 12:08:30.603509,0.8994,72.24,0.0465
2026-03-17 12:08:31.657025,0.8994,72.25,0.0412
2026-03-17 12:08:32.713017,0.8994,72.25,0.0574
2026-03-17 12:08:33.755620,0.8994,72.26,0.0752
2026-03-17 12:08:34.813579,0.8994,72.27,0.0647
2026-03-17 12:08:35.854650,0.8994,72.28,0.0492
2026-03-17 12:08:36.908188,0.8994,72.29,0.066
2026-03-17 12:08:37.963774,0.8994,72.3,0.0599
2026-03-17 12:08:39.010142,0.8994,72.31,0.0558
2026-03-17 12:08:40.066519,0.8994,72.32,0.060300000000000006
2026-03-17 12:08:41.121745,0.8994,72.33,0.0708
2026-03-17 12:08:42.202208,0.8994,72.34,0.0565
2026-03-17 12:08:43.253775,0.8993,72.35,0.0566
2026-03-17 12:08:44.305448,0.8993,72.36,0.071
2026-03-17 12:08:45.350661,0.8993,72.37,0.0637
2026-03-17 12:08:46.408810,0.8993,72.38,0.0691
2026-03-17 12:08:47.457813,0.8993,72.39,0.0501
2026-03-17 12:08:48.505468,0.8993,72.4,0.06609999999999999
2026-03-17 12:08:49.554778,0.8993,72.41,0.071
2026-03-17 12:08:50.611050,0.8993,72.42,0.0634
2026-03-17 12:08:51.656710,0.8993,72.43,0.0504
2026-03-17 12:08:52.702408,0.8993,72.44,0.0562
2026-03-17 12:08:53.748446,0.8993,72.45,0.0564
2026-03-17 12:08:54.794800,0.8993,72.46,0.064
2026-03-17 12:08:55.843756,0.8993,72.47,0.0649
2026-03-17 12:08:56.899512,0.8993,72.48,0.047
2026-03-17 12:08:57.938439,0.8993,72.49,0.0545
2026-03-17 12:08:58.963476,0.8993,72.5,0.0528
2026-03-17 12:09:00.008974,0.8993,72.51,0.0458
2026-03-17 12:09:01.055591,0.8993,72.52,0.039900000000000005
2026-03-17 12:09:02.102145,0.8993,72.53,0.0465
2026-03-17 12:09:03.147988,0.8993,72.54,0.0649
2026-03-17 12:09:04.193614,0.8993,72.55,0.0699
2026-03-17 12:09:05.239420,0.8993,72.56,0.0728
2026-03-17 12:09:06.284930,0.8993,72.56,0.0585
2026-03-17 12:09:07.331623,0.8993,72.57,0.0429
2026-03-17 12:09:08.376415,0.8993,72.58,0.0577
2026-03-17 12:09:09.429865,0.8993,72.59,0.0553
2026-03-17 12:09:10.477812,0.8993,72.6,0.0665
2026-03-17 12:09:11.531952,0.8993,72.61,0.0524
2026-03-17 12:09:12.591695,0.8993,72.62,0.073
2026-03-17 12:09:13.635619,0.8993,72.63,0.077
2026-03-17 12:09:14.680498,0.8993,72.64,0.0631
2026-03-17 12:09:15.732756,0.8993,72.65,0.0548
2026-03-17 12:09:16.785615,0.8993,72.66,0.046700000000000005
2026-03-17 12:09:17.828336,0.8993,72.67,0.0645
2026-03-17 12:09:18.879405,0.8993,72.68,0.0613
2026-03-17 12:09:19.927876,0.8993,72.69,0.053
2026-03-17 12:09:20.971042,0.8993,72.7,0.053599999999999995
2026-03-17 12:09:22.018695,0.8992,72.71,0.048799999999999996
2026-03-17 12:09:23.064482,0.8992,72.72,0.0533
2026-03-17 12:09:24.110225,0.8992,72.73,0.04
2026-03-17 12:09:25.161786,0.8992,72.74,0.06770000000000001
2026-03-17 12:09:26.204865,0.8992,72.75,0.0733
2026-03-17 12:09:27.252599,0.8992,72.76,0.07669999999999999
2026-03-17 12:09:28.296630,0.8992,72.77,0.0595
2026-03-17 12:09:29.320822,0.8992,72.78,0.055400000000000005
2026-03-17 12:09:30.365364,0.8992,72.79,0.0529
2026-03-17 12:09:31.393924,0.8992,72.8,0.0487
2026-03-17 12:09:32.439553,0.8992,72.81,0.0504
2026-03-17 12:09:33.484396,0.8992,72.82,0.0659
2026-03-17 12:09:34.533850,0.8992,72.83,0.0526
2026-03-17 12:09:35.578418,0.8992,72.84,0.0734
2026-03-17 12:09:36.624785,0.8992,72.85,0.0596
2026-03-17 12:09:37.666387,0.8992,72.85,0.0704
2026-03-17 12:09:38.721743,0.8992,72.86,0.0668
2026-03-17 12:09:39.767746,0.8992,72.87,0.063
2026-03-17 12:09:40.822155,0.8992,72.88,0.0653
2026-03-17 12:09:41.867622,0.8992,72.89,0.0655
2026-03-17 12:09:42.913490,0.8992,72.9,0.0546
2026-03-17 12:09:43.985896,0.8992,72.91,0.0667
2026-03-17 12:09:45.034739,0.8992,72.92,0.0461
2026-03-17 12:09:46.082725,0.8992,72.93,0.042300000000000004
2026-03-17 12:09:47.140745,0.8992,72.94,0.0509
2026-03-17 12:09:48.187242,0.8992,72.95,0.071
2026-03-17 12:09:49.230599,0.8992,72.96,0.0538
2026-03-17 12:09:50.277478,0.8992,72.97,0.0392
2026-03-17 12:09:51.328790,0.8992,72.98,0.0505
2026-03-17 12:09:52.379820,0.8992,72.99,0.0514
2026-03-17 12:09:53.424739,0.8992,73.0,0.061
2026-03-17 12:09:54.470652,0.8992,73.01,0.0448
2026-03-17 12:09:55.516211,0.8992,73.02,0.0711
2026-03-17 12:09:56.562420,0.8992,73.03,0.0596
2026-03-17 12:09:57.609119,0.8992,73.04,0.0397
2026-03-17 12:09:58.657061,0.8991,73.05,0.0561
2026-03-17 12:09:59.701924,0.8991,73.06,0.0541
2026-03-17 12:10:00.747868,0.8991,73.07,0.0561
2026-03-17 12:10:01.791655,0.8991,73.08,0.050100000000000006
2026-03-17 12:10:02.839246,0.8991,73.09,0.0514
2026-03-17 12:10:03.889110,0.8991,73.1,0.0403
2026-03-17 12:10:04.936223,0.8991,73.11,0.0614
2026-03-17 12:10:05.980455,0.8991,73.12,0.0511
2026-03-17 12:10:07.023642,0.8991,73.13,0.0447
2026-03-17 12:10:08.058376,0.8991,73.14,0.0514
2026-03-17 12:10:09.100381,0.8991,73.15,0.0525
2026-03-17 12:10:10.132824,0.8991,73.16,0.064
2026-03-17 12:10:11.179862,0.8991,73.17,0.0766
2026-03-17 12:10:12.233887,0.8991,73.18,0.06659999999999999
2026-03-17 12:10:13.294210,0.8991,73.18,0.0714
2026-03-17 12:10:14.380396,0.8991,73.19,0.0791
2026-03-17 12:10:15.432737,0.8991,73.2,0.062
2026-03-17 12:10:16.471601,0.8991,73.21,0.0461
2026-03-17 12:10:17.525895,0.8991,73.22,0.0727
2026-03-17 12:10:18.579371,0.8991,73.23,0.0479
2026-03-17 12:10:19.623606,0.8991,73.24,0.0344
2026-03-17 12:10:20.671593,0.8991,73.25,0.0611
2026-03-17 12:10:21.719176,0.8991,73.26,0.045599999999999995
2026-03-17 12:10:22.766089,0.8991,73.27,0.046
2026-03-17 12:10:23.812500,0.8991,73.28,0.0543
2026-03-17 12:10:24.864661,0.8991,73.29,0.057300000000000004
2026-03-17 12:10:25.913744,0.8991,73.3,0.0369
2026-03-17 12:10:26.961228,0.8991,73.31,0.0478
2026-03-17 12:10:28.006181,0.8991,73.32,0.0635
2026-03-17 12:10:29.096679,0.8991,73.33,0.06670000000000001
2026-03-17 12:10:30.146243,0.8991,73.34,0.0492
2026-03-17 12:10:31.191625,0.8991,73.35,0.062
2026-03-17 12:10:32.237333,0.899,73.36,0.052199999999999996
2026-03-17 12:10:33.281751,0.899,73.37,0.0736
2026-03-17 12:10:34.328171,0.899,73.38,0.0547
2026-03-17 12:10:35.378126,0.899,73.39,0.057300000000000004
2026-03-17 12:10:36.408659,0.899,73.4,0.0673
2026-03-17 12:10:37.450894,0.899,73.41,0.0672
2026-03-17 12:10:38.510138,0.899,73.42,0.0674
2026-03-17 12:10:39.561419,0.899,73.43,0.059300000000000005
2026-03-17 12:10:40.613554,0.899,73.44,0.046400000000000004
2026-03-17 12:10:41.655462,0.899,73.45,0.0659
2026-03-17 12:10:42.681980,0.899,73.46,0.0595
2026-03-17 12:10:43.737783,0.899,73.47,0.059199999999999996
2026-03-17 12:10:44.783831,0.899,73.48,0.0688
2026-03-17 12:10:45.849613,0.899,73.49,0.06989999999999999
2026-03-17 12:10:46.897870,0.899,73.5,0.0529
2026-03-17 12:10:47.928550,0.899,73.51,0.0571
2026-03-17 12:10:48.978395,0.899,73.52,0.0467
2026-03-17 12:10:50.042089,0.899,73.52,0.0684
2026-03-17 12:10:51.144823,0.899,73.54,0.0488
2026-03-17 12:10:52.182022,0.899,73.54,0.054
2026-03-17 12:10:53.236731,0.899,73.55,0.061200000000000004
2026-03-17 12:10:54.283217,0.899,73.56,0.0349
2026-03-17 12:10:55.345382,0.899,73.57,0.058499999999999996
2026-03-17 12:10:56.378899,0.899,73.58,0.0743
2026-03-17 12:10:57.415216,0.899,73.59,0.0678
2026-03-17 14:15:13.782410,0.7478,70.32,0.2619
2026-03-17 14:15:14.849850,0.7478,70.33,0.2637
2026-03-17 14:15:15.930229,0.7478,70.33,0.27249999999999996
2026-03-17 14:15:16.997521,0.7477,70.34,0.2923
2026-03-17 14:15:18.074813,0.7477,70.34,0.2692
2026-03-17 14:15:19.134532,0.7476,70.35,0.2387
2026-03-17 14:15:20.192299,0.7476,70.35,0.2587
2026-03-17 14:15:21.231506,0.7476,70.36,0.24080000000000001
2026-03-17 14:15:22.295265,0.7475,70.37,0.2417
2026-03-17 14:15:23.371022,0.7475,70.37,0.2556
2026-03-17 14:15:24.423514,0.7474,70.38,0.2677
2026-03-17 14:15:25.745709,0.7474,70.38,0.3585
2026-03-17 14:15:26.797837,0.7474,70.39,0.0669
2026-03-17 14:15:27.868611,0.7473,70.4,0.0764
2026-03-17 14:15:28.940242,0.7473,70.41,0.0665
2026-03-17 14:15:30.000549,0.7472,70.42,0.0566
2026-03-17 14:15:31.058545,0.7472,70.42,0.0639
2026-03-17 14:15:32.117024,0.7472,70.43,0.0473
2026-03-17 14:15:33.185800,0.7471,70.44,0.0751
2026-03-17 14:15:34.222197,0.7471,70.45,0.056400000000000006
2026-03-17 14:15:35.279426,0.747,70.46,0.0592
2026-03-17 14:15:36.341670,0.747,70.46,0.0763
2026-03-17 14:15:37.410426,0.747,70.47,0.0652
2026-03-17 14:15:38.521048,0.7469,70.48,0.0791
2026-03-17 14:15:39.581134,0.7469,70.49,0.0728
2026-03-17 14:15:40.654605,0.7469,70.49,0.0626
2026-03-17 14:15:41.713097,0.7468,70.5,0.0743
2026-03-17 14:15:42.782276,0.7468,70.51,0.0635
2026-03-17 14:15:43.840594,0.7468,70.52,0.051000000000000004
2026-03-17 14:15:44.898073,0.7467,70.53,0.0394
2026-03-17 14:15:45.955107,0.7467,70.54,0.0547
2026-03-17 14:15:47.027430,0.7466,70.54,0.066
2026-03-17 14:15:48.100308,0.7466,70.55,0.0534
2026-03-17 14:15:49.157373,0.7465,70.56,0.0651
2026-03-17 14:15:50.228329,0.7465,70.57,0.0744
2026-03-17 14:15:51.294444,0.7465,70.58,0.0738
2026-03-17 14:15:52.361572,0.7464,70.58,0.06319999999999999
2026-03-17 14:15:53.460902,0.7464,70.59,0.053500000000000006
2026-03-17 14:15:54.503405,0.7464,70.6,0.0703
2026-03-17 14:15:55.550157,0.7463,70.61,0.07569999999999999
2026-03-17 14:15:56.609506,0.7463,70.61,0.06520000000000001
2026-03-17 14:15:57.661547,0.7462,70.62,0.0598
2026-03-17 14:15:58.724569,0.7462,70.63,0.0546
2026-03-17 14:15:59.785402,0.7462,70.64,0.0764
2026-03-17 14:16:00.856944,0.7461,70.65,0.049
2026-03-17 14:16:01.903532,0.7461,70.65,0.0645
2026-03-17 14:16:02.956754,0.7461,70.66,0.0466
2026-03-17 14:16:04.019844,0.746,70.67,0.07289999999999999
2026-03-17 14:16:05.064083,0.746,70.68,0.0527
2026-03-17 14:16:06.143506,0.7459,70.69,0.0503
2026-03-17 14:16:07.205172,0.7459,70.69,0.0803
2026-03-17 14:16:08.263679,0.7458,70.7,0.06720000000000001
2026-03-17 14:16:09.294234,0.7458,70.71,0.0673
2026-03-17 14:16:10.328818,0.7458,70.72,0.058300000000000005
2026-03-17 14:16:11.360729,0.7457,70.73,0.065
2026-03-17 14:16:12.403447,0.7457,70.73,0.0519
2026-03-17 14:16:13.433234,0.7457,70.74,0.0468
2026-03-17 14:16:14.472228,0.7456,70.75,0.0436
2026-03-17 14:16:15.504894,0.7456,70.76,0.0604
2026-03-17 14:16:16.542912,0.7455,70.77,0.0688
2026-03-17 14:16:17.593349,0.7455,70.77,0.0696
2026-03-17 14:16:18.671946,0.7455,70.78,0.0458
2026-03-17 14:16:19.728357,0.7454,70.79,0.077
2026-03-17 14:16:20.783376,0.7454,70.8,0.0494
2026-03-17 14:16:21.842654,0.7454,70.81,0.0532
2026-03-17 14:16:22.899631,0.7453,70.81,0.044
2026-03-17 14:16:23.946294,0.7453,70.82,0.0473
2026-03-17 14:16:25.008668,0.7452,70.83,0.0537
2026-03-17 14:16:26.092288,0.7452,70.84,0.07
2026-03-17 14:16:27.145205,0.7451,70.85,0.06520000000000001
2026-03-17 14:16:28.194768,0.7451,70.85,0.054900000000000004
2026-03-17 14:16:29.250837,0.7451,70.86,0.041800000000000004
2026-03-17 14:16:30.297439,0.745,70.87,0.0797
2026-03-17 14:16:31.342480,0.745,70.88,0.0669
2026-03-17 14:16:32.398429,0.745,70.88,0.0725
2026-03-17 14:16:33.446082,0.7449,70.89,0.0478
2026-03-17 14:16:34.497545,0.7449,70.9,0.0605
2026-03-17 14:16:35.548312,0.7449,70.91,0.055400000000000005
2026-03-17 14:16:36.600665,0.7448,70.92,0.0638
2026-03-17 14:16:37.645194,0.7448,70.92,0.0663
2026-03-17 14:16:38.690539,0.7447,70.93,0.0669
2026-03-17 14:16:39.738760,0.7447,70.94,0.040900000000000006
2026-03-17 14:16:40.783560,0.7447,70.95,0.060899999999999996
2026-03-17 14:16:41.885497,0.7446,70.96,0.06559999999999999
2026-03-17 14:16:42.932171,0.7446,70.96,0.039900000000000005
2026-03-17 14:16:43.979248,0.7446,70.97,0.0627
2026-03-17 14:16:45.038718,0.7445,70.98,0.0676
2026-03-17 14:16:46.091662,0.7444,70.99,0.062
2026-03-17 14:16:47.136928,0.7444,71.0,0.0623
2026-03-17 14:16:48.191748,0.7444,71.0,0.0741
2026-03-17 14:16:49.242302,0.7443,71.01,0.054599999999999996
2026-03-17 14:16:50.289630,0.7443,71.02,0.0451
2026-03-17 14:16:51.335585,0.7443,71.03,0.0771
2026-03-17 14:16:52.378234,0.7442,71.04,0.07
2026-03-17 14:16:53.425738,0.7442,71.04,0.0727
2026-03-17 14:16:54.472807,0.7442,71.05,0.043
2026-03-17 14:16:55.520501,0.7441,71.06,0.045700000000000005
2026-03-17 14:16:56.565165,0.7441,71.07,0.0567
2026-03-17 14:16:57.612527,0.744,71.07,0.0545
2026-03-17 14:16:58.658949,0.744,71.08,0.0649
2026-03-17 14:16:59.708905,0.744,71.09,0.0456
2026-03-17 14:17:00.769698,0.7439,71.1,0.060899999999999996
2026-03-17 14:17:01.829082,0.7439,71.11,0.0661
2026-03-17 14:17:02.879360,0.7439,71.11,0.0603
2026-03-17 14:17:03.923263,0.7438,71.12,0.0643
2026-03-17 14:17:04.970800,0.7438,71.13,0.056100000000000004
2026-03-17 14:17:06.024867,0.7437,71.14,0.07189999999999999
2026-03-17 14:17:07.071460,0.7437,71.15,0.041800000000000004
2026-03-17 14:17:08.116778,0.7436,71.15,0.0794
2026-03-17 14:17:09.175161,0.7436,71.16,0.054900000000000004
2026-03-17 14:17:10.217836,0.7436,71.17,0.038900000000000004
2026-03-17 14:17:11.261688,0.7435,71.18,0.0509
2026-03-17 14:17:12.311720,0.7435,71.19,0.0572
2026-03-17 14:17:13.357119,0.7435,71.19,0.0462
2026-03-17 14:17:14.404323,0.7434,71.2,0.064
2026-03-17 14:17:15.458878,0.7434,71.21,0.0547
2026-03-17 14:17:16.504245,0.7433,71.22,0.0572
2026-03-17 14:17:17.558690,0.7433,71.23,0.0457
2026-03-17 14:17:18.603770,0.7433,71.23,0.0433
2026-03-17 14:17:19.651337,0.7432,71.24,0.0471
2026-03-17 14:17:20.711566,0.7432,71.25,0.0458
2026-03-17 14:17:21.758416,0.7432,71.26,0.0633
2026-03-17 14:17:22.809120,0.7431,71.27,0.0511
2026-03-17 14:17:23.859044,0.7431,71.27,0.0448
2026-03-17 14:17:24.912032,0.743,71.28,0.047700000000000006
2026-03-17 14:17:25.958935,0.743,71.29,0.044899999999999995
2026-03-17 14:17:27.004577,0.7429,71.3,0.0475
2026-03-17 14:17:28.050026,0.7429,71.31,0.048299999999999996
2026-03-17 14:17:29.092476,0.7429,71.31,0.0579
2026-03-17 14:17:30.141185,0.7428,71.32,0.0456
2026-03-17 14:17:31.188359,0.7428,71.33,0.046
2026-03-17 14:17:32.235289,0.7428,71.34,0.0395
2026-03-17 14:17:33.286469,0.7427,71.35,0.043800000000000006
2026-03-17 14:17:34.343171,0.7427,71.35,0.0596
2026-03-17 14:17:35.394559,0.7426,71.36,0.0513
2026-03-17 14:17:36.441313,0.7426,71.37,0.0761
2026-03-17 14:17:37.486126,0.7426,71.38,0.0441
2026-03-17 14:17:38.535109,0.7425,71.39,0.0437
2026-03-17 14:17:39.586474,0.7425,71.39,0.071
2026-03-17 14:17:40.630525,0.7425,71.4,0.0595
2026-03-17 14:17:41.678766,0.7424,71.41,0.0495
2026-03-17 14:17:42.738307,0.7424,71.42,0.0617
2026-03-17 14:17:43.784438,0.7423,71.42,0.0438
2026-03-17 14:17:44.830559,0.7423,71.43,0.0476
2026-03-17 14:17:45.884342,0.7423,71.44,0.0639
2026-03-17 14:17:46.940645,0.7422,71.45,0.0523
2026-03-17 14:17:47.990366,0.7422,71.46,0.0757
2026-03-17 14:17:49.037901,0.7421,71.46,0.05
2026-03-17 14:17:50.090370,0.7421,71.47,0.0636
2026-03-17 14:17:51.143275,0.742,71.48,0.0571
2026-03-17 14:17:52.202363,0.742,71.49,0.05450000000000001
2026-03-17 14:17:53.246673,0.742,71.5,0.0619
2026-03-17 14:17:54.291920,0.7419,71.5,0.0637
2026-03-17 14:17:55.340446,0.7419,71.51,0.0643
2026-03-17 14:17:56.389718,0.7419,71.52,0.067
2026-03-17 14:17:57.447976,0.7418,71.53,0.0662
2026-03-17 14:17:58.508212,0.7418,71.54,0.0432
2026-03-17 14:17:59.555178,0.7418,71.54,0.0649
2026-03-17 14:18:00.602125,0.7417,71.55,0.0403
2026-03-17 14:18:01.649750,0.7417,71.56,0.04819999999999999
2026-03-17 14:18:02.710272,0.7416,71.57,0.0599
2026-03-17 14:18:03.759140,0.7416,71.58,0.0595
2026-03-17 14:18:04.808151,0.7416,71.58,0.0492
2026-03-17 14:18:05.853637,0.7415,71.59,0.0529
2026-03-17 14:18:06.896147,0.7415,71.6,0.0684
2026-03-17 14:18:07.946676,0.7415,71.61,0.0638
2026-03-17 14:18:08.994458,0.7414,71.61,0.0607
2026-03-17 14:18:10.037031,0.7413,71.62,0.0598
2026-03-17 14:18:11.082864,0.7413,71.63,0.0637
2026-03-17 14:18:12.127292,0.7413,71.64,0.0783
2026-03-17 14:18:13.173317,0.7412,71.65,0.059
2026-03-17 14:18:14.217346,0.7412,71.65,0.0659
2026-03-17 14:18:15.263712,0.7412,71.66,0.0633
2026-03-17 14:18:16.322807,0.7411,71.67,0.0632
2026-03-17 14:18:17.369260,0.7411,71.68,0.0364
2026-03-17 14:18:18.415773,0.741,71.68,0.058
2026-03-17 14:18:19.464757,0.741,71.69,0.0764
2026-03-17 14:18:20.508745,0.741,71.7,0.07300000000000001
2026-03-17 14:18:21.559801,0.7409,71.71,0.059
2026-03-17 14:18:22.603490,0.7409,71.72,0.0648
2026-03-17 14:18:23.649490,0.7409,71.72,0.0508
2026-03-17 14:18:24.694499,0.7408,71.73,0.0678
2026-03-17 14:18:25.739412,0.7408,71.74,0.047299999999999995
2026-03-17 14:18:26.781287,0.7407,71.75,0.0466
2026-03-17 14:18:27.833193,0.7407,71.76,0.0591
2026-03-17 14:18:28.869156,0.7407,71.76,0.0638
2026-03-17 14:18:29.916406,0.7406,71.77,0.08
2026-03-17 14:18:30.960739,0.7406,71.78,0.0609
2026-03-17 14:18:32.007338,0.7405,71.79,0.0429
2026-03-17 14:18:33.056480,0.7405,71.79,0.0591
2026-03-17 14:18:34.106105,0.7405,71.8,0.0422
2026-03-17 14:18:35.150557,0.7404,71.81,0.051199999999999996
2026-03-17 14:18:36.197421,0.7404,71.82,0.05600000000000001
2026-03-17 14:18:37.247898,0.7403,71.83,0.0495
2026-03-17 14:18:38.291778,0.7403,71.83,0.0525
2026-03-17 14:18:39.335985,0.7403,71.84,0.0742
2026-03-17 14:18:40.383782,0.7402,71.85,0.062200000000000005
2026-03-17 14:18:41.432355,0.7402,71.86,0.0518
2026-03-17 14:18:42.477506,0.7402,71.87,0.060899999999999996
2026-03-17 14:18:43.526125,0.7401,71.87,0.0351
2026-03-17 14:18:44.581074,0.7401,71.88,0.069
2026-03-17 14:18:45.630713,0.74,71.89,0.038400000000000004
2026-03-17 14:18:46.682354,0.74,71.9,0.0649
2026-03-17 14:18:47.730000,0.74,71.91,0.0536
2026-03-17 14:18:48.776371,0.7399,71.91,0.045200000000000004
2026-03-17 14:18:49.821369,0.7399,71.92,0.0578
2026-03-17 14:18:50.870747,0.7399,71.93,0.0428
2026-03-17 14:18:51.912586,0.7398,71.94,0.0514
2026-03-17 14:18:52.965517,0.7398,71.94,0.0545
2026-03-17 14:18:54.015999,0.7397,71.95,0.0681
2026-03-17 14:18:55.061169,0.7397,71.96,0.0517
2026-03-17 14:18:56.106125,0.7396,71.97,0.0672
2026-03-17 14:18:57.153516,0.7396,71.98,0.0513
2026-03-17 14:18:58.201867,0.7396,71.98,0.0621
2026-03-17 14:18:59.259155,0.7395,71.99,0.0637
2026-03-17 14:19:00.305574,0.7395,72.0,0.0395
2026-03-17 14:19:01.350174,0.7394,72.01,0.0388
2026-03-17 14:19:02.394997,0.7394,72.02,0.0456
2026-03-17 14:19:03.438784,0.7394,72.02,0.038900000000000004
2026-03-17 14:19:04.493707,0.7393,72.03,0.05929999999999999
2026-03-17 14:19:05.537385,0.7393,72.04,0.0423
2026-03-17 14:19:06.585802,0.7393,72.05,0.0525
2026-03-17 14:19:07.639708,0.7392,72.06,0.0605
2026-03-17 14:19:08.689492,0.7392,72.06,0.0562
2026-03-17 14:19:09.740149,0.7391,72.07,0.0461
2026-03-17 14:19:10.785822,0.7391,72.08,0.0582
2026-03-17 14:19:11.844119,0.7391,72.09,0.06420000000000001
2026-03-17 14:19:12.891493,0.739,72.09,0.0572
2026-03-17 14:19:13.943625,0.739,72.1,0.050699999999999995
2026-03-17 14:19:14.995694,0.739,72.11,0.044899999999999995
2026-03-17 14:19:16.051879,0.7389,72.12,0.039
2026-03-17 14:19:17.251859,0.7388,72.13,0.058399999999999994
2026-03-17 14:19:18.315447,0.7388,72.14,0.0473
2026-03-17 14:19:19.359171,0.7388,72.14,0.0646
2026-03-17 14:19:20.413109,0.7387,72.15,0.052500000000000005
2026-03-17 14:19:21.455775,0.7387,72.16,0.0629
2026-03-17 14:19:22.503391,0.7387,72.17,0.0647
2026-03-17 14:19:23.548605,0.7386,72.18,0.0682
2026-03-17 14:19:24.590852,0.7386,72.18,0.06
2026-03-17 14:19:25.637351,0.7385,72.19,0.0721
2026-03-17 14:19:26.692522,0.7385,72.2,0.0471
2026-03-17 14:19:27.735031,0.7385,72.21,0.056600000000000004
2026-03-17 14:19:28.777613,0.7384,72.21,0.0562
2026-03-17 14:19:29.828438,0.7384,72.22,0.0429
2026-03-17 14:19:30.884227,0.7384,72.23,0.053
2026-03-17 14:19:31.942085,0.7383,72.24,0.059199999999999996
2026-03-17 14:19:33.004886,0.7382,72.25,0.0616
2026-03-17 14:19:34.056608,0.7382,72.25,0.0473
2026-03-17 14:19:35.108631,0.7382,72.26,0.047700000000000006
2026-03-17 14:19:36.151842,0.7381,72.27,0.041499999999999995
2026-03-17 14:19:37.198856,0.7381,72.28,0.0469
2026-03-17 14:19:38.244134,0.7381,72.29,0.0692
2026-03-17 14:19:39.288343,0.738,72.29,0.062
2026-03-17 14:19:40.344062,0.738,72.3,0.0397
2026-03-17 14:19:41.391111,0.7379,72.31,0.0506
2026-03-17 14:19:42.446195,0.7379,72.32,0.051000000000000004
2026-03-17 14:19:43.490663,0.7379,72.32,0.07039999999999999
2026-03-17 14:19:44.548341,0.7378,72.33,0.069
2026-03-17 14:19:45.597085,0.7378,72.34,0.06620000000000001
2026-03-17 14:19:46.642408,0.7378,72.35,0.056999999999999995
2026-03-17 14:19:47.687147,0.7377,72.36,0.065
2026-03-17 14:19:48.733728,0.7377,72.36,0.045700000000000005
2026-03-17 14:19:49.788420,0.7376,72.37,0.043000000000000003
2026-03-17 14:19:50.833550,0.7376,72.38,0.0376
2026-03-17 14:19:51.880126,0.7376,72.39,0.0669
2026-03-17 14:19:52.937388,0.7375,72.4,0.0614
2026-03-17 14:19:53.989118,0.7375,72.4,0.0623
2026-03-17 14:19:55.035470,0.7374,72.41,0.0644
2026-03-17 14:19:56.080027,0.7374,72.42,0.0514
2026-03-17 14:19:57.128109,0.7373,72.43,0.0503
2026-03-17 14:19:58.180421,0.7373,72.43,0.0739
2026-03-17 14:19:59.229889,0.7373,72.44,0.0785
2026-03-17 14:20:00.275888,0.7372,72.45,0.0488
2026-03-17 14:20:01.321381,0.7372,72.46,0.0523
2026-03-17 14:20:02.368671,0.7372,72.47,0.0565
2026-03-17 14:20:03.417623,0.7371,72.47,0.053
2026-03-17 14:20:04.476141,0.7371,72.48,0.0586
2026-03-17 14:20:05.520612,0.737,72.49,0.0524
2026-03-17 14:20:06.577171,0.737,72.5,0.0595
2026-03-17 14:20:07.638149,0.737,72.51,0.0791
2026-03-17 14:20:08.684276,0.7369,72.51,0.0477
2026-03-17 14:20:09.736033,0.7369,72.52,0.0367
2026-03-17 14:20:10.784634,0.7369,72.53,0.0443
2026-03-17 14:20:11.829412,0.7368,72.54,0.0632
2026-03-17 14:20:12.876121,0.7368,72.54,0.0713
2026-03-17 14:20:13.916265,0.7367,72.55,0.0388
2026-03-17 14:20:14.963448,0.7367,72.56,0.0531
2026-03-17 14:20:16.019045,0.7366,72.57,0.0678
2026-03-17 14:20:17.064367,0.7366,72.58,0.0789
2026-03-17 14:20:18.115050,0.7366,72.58,0.0521
2026-03-17 14:20:19.162275,0.7365,72.59,0.054099999999999995
2026-03-17 14:20:20.208553,0.7365,72.6,0.0639
2026-03-17 14:20:21.254915,0.7364,72.61,0.056900000000000006
2026-03-17 14:20:22.307308,0.7364,72.62,0.0469
2026-03-17 14:20:23.352486,0.7364,72.62,0.0522
2026-03-17 14:20:24.396834,0.7363,72.63,0.0565
2026-03-17 14:20:25.445671,0.7363,72.64,0.0469
2026-03-17 14:20:26.502884,0.7363,72.65,0.0416
2026-03-17 14:20:27.548007,0.7362,72.65,0.07189999999999999
2026-03-17 14:20:28.618056,0.7362,72.66,0.0645
2026-03-17 14:20:29.669456,0.7361,72.67,0.056
2026-03-17 14:20:30.717049,0.7361,72.68,0.0526
2026-03-17 14:20:31.763131,0.7361,72.69,0.046299999999999994
2026-03-17 14:20:32.812656,0.736,72.69,0.061
2026-03-17 14:20:33.859455,0.736,72.7,0.050100000000000006
2026-03-17 14:20:34.918040,0.736,72.71,0.06609999999999999
2026-03-17 14:20:35.967344,0.7359,72.72,0.0582
2026-03-17 14:20:37.016850,0.7358,72.73,0.0581
2026-03-17 14:20:38.077256,0.7358,72.73,0.0599
2026-03-17 14:20:39.122292,0.7358,72.74,0.0414
2026-03-17 14:20:40.181455,0.7357,72.75,0.0446
2026-03-17 14:20:41.229872,0.7357,72.76,0.0427
2026-03-17 14:20:42.277569,0.7357,72.76,0.043800000000000006
2026-03-17 14:20:43.323700,0.7356,72.77,0.0487
2026-03-17 14:20:44.371992,0.7356,72.78,0.0621
2026-03-17 14:20:45.418571,0.7355,72.79,0.0568
2026-03-17 14:20:46.469754,0.7355,72.8,0.0807
2026-03-17 14:20:47.516631,0.7355,72.8,0.056600000000000004
2026-03-17 14:20:48.554531,0.7354,72.81,0.0403
2026-03-17 14:20:49.597507,0.7354,72.82,0.0521
2026-03-17 14:20:50.654060,0.7354,72.83,0.0526
2026-03-17 14:20:51.699416,0.7353,72.84,0.052500000000000005
2026-03-17 14:20:52.745480,0.7353,72.84,0.061200000000000004
2026-03-17 14:20:53.789713,0.7352,72.85,0.05499999999999999
2026-03-17 14:20:54.838598,0.7352,72.86,0.06470000000000001
2026-03-17 14:20:55.883455,0.7352,72.87,0.0439
2026-03-17 14:20:56.930433,0.7351,72.87,0.058899999999999994
2026-03-17 14:20:57.980419,0.7351,72.88,0.0598
2026-03-17 14:20:59.028831,0.735,72.89,0.056900000000000006
2026-03-17 14:21:00.076252,0.735,72.9,0.0629
2026-03-17 14:21:01.121395,0.7349,72.91,0.0477
2026-03-17 14:21:02.168059,0.7349,72.91,0.0524
2026-03-17 14:21:03.218612,0.7349,72.92,0.0631
2026-03-17 14:21:04.272769,0.7348,72.93,0.0745
2026-03-17 14:21:05.329334,0.7348,72.94,0.0458
2026-03-17 14:21:06.389145,0.7348,72.94,0.0695
2026-03-17 14:21:07.448308,0.7347,72.95,0.0697
2026-03-17 14:21:08.493443,0.7347,72.96,0.051
2026-03-17 14:21:09.544918,0.7346,72.97,0.0533
2026-03-17 14:21:10.597917,0.7346,72.98,0.0509
2026-03-17 14:21:11.649817,0.7346,72.98,0.0446
2026-03-17 14:21:12.697042,0.7345,72.99,0.0699
2026-03-17 14:21:13.745872,0.7345,73.0,0.0454
2026-03-17 14:21:14.799411,0.7344,73.01,0.06420000000000001
2026-03-17 14:21:15.857795,0.7344,73.02,0.051000000000000004
2026-03-17 14:21:16.909066,0.7344,73.02,0.0649
2026-03-17 14:21:17.957351,0.7343,73.03,0.0584
2026-03-17 14:21:19.001840,0.7343,73.04,0.0593
2026-03-17 14:21:20.049731,0.7342,73.05,0.0689
2026-03-17 14:21:21.097787,0.7342,73.05,0.0624
2026-03-17 14:21:22.150449,0.7341,73.06,0.0733
2026-03-17 14:21:23.211917,0.7341,73.07,0.0655
2026-03-17 14:21:24.275399,0.7341,73.08,0.0621
2026-03-17 14:21:25.326110,0.734,73.08,0.0693
2026-03-17 14:21:26.370404,0.734,73.09,0.055999999999999994
2026-03-17 14:21:27.429347,0.734,73.1,0.0456
2026-03-17 14:21:28.490247,0.7339,73.11,0.069
2026-03-17 14:21:29.552586,0.7339,73.12,0.0637
2026-03-17 14:21:30.597687,0.7338,73.12,0.0736
2026-03-17 14:21:31.657135,0.7338,73.13,0.052500000000000005
2026-03-17 14:21:32.706359,0.7338,73.14,0.043699999999999996
2026-03-17 14:21:33.757853,0.7337,73.15,0.0543
2026-03-17 14:21:34.805161,0.7337,73.16,0.06309999999999999
2026-03-17 14:21:35.851502,0.7337,73.16,0.059300000000000005
2026-03-17 14:21:36.897108,0.7336,73.17,0.044399999999999995
2026-03-17 14:21:37.949068,0.7336,73.18,0.0581
2026-03-17 14:21:38.993933,0.7335,73.19,0.0464
2026-03-17 14:21:40.029153,0.7335,73.19,0.0436
2026-03-17 14:21:41.067323,0.7334,73.2,0.050699999999999995
2026-03-17 14:21:42.116241,0.7334,73.21,0.063
2026-03-17 14:21:43.174481,0.7333,73.22,0.0437
2026-03-17 14:21:44.238043,0.7333,73.23,0.059399999999999994
2026-03-17 14:21:45.432126,0.7333,73.23,0.0663
2026-03-17 14:21:46.477134,0.7332,73.24,0.0675
2026-03-17 14:21:47.522180,0.7332,73.25,0.0504
2026-03-17 14:21:48.573782,0.7332,73.26,0.0693
2026-03-17 14:21:49.618598,0.7331,73.27,0.0738
2026-03-17 14:21:50.672178,0.7331,73.27,0.0744
2026-03-17 14:21:51.722227,0.733,73.28,0.0592
2026-03-17 14:21:52.781088,0.733,73.29,0.0706
2026-03-17 14:21:53.854109,0.733,73.3,0.042300000000000004
2026-03-17 14:21:54.948308,0.7329,73.31,0.0533
2026-03-17 14:21:56.003741,0.7329,73.31,0.0637
2026-03-17 14:21:57.065091,0.7328,73.32,0.0495
2026-03-17 14:21:58.121660,0.7328,73.33,0.0738
2026-03-17 14:21:59.176487,0.7327,73.34,0.0484
2026-03-17 14:22:00.232316,0.7327,73.34,0.044700000000000004
2026-03-17 14:22:01.280475,0.7327,73.35,0.0437
2026-03-17 14:22:02.364767,0.7326,73.36,0.0711
2026-03-17 14:22:03.419781,0.7326,73.37,0.06570000000000001
2026-03-17 14:22:04.463244,0.7326,73.38,0.0593
2026-03-17 14:22:05.514370,0.7325,73.38,0.047099999999999996
2026-03-17 14:22:06.558273,0.7325,73.39,0.0597
2026-03-17 14:22:07.605802,0.7324,73.4,0.0476
2026-03-17 14:22:08.653187,0.7324,73.41,0.06080000000000001
2026-03-17 14:22:09.706148,0.7324,73.41,0.05639999999999999
2026-03-17 14:22:10.781340,0.7323,73.42,0.0641
2026-03-17 14:22:11.860601,0.7323,73.43,0.0402
2026-03-17 14:22:12.907047,0.7322,73.44,0.0547
2026-03-17 14:22:13.951465,0.7322,73.45,0.0526
2026-03-17 14:22:14.998025,0.7322,73.45,0.0456
2026-03-17 14:22:16.051086,0.7321,73.46,0.0584
2026-03-17 14:22:17.090494,0.7321,73.47,0.058499999999999996
2026-03-17 14:22:18.121160,0.732,73.48,0.0426
2026-03-17 14:22:19.165863,0.732,73.49,0.0584
2026-03-17 14:22:20.209577,0.7319,73.49,0.0785
2026-03-17 14:22:21.256264,0.7319,73.5,0.0547
2026-03-17 14:22:22.313855,0.7319,73.51,0.0391
2026-03-17 14:22:23.365987,0.7318,73.52,0.0475
2026-03-17 14:22:24.417152,0.7318,73.52,0.0499
2026-03-17 14:22:25.467455,0.7318,73.53,0.0596
2026-03-17 14:22:26.517410,0.7317,73.54,0.043
2026-03-17 14:22:27.576802,0.7317,73.55,0.0383
2026-03-17 14:22:28.628566,0.7316,73.56,0.0703
2026-03-17 14:22:29.680027,0.7316,73.56,0.07039999999999999
2026-03-17 14:22:30.734469,0.7316,73.57,0.0808
2026-03-17 14:22:31.816352,0.7315,73.58,0.0477
2026-03-17 14:22:32.878525,0.7315,73.59,0.0632
2026-03-17 14:22:33.941394,0.7314,73.59,0.0697
2026-03-17 14:22:35.015211,0.7314,73.6,0.053000000000000005
2026-03-17 14:22:36.093082,0.7313,73.61,0.06559999999999999
2026-03-17 14:22:37.145739,0.7313,73.62,0.0389
2026-03-17 14:22:38.198631,0.7313,73.63,0.0463
2026-03-17 14:22:39.271647,0.7312,73.63,0.0686
2026-03-17 14:22:40.371398,0.7312,73.64,0.0581
2026-03-17 14:22:41.469709,0.7311,73.65,0.0452
2026-03-17 14:22:42.549728,0.7311,73.66,0.0658
2026-03-17 14:22:43.581709,0.7311,73.67,0.045899999999999996
2026-03-17 14:22:44.614165,0.731,73.67,0.04820000000000001
2026-03-17 14:22:45.645078,0.731,73.68,0.0416
2026-03-17 14:22:46.673883,0.731,73.69,0.0453
2026-03-17 14:22:47.715192,0.7309,73.7,0.0498
2026-03-17 14:22:48.762195,0.7309,73.71,0.0443
2026-03-17 14:22:49.820557,0.7308,73.71,0.0707
2026-03-17 14:22:50.854117,0.7308,73.72,0.0438
2026-03-17 14:22:51.916646,0.7308,73.73,0.0643
2026-03-17 14:22:52.965438,0.7307,73.74,0.0562
2026-03-17 14:22:54.011545,0.7306,73.74,0.047299999999999995
2026-03-17 14:22:55.080908,0.7306,73.75,0.0692
2026-03-17 14:22:56.127151,0.7306,73.76,0.0506
2026-03-17 14:22:57.196117,0.7305,73.77,0.059
2026-03-17 14:22:58.253808,0.7305,73.78,0.0724
2026-03-17 14:22:59.373670,0.7305,73.78,0.0641
2026-03-17 14:23:00.418495,0.7304,73.79,0.053200000000000004
2026-03-17 14:23:01.464939,0.7304,73.8,0.0494
2026-03-17 14:23:02.521472,0.7303,73.81,0.0414
2026-03-17 14:23:16.071924,0.7298,70.45,0.0443
2026-03-17 14:23:17.129027,0.7298,70.46,0.0612
2026-03-17 14:23:18.172157,0.7297,70.47,0.07830000000000001
2026-03-17 14:23:19.214743,0.7297,70.48,0.0635
2026-03-17 14:23:20.261176,0.7297,70.48,0.05109999999999999
2026-03-17 14:23:21.315299,0.7296,70.49,0.0516
2026-03-17 14:23:22.357745,0.7296,70.5,0.0523
2026-03-17 14:23:23.402391,0.7295,70.51,0.043500000000000004
2026-03-17 14:23:24.453418,0.7295,70.51,0.0538
2026-03-17 14:23:25.510438,0.7295,70.52,0.0776
2026-03-17 14:23:26.558425,0.7294,70.53,0.0636
2026-03-17 14:23:27.603403,0.7294,70.54,0.0751
2026-03-17 14:23:28.653749,0.7293,70.54,0.046700000000000005
2026-03-17 14:23:29.700161,0.7293,70.55,0.0482
2026-03-17 14:23:30.750914,0.7293,70.56,0.051199999999999996
2026-03-17 14:23:31.785548,0.7292,70.57,0.063
2026-03-17 14:23:32.829031,0.7292,70.58,0.0453
2026-03-17 14:23:33.875396,0.7292,70.58,0.06620000000000001
2026-03-17 14:23:34.919300,0.7291,70.59,0.058
2026-03-17 14:23:35.966503,0.7291,70.6,0.055099999999999996
2026-03-17 14:23:37.006574,0.729,70.61,0.0617
2026-03-17 14:23:38.059225,0.729,70.61,0.053500000000000006
2026-03-17 14:23:39.114887,0.7289,70.62,0.0667
2026-03-17 14:23:40.168473,0.7289,70.63,0.07239999999999999
2026-03-17 14:23:41.223875,0.7288,70.64,0.067
2026-03-17 14:23:42.272885,0.7288,70.65,0.0746
2026-03-17 14:23:43.316436,0.7288,70.65,0.0622
2026-03-17 14:23:44.359251,0.7287,70.66,0.06620000000000001
2026-03-17 14:23:45.404394,0.7287,70.67,0.0549
2026-03-17 14:23:46.447184,0.7287,70.68,0.0492
2026-03-17 14:23:47.476295,0.7286,70.68,0.0583
2026-03-17 14:23:48.534495,0.7286,70.69,0.0697
2026-03-17 14:23:49.582364,0.7285,70.7,0.0685
2026-03-17 14:23:50.625842,0.7285,70.71,0.054599999999999996
2026-03-17 14:23:51.673542,0.7285,70.71,0.0474
2026-03-17 14:23:52.723879,0.7284,70.72,0.045399999999999996
2026-03-17 14:23:53.776944,0.7284,70.73,0.054900000000000004
2026-03-17 14:23:54.828692,0.7283,70.74,0.039099999999999996
2026-03-17 14:23:55.887231,0.7283,70.75,0.0458
2026-03-17 14:23:56.931706,0.7283,70.75,0.048299999999999996
2026-03-17 14:23:57.975335,0.7282,70.76,0.049
2026-03-17 14:23:59.020029,0.7282,70.77,0.0579
2026-03-17 14:24:00.068814,0.7281,70.78,0.0403
2026-03-17 14:24:01.112700,0.7281,70.78,0.046
2026-03-17 14:24:02.156111,0.728,70.79,0.0472
2026-03-17 14:24:03.200574,0.728,70.8,0.0748
2026-03-17 14:24:04.245325,0.728,70.81,0.0754
2026-03-17 14:24:05.289760,0.7279,70.82,0.0546
2026-03-17 14:24:06.333675,0.7279,70.82,0.0566
2026-03-17 14:24:07.377691,0.7278,70.83,0.0445
2026-03-17 14:24:08.421351,0.7278,70.84,0.06609999999999999
2026-03-17 14:24:09.465155,0.7278,70.85,0.0472
2026-03-17 14:24:10.511036,0.7277,70.85,0.0707
2026-03-17 14:24:11.558984,0.7277,70.86,0.0532
2026-03-17 14:24:12.623333,0.7277,70.87,0.062200000000000005
2026-03-17 14:24:13.669252,0.7276,70.88,0.0427
2026-03-17 14:24:14.715175,0.7276,70.89,0.0593
2026-03-17 14:24:15.762874,0.7275,70.89,0.052599999999999994
2026-03-17 14:24:16.812879,0.7275,70.9,0.0599
2026-03-17 14:24:17.854897,0.7275,70.91,0.068
2026-03-17 14:24:18.900117,0.7274,70.92,0.0606
2026-03-17 14:24:19.944698,0.7274,70.92,0.0659
2026-03-17 14:24:20.988453,0.7273,70.93,0.0719
2026-03-17 14:24:22.043059,0.7273,70.94,0.0691
2026-03-17 14:24:23.093822,0.7272,70.95,0.056499999999999995
2026-03-17 14:24:24.143452,0.7272,70.95,0.0498
2026-03-17 14:24:25.196856,0.7272,70.96,0.0563
2026-03-17 14:24:26.251679,0.7271,70.97,0.0735
2026-03-17 14:24:27.294592,0.7271,70.98,0.0451
2026-03-17 14:24:28.339418,0.727,70.99,0.0481
2026-03-17 14:24:29.381327,0.727,70.99,0.0493
2026-03-17 14:24:30.425247,0.727,71.0,0.0654
2026-03-17 14:24:31.472238,0.7269,71.01,0.0503
2026-03-17 14:24:32.525340,0.7269,71.02,0.0456
2026-03-17 14:24:33.580655,0.7268,71.02,0.069
2026-03-17 14:24:34.624668,0.7268,71.03,0.0672
2026-03-17 14:24:35.669338,0.7268,71.04,0.0743
2026-03-17 14:24:36.717558,0.7267,71.05,0.059899999999999995
2026-03-17 14:24:37.763862,0.7267,71.05,0.07339999999999999
2026-03-17 14:24:38.809064,0.7267,71.06,0.0455
2026-03-17 14:24:39.850749,0.7266,71.07,0.044700000000000004
2026-03-17 14:24:40.891028,0.7266,71.08,0.067
2026-03-17 14:24:41.945651,0.7265,71.08,0.0668
2026-03-17 14:24:42.989108,0.7265,71.09,0.0461
2026-03-17 14:24:44.035692,0.7264,71.1,0.0688
2026-03-17 14:24:45.087662,0.7264,71.11,0.068
2026-03-17 14:24:46.137245,0.7263,71.12,0.048100000000000004
2026-03-17 14:24:47.186424,0.7263,71.12,0.0583
2026-03-17 14:24:48.230709,0.7263,71.13,0.0595
2026-03-17 14:24:49.276865,0.7262,71.14,0.047299999999999995
2026-03-17 14:24:50.326557,0.7262,71.15,0.0548
2026-03-17 14:24:51.373580,0.7261,71.15,0.0514
2026-03-17 14:24:52.428550,0.7261,71.16,0.0447
2026-03-17 14:24:53.476492,0.7261,71.17,0.0635
2026-03-17 14:24:54.534308,0.726,71.18,0.0598
2026-03-17 14:24:55.587537,0.726,71.19,0.0496
2026-03-17 14:24:56.634152,0.726,71.19,0.0619
2026-03-17 14:24:57.677692,0.7259,71.2,0.06290000000000001
2026-03-17 14:24:58.720666,0.7259,71.21,0.0555
2026-03-17 14:24:59.766462,0.7258,71.22,0.0576
2026-03-17 14:25:00.819496,0.7258,71.22,0.0561
2026-03-17 14:25:01.879269,0.7258,71.23,0.0401
2026-03-17 14:25:02.922264,0.7257,71.24,0.0461
2026-03-17 14:25:03.970131,0.7257,71.25,0.0484
2026-03-17 14:25:05.016397,0.7256,71.26,0.042899999999999994
2026-03-17 14:25:06.062527,0.7256,71.26,0.041499999999999995
2026-03-17 14:25:07.107268,0.7255,71.27,0.055400000000000005
2026-03-17 14:25:08.154461,0.7255,71.28,0.062
2026-03-17 14:25:09.202255,0.7255,71.29,0.046
2026-03-17 14:25:10.250260,0.7254,71.29,0.0702
2026-03-17 14:25:11.291928,0.7254,71.3,0.054900000000000004
2026-03-17 14:25:12.335273,0.7253,71.31,0.07200000000000001
2026-03-17 14:25:13.393210,0.7253,71.32,0.0511
2026-03-17 14:25:14.438417,0.7253,71.32,0.0599
2026-03-17 14:25:15.484324,0.7252,71.33,0.0591
2026-03-17 14:25:16.529928,0.7252,71.34,0.0601
2026-03-17 14:25:17.564151,0.7251,71.35,0.055099999999999996
2026-03-17 14:25:18.616305,0.7251,71.36,0.0395
2026-03-17 14:25:19.663409,0.7251,71.36,0.067
2026-03-17 14:25:20.717584,0.725,71.37,0.0555
2026-03-17 14:25:21.763601,0.725,71.38,0.0465
2026-03-17 14:25:22.807285,0.7249,71.39,0.0658
2026-03-17 14:25:23.862876,0.7249,71.39,0.045700000000000005
2026-03-17 14:25:24.910910,0.7249,71.4,0.0458
2026-03-17 14:25:25.953576,0.7248,71.41,0.0382
2026-03-17 14:25:27.001492,0.7248,71.42,0.0613
2026-03-17 14:25:28.047478,0.7247,71.42,0.0743
2026-03-17 14:25:29.091571,0.7247,71.43,0.048299999999999996
2026-03-17 14:25:30.147818,0.7246,71.44,0.06939999999999999
2026-03-17 14:25:31.193371,0.7246,71.45,0.0497
2026-03-17 14:25:32.241314,0.7246,71.46,0.0603
2026-03-17 14:25:33.288089,0.7245,71.46,0.0537
2026-03-17 14:25:34.335418,0.7245,71.47,0.0532
2026-03-17 14:25:35.377838,0.7244,71.48,0.0713
2026-03-17 14:25:36.426949,0.7244,71.49,0.052700000000000004
2026-03-17 14:25:37.480511,0.7244,71.49,0.054
2026-03-17 14:25:38.532848,0.7243,71.5,0.06080000000000001
2026-03-17 14:25:39.580143,0.7243,71.51,0.0666
2026-03-17 14:25:40.628278,0.7242,71.52,0.0435
2026-03-17 14:25:41.671633,0.7242,71.52,0.0438
2026-03-17 14:25:42.712888,0.7242,71.53,0.0417
2026-03-17 14:25:43.757032,0.7241,71.54,0.046
2026-03-17 14:25:44.802153,0.7241,71.55,0.0567
2026-03-17 14:25:45.846422,0.7241,71.56,0.05940000000000001
2026-03-17 14:25:46.892733,0.724,71.56,0.0346
2026-03-17 14:25:47.938513,0.724,71.57,0.064
2026-03-17 14:25:48.987362,0.7239,71.58,0.0707
2026-03-17 14:25:50.040191,0.7239,71.59,0.0698
2026-03-17 14:25:51.088365,0.7238,71.59,0.05840000000000001
2026-03-17 14:25:52.133397,0.7238,71.6,0.0597
2026-03-17 14:25:53.178843,0.7237,71.61,0.0735
2026-03-17 14:25:54.218426,0.7237,71.62,0.0552
2026-03-17 14:25:55.276940,0.7237,71.62,0.0377
2026-03-17 14:25:56.324939,0.7236,71.63,0.0684
2026-03-17 14:25:57.373349,0.7236,71.64,0.0472
2026-03-17 14:25:58.417128,0.7235,71.65,0.0467
2026-03-17 14:25:59.460014,0.7235,71.66,0.0477
2026-03-17 14:26:00.503078,0.7235,71.66,0.06129999999999999
2026-03-17 14:26:01.547161,0.7234,71.67,0.0437
2026-03-17 14:26:02.592552,0.7234,71.68,0.0629
2026-03-17 14:26:03.639920,0.7234,71.69,0.059399999999999994
2026-03-17 14:26:04.698116,0.7233,71.69,0.0573
2026-03-17 14:26:05.755888,0.7233,71.7,0.0477
2026-03-17 14:26:06.802739,0.7232,71.71,0.0494
2026-03-17 14:26:07.851762,0.7232,71.72,0.0386
2026-03-17 14:26:08.894988,0.7232,71.73,0.0663
2026-03-17 14:26:09.940116,0.7231,71.73,0.0634
2026-03-17 14:26:10.990235,0.7231,71.74,0.0665
2026-03-17 14:26:12.034026,0.723,71.75,0.0668
2026-03-17 14:26:13.080216,0.723,71.76,0.049
2026-03-17 14:26:14.129822,0.7229,71.76,0.0681
2026-03-17 14:26:15.177347,0.7229,71.77,0.0571
2026-03-17 14:26:16.221189,0.7228,71.78,0.0665
2026-03-17 14:26:17.265650,0.7228,71.79,0.0414
2026-03-17 14:26:18.312469,0.7228,71.79,0.0625
2026-03-17 14:26:19.371494,0.7227,71.8,0.0499
2026-03-17 14:26:20.420557,0.7227,71.81,0.0503
2026-03-17 14:26:21.473372,0.7227,71.82,0.0596
2026-03-17 14:26:22.517440,0.7226,71.82,0.046
2026-03-17 14:26:23.564144,0.7226,71.83,0.054599999999999996
2026-03-17 14:26:24.613707,0.7225,71.84,0.0633
2026-03-17 14:26:25.662122,0.7225,71.85,0.0542
2026-03-17 14:26:26.715330,0.7225,71.86,0.0475
2026-03-17 14:26:27.760169,0.7224,71.86,0.0678
2026-03-17 14:26:28.807185,0.7224,71.87,0.0521
2026-03-17 14:26:29.854631,0.7223,71.88,0.041800000000000004
2026-03-17 14:26:30.901244,0.7223,71.89,0.0756
2026-03-17 14:26:31.946064,0.7223,71.89,0.058800000000000005
2026-03-17 14:26:32.989376,0.7222,71.9,0.0568
2026-03-17 14:26:34.036304,0.7221,71.91,0.0524
2026-03-17 14:26:35.081566,0.7221,71.92,0.054900000000000004
2026-03-17 14:26:36.125497,0.7221,71.92,0.0594
2026-03-17 14:26:37.175338,0.722,71.93,0.0611
2026-03-17 14:26:38.217193,0.722,71.94,0.0741
2026-03-17 14:26:39.275507,0.7219,71.95,0.0602
2026-03-17 14:26:40.320117,0.7219,71.95,0.0706
2026-03-17 14:26:41.371449,0.7219,71.96,0.0526
2026-03-17 14:26:42.430177,0.7218,71.97,0.0729
2026-03-17 14:26:43.475635,0.7218,71.98,0.0633
2026-03-17 14:26:44.520681,0.7218,71.99,0.0445
2026-03-17 14:26:45.575722,0.7217,71.99,0.0514
2026-03-17 14:26:46.629768,0.7217,72.0,0.0549
2026-03-17 14:26:47.681251,0.7216,72.01,0.0543
2026-03-17 14:26:48.729708,0.7216,72.02,0.0683
2026-03-17 14:26:49.783539,0.7216,72.02,0.0672
2026-03-17 14:26:50.827283,0.7215,72.03,0.0685
2026-03-17 14:26:51.884169,0.7215,72.04,0.056600000000000004
2026-03-17 14:26:52.937112,0.7214,72.05,0.046
2026-03-17 14:26:53.983007,0.7214,72.05,0.0509
2026-03-17 14:26:55.029469,0.7213,72.06,0.0613
2026-03-17 14:26:56.075418,0.7213,72.07,0.0605
2026-03-17 14:26:57.123238,0.7212,72.08,0.0441
2026-03-17 14:26:58.173771,0.7212,72.09,0.049100000000000005
2026-03-17 14:26:59.219140,0.7212,72.09,0.078
2026-03-17 14:27:00.266496,0.7211,72.1,0.0613
2026-03-17 14:27:01.324223,0.7211,72.11,0.0667
2026-03-17 14:27:02.367462,0.7211,72.12,0.061
2026-03-17 14:27:03.413583,0.721,72.12,0.0461
2026-03-17 14:27:04.461573,0.721,72.13,0.061399999999999996
2026-03-17 14:27:05.506991,0.7209,72.14,0.060500000000000005
2026-03-17 14:27:06.556172,0.7209,72.15,0.0421
2026-03-17 14:27:07.602109,0.7209,72.15,0.0568
2026-03-17 14:27:08.654060,0.7208,72.16,0.0694
2026-03-17 14:27:09.703042,0.7208,72.17,0.0731
2026-03-17 14:27:10.751900,0.7207,72.18,0.054400000000000004
2026-03-17 14:27:11.794456,0.7207,72.18,0.043800000000000006
2026-03-17 14:27:12.837876,0.7207,72.19,0.053099999999999994
2026-03-17 14:27:13.882513,0.7206,72.2,0.0426
2026-03-17 14:27:14.926490,0.7206,72.21,0.06420000000000001
2026-03-17 14:27:15.970877,0.7205,72.21,0.055299999999999995
2026-03-17 14:27:17.016473,0.7205,72.22,0.0421
2026-03-17 14:27:18.074590,0.7204,72.23,0.0504
2026-03-17 14:27:19.126326,0.7204,72.24,0.0528
2026-03-17 14:27:20.175942,0.7203,72.25,0.051000000000000004
2026-03-17 14:27:21.222874,0.7203,72.25,0.0433
2026-03-17 14:27:22.271709,0.7203,72.26,0.0471
2026-03-17 14:27:23.316163,0.7202,72.27,0.0639
2026-03-17 14:27:24.362445,0.7202,72.28,0.0654
2026-03-17 14:27:25.423346,0.7201,72.28,0.07780000000000001
2026-03-17 14:27:26.467355,0.7201,72.29,0.0739
2026-03-17 14:27:27.516516,0.7201,72.3,0.0439
2026-03-17 14:27:28.562261,0.72,72.31,0.0695
2026-03-17 14:27:29.607732,0.72,72.31,0.0402
2026-03-17 14:27:30.657619,0.72,72.32,0.067
2026-03-17 14:27:31.718607,0.7199,72.33,0.0482
2026-03-17 14:27:32.765521,0.7199,72.34,0.0679
2026-03-17 14:27:33.806427,0.7198,72.34,0.049699999999999994
2026-03-17 14:27:34.864119,0.7198,72.35,0.039400000000000004
2026-03-17 14:27:35.910380,0.7198,72.36,0.0527
2026-03-17 14:27:36.957379,0.7197,72.37,0.0611
2026-03-17 14:27:38.002040,0.7196,72.38,0.0711
2026-03-17 14:27:39.056168,0.7196,72.38,0.0807
2026-03-17 14:27:40.099761,0.7196,72.39,0.05550000000000001
2026-03-17 14:27:41.153463,0.7195,72.4,0.0467
2026-03-17 14:27:42.202990,0.7195,72.41,0.0792
2026-03-17 14:27:43.259076,0.7194,72.41,0.060399999999999995
2026-03-17 14:27:44.302655,0.7194,72.42,0.056400000000000006
2026-03-17 14:27:45.349462,0.7194,72.43,0.0775
2026-03-17 14:27:46.399230,0.7193,72.44,0.0515
2026-03-17 14:27:47.443429,0.7193,72.44,0.0625
2026-03-17 14:27:48.494306,0.7192,72.45,0.0675
2026-03-17 14:27:49.548542,0.7192,72.46,0.051000000000000004
2026-03-17 14:27:50.594899,0.7192,72.47,0.0696
2026-03-17 14:27:51.639538,0.7191,72.47,0.046700000000000005
2026-03-17 14:27:52.684372,0.7191,72.48,0.0681
2026-03-17 14:27:53.728292,0.719,72.49,0.0743
2026-03-17 14:27:54.773889,0.719,72.5,0.053200000000000004
2026-03-17 14:27:55.816371,0.719,72.5,0.0649
2026-03-17 14:27:56.860169,0.7189,72.51,0.0669
2026-03-17 14:27:57.904674,0.7189,72.52,0.062
2026-03-17 14:27:58.950102,0.7189,72.53,0.056299999999999996
2026-03-17 14:28:00.004702,0.7188,72.53,0.059300000000000005
2026-03-17 14:28:01.055021,0.7187,72.54,0.053
2026-03-17 14:28:02.105151,0.7187,72.55,0.0501
2026-03-17 14:28:03.155087,0.7187,72.56,0.0498
2026-03-17 14:28:04.202449,0.7186,72.57,0.045399999999999996
2026-03-17 14:28:05.244283,0.7186,72.57,0.0676
2026-03-17 14:28:06.286636,0.7185,72.58,0.0474
2026-03-17 14:28:07.331412,0.7185,72.59,0.0525
2026-03-17 14:28:08.377405,0.7185,72.6,0.0482
2026-03-17 14:28:09.422467,0.7184,72.6,0.062400000000000004
2026-03-17 14:28:10.467151,0.7184,72.61,0.0752
2026-03-17 14:28:11.521018,0.7183,72.62,0.061
2026-03-17 14:28:12.557710,0.7183,72.63,0.043899999999999995
2026-03-17 14:28:13.608720,0.7183,72.63,0.0553
2026-03-17 14:28:14.657822,0.7182,72.64,0.044399999999999995
2026-03-17 14:28:15.706316,0.7182,72.65,0.0707
2026-03-17 14:28:16.759447,0.7181,72.66,0.0537
2026-03-17 14:28:17.805360,0.7181,72.66,0.06899999999999999
2026-03-17 14:28:18.849767,0.7181,72.67,0.07819999999999999
2026-03-17 14:28:19.896761,0.718,72.68,0.0429
2026-03-17 14:28:20.942509,0.718,72.69,0.0589
2026-03-17 14:28:21.989773,0.7179,72.69,0.0601
2026-03-17 14:28:23.033037,0.7179,72.7,0.0597
2026-03-17 14:28:24.077271,0.7178,72.71,0.049
2026-03-17 14:28:25.120496,0.7178,72.72,0.043000000000000003
2026-03-17 14:28:26.160635,0.7177,72.72,0.060899999999999996
2026-03-17 14:28:27.207006,0.7177,72.73,0.0533
2026-03-17 14:28:28.251998,0.7177,72.74,0.0451
2026-03-17 14:28:29.298666,0.7176,72.75,0.0533
2026-03-17 14:28:30.342122,0.7176,72.76,0.055400000000000005
2026-03-17 14:28:31.397413,0.7175,72.76,0.0381
2026-03-17 14:28:32.453705,0.7175,72.77,0.06709999999999999
2026-03-17 14:28:33.505210,0.7175,72.78,0.0756
2026-03-17 14:28:34.553353,0.7174,72.79,0.0728
2026-03-17 14:28:35.601302,0.7174,72.79,0.0663
2026-03-17 14:28:36.654553,0.7174,72.8,0.067
2026-03-17 14:28:37.706984,0.7173,72.81,0.0698
2026-03-17 14:28:38.752333,0.7173,72.82,0.0603
2026-03-17 14:28:39.801310,0.7172,72.82,0.0605
2026-03-17 14:28:40.849087,0.7172,72.83,0.046700000000000005
2026-03-17 14:28:41.883379,0.7172,72.84,0.0717
2026-03-17 14:28:42.929470,0.7171,72.85,0.07350000000000001
2026-03-17 14:28:43.998555,0.7171,72.85,0.0653
2026-03-17 14:28:45.044080,0.717,72.86,0.0449
2026-03-17 14:28:46.088083,0.717,72.87,0.0411
2026-03-17 14:28:47.136437,0.7169,72.88,0.058499999999999996
2026-03-17 14:28:48.181884,0.7169,72.88,0.0766
2026-03-17 14:28:49.228730,0.7168,72.89,0.045399999999999996
2026-03-17 14:28:50.273996,0.7168,72.9,0.0387
2026-03-17 14:28:51.326875,0.7168,72.91,0.044700000000000004
2026-03-17 14:28:52.378570,0.7167,72.92,0.0413
2026-03-17 14:28:53.423681,0.7167,72.92,0.0493
2026-03-17 14:28:54.466328,0.7166,72.93,0.0659
2026-03-17 14:28:55.514441,0.7166,72.94,0.0727
2026-03-17 14:28:56.556495,0.7166,72.95,0.067
2026-03-17 14:28:57.609516,0.7165,72.95,0.041999999999999996
2026-03-17 14:28:58.654408,0.7165,72.96,0.0559
2026-03-17 14:28:59.717872,0.7164,72.97,0.0767
2026-03-17 14:29:00.771857,0.7164,72.98,0.07200000000000001
2026-03-17 14:29:01.821387,0.7164,72.98,0.0422
2026-03-17 14:29:02.869108,0.7163,72.99,0.0519
2026-03-17 14:29:03.914823,0.7163,73.0,0.054
2026-03-17 14:29:04.967471,0.7162,73.01,0.0446
2026-03-17 14:29:06.013027,0.7162,73.01,0.0586
2026-03-17 14:29:07.058921,0.7161,73.02,0.053
2026-03-17 14:29:08.104725,0.7161,73.03,0.0409
2026-03-17 14:29:09.152424,0.716,73.04,0.0637
2026-03-17 14:29:10.199407,0.716,73.04,0.062
2026-03-17 14:29:11.249113,0.716,73.05,0.042499999999999996
2026-03-17 14:29:12.297470,0.7159,73.06,0.0544
2026-03-17 14:29:13.341314,0.7159,73.07,0.0441
2026-03-17 14:29:14.393161,0.7158,73.08,0.0378
2026-03-17 14:29:15.436245,0.7158,73.08,0.0429
2026-03-17 14:29:16.484394,0.7158,73.09,0.0455
2026-03-17 14:29:17.533287,0.7157,73.1,0.0664
2026-03-17 14:29:18.581854,0.7157,73.11,0.0712
2026-03-17 14:29:19.625238,0.7156,73.11,0.0598
2026-03-17 14:29:20.671113,0.7156,73.12,0.041800000000000004
2026-03-17 14:29:21.716383,0.7156,73.13,0.0548
2026-03-17 14:29:22.770187,0.7155,73.14,0.0479
2026-03-17 14:29:23.815434,0.7155,73.14,0.051699999999999996
2026-03-17 14:29:24.862388,0.7154,73.15,0.0644
2026-03-17 14:29:25.909885,0.7154,73.16,0.048
2026-03-17 14:29:26.953420,0.7154,73.17,0.0649
2026-03-17 14:29:27.999093,0.7153,73.17,0.0537
2026-03-17 14:29:29.045905,0.7153,73.18,0.0455
2026-03-17 14:29:30.091912,0.7152,73.19,0.0543
2026-03-17 14:29:31.135188,0.7152,73.2,0.038599999999999995
2026-03-17 14:29:32.179391,0.7151,73.2,0.056999999999999995
2026-03-17 14:29:33.235455,0.7151,73.21,0.045
2026-03-17 14:29:34.281642,0.7151,73.22,0.0465
2026-03-17 14:29:35.330780,0.715,73.23,0.0533
2026-03-17 14:29:36.380007,0.715,73.24,0.046599999999999996
2026-03-17 14:29:37.422282,0.7149,73.24,0.0713
2026-03-17 14:29:38.467001,0.7149,73.25,0.0448
2026-03-17 14:29:39.525126,0.7149,73.26,0.0587
2026-03-17 14:29:40.570298,0.7148,73.27,0.063
2026-03-17 14:29:41.614553,0.7148,73.27,0.065
2026-03-17 14:29:42.663349,0.7147,73.28,0.0563
2026-03-17 14:29:43.708948,0.7147,73.29,0.057
2026-03-17 14:29:44.754522,0.7147,73.3,0.0376
2026-03-17 14:29:45.802354,0.7146,73.3,0.0562
2026-03-17 14:29:46.846582,0.7146,73.31,0.0723
2026-03-17 14:29:47.892144,0.7145,73.32,0.0708
2026-03-17 14:29:48.936504,0.7145,73.33,0.048799999999999996
2026-03-17 14:29:49.990555,0.7145,73.33,0.047299999999999995
2026-03-17 14:29:51.035815,0.7144,73.34,0.0702
2026-03-17 14:29:52.079896,0.7143,73.35,0.0684
2026-03-17 14:29:53.128731,0.7143,73.36,0.0535
2026-03-17 14:29:54.173370,0.7143,73.36,0.0491
2026-03-17 14:29:55.218547,0.7142,73.37,0.0424
2026-03-17 14:29:56.280263,0.7142,73.38,0.0521
2026-03-17 14:29:57.326353,0.7141,73.39,0.034100000000000005
2026-03-17 14:29:58.373213,0.7141,73.4,0.037
2026-03-17 14:29:59.434122,0.7141,73.4,0.0408
2026-03-17 14:30:00.471652,0.714,73.41,0.0687
2026-03-17 14:30:01.523311,0.714,73.42,0.06770000000000001
2026-03-17 14:30:02.576547,0.7139,73.43,0.0613
2026-03-17 14:30:03.626038,0.7139,73.43,0.047
2026-03-17 14:30:04.675817,0.7139,73.44,0.048799999999999996
2026-03-17 14:30:05.727496,0.7138,73.45,0.0455
2026-03-17 14:30:06.780031,0.7138,73.46,0.0431
2026-03-17 14:30:07.835819,0.7137,73.46,0.0465
2026-03-17 14:30:08.879103,0.7137,73.47,0.075
2026-03-17 14:30:09.938478,0.7137,73.48,0.0601
2026-03-17 14:30:10.983875,0.7136,73.49,0.054400000000000004
2026-03-17 14:30:12.034730,0.7135,73.49,0.06
2026-03-17 14:30:13.080452,0.7135,73.5,0.0708
2026-03-17 14:30:14.128499,0.7135,73.51,0.0702
2026-03-17 14:30:15.172599,0.7134,73.52,0.0637
2026-03-17 14:30:16.216579,0.7134,73.52,0.0702
2026-03-17 14:30:17.270951,0.7133,73.53,0.0639
2026-03-17 14:30:18.314181,0.7133,73.54,0.0694
2026-03-17 14:30:19.358347,0.7133,73.55,0.056799999999999996
2026-03-17 14:30:20.402622,0.7132,73.55,0.0681
2026-03-17 14:30:21.445112,0.7132,73.56,0.053500000000000006
2026-03-17 14:30:22.488392,0.7131,73.57,0.0669
2026-03-17 14:30:23.533477,0.7131,73.58,0.044399999999999995
2026-03-17 14:30:24.580395,0.7131,73.58,0.0436
2026-03-17 14:30:25.627589,0.713,73.59,0.0549
2026-03-17 14:30:26.683782,0.713,73.6,0.045700000000000005
2026-03-17 14:30:27.729200,0.7129,73.61,0.0461
2026-03-17 14:30:28.772434,0.7129,73.61,0.055999999999999994
2026-03-17 14:30:29.819140,0.7129,73.62,0.0393
2026-03-17 14:30:30.861449,0.7128,73.63,0.0493
2026-03-17 14:30:31.907942,0.7128,73.64,0.0606
2026-03-17 14:30:32.951571,0.7127,73.64,0.065
2026-03-17 14:30:34.004370,0.7127,73.65,0.0673
2026-03-17 14:30:35.054908,0.7126,73.66,0.0365
2026-03-17 14:30:36.106130,0.7126,73.67,0.0684
2026-03-17 14:30:37.152377,0.7125,73.68,0.0461
2026-03-17 14:30:38.205354,0.7125,73.68,0.0485
2026-03-17 14:30:39.265490,0.7125,73.69,0.0654
2026-03-17 14:30:40.311349,0.7124,73.7,0.0649
2026-03-17 14:30:41.359450,0.7124,73.71,0.055099999999999996
2026-03-17 14:30:42.413981,0.7123,73.71,0.0521
2026-03-17 14:30:43.461686,0.7123,73.72,0.045
2026-03-17 14:30:44.515528,0.7123,73.73,0.0708
2026-03-17 14:30:45.566690,0.7122,73.74,0.0706
2026-03-17 14:30:46.610132,0.7122,73.74,0.0653
2026-03-17 14:30:47.664461,0.7121,73.75,0.0687
2026-03-17 14:30:48.709067,0.7121,73.76,0.0697
2026-03-17 14:30:49.757443,0.7121,73.77,0.0445
2026-03-17 14:30:50.812234,0.712,73.77,0.055900000000000005
2026-03-17 14:30:51.857196,0.712,73.78,0.0547
2026-03-17 14:30:52.901471,0.7119,73.79,0.0477
2026-03-17 14:30:53.945861,0.7119,73.8,0.0708
2026-03-17 14:30:54.999537,0.7119,73.8,0.038400000000000004
2026-03-17 14:30:56.041032,0.7118,73.81,0.0506
2026-03-17 14:30:57.084520,0.7117,73.82,0.0752
2026-03-17 14:30:58.124562,0.7117,73.83,0.0653
2026-03-17 14:30:59.173836,0.7117,73.83,0.0794
2026-03-17 14:31:00.218591,0.7116,73.84,0.0646
2026-03-17 14:31:01.263154,0.7116,73.85,0.0519
2026-03-17 14:31:02.316497,0.7115,73.86,0.0453
2026-03-17 14:31:03.360398,0.7115,73.86,0.0431
2026-03-17 14:31:04.401455,0.7115,73.87,0.0569
2026-03-17 14:31:05.446492,0.7114,73.88,0.0554
2026-03-17 14:31:06.491236,0.7114,73.89,0.061200000000000004
2026-03-17 14:31:07.539448,0.7113,73.89,0.06470000000000001
2026-03-17 14:31:08.583508,0.7113,73.9,0.0648
2026-03-17 14:31:09.635093,0.7113,73.91,0.0568
2026-03-17 14:31:10.692491,0.7112,73.92,0.061399999999999996
2026-03-17 14:31:11.736133,0.7112,73.92,0.0629
2026-03-17 14:31:12.787315,0.7111,73.93,0.0528
2026-03-17 14:31:13.836074,0.7111,73.94,0.0795
2026-03-17 14:31:14.879401,0.7111,73.95,0.0434
2026-03-17 14:31:15.922585,0.711,73.95,0.052199999999999996
2026-03-17 14:31:16.967948,0.711,73.96,0.056999999999999995
2026-03-17 14:31:18.016301,0.7109,73.97,0.0412
2026-03-17 14:31:19.061304,0.7109,73.98,0.0613
2026-03-17 14:31:20.108075,0.7108,73.98,0.044700000000000004
2026-03-17 14:31:21.160271,0.7108,73.99,0.0404
2026-03-17 14:31:22.205693,0.7107,74.0,0.06
2026-03-17 14:31:23.250899,0.7107,74.01,0.0538
2026-03-17 14:31:24.298127,0.7107,74.01,0.0441
2026-03-17 14:31:25.347652,0.7106,74.02,0.05399999999999999
2026-03-17 14:31:26.396140,0.7106,74.03,0.0577
2026-03-17 14:31:27.442271,0.7105,74.04,0.0533
2026-03-17 14:31:28.486635,0.7105,74.04,0.0565
2026-03-17 14:31:29.544850,0.7105,74.05,0.0639
2026-03-17 14:31:30.599395,0.7104,74.06,0.0682
2026-03-17 14:31:31.653575,0.7104,74.07,0.06130000000000001
2026-03-17 14:31:32.697930,0.7103,74.07,0.053599999999999995
2026-03-17 14:31:33.745239,0.7103,74.08,0.0815
2026-03-17 14:31:34.786447,0.7103,74.09,0.0723
2026-03-17 14:31:35.833358,0.7102,74.1,0.0519
2026-03-17 14:31:36.877329,0.7102,74.1,0.052500000000000005
2026-03-17 14:31:37.923419,0.7101,74.11,0.06130000000000001
2026-03-17 14:31:38.970673,0.7101,74.12,0.0471
2026-03-17 14:31:40.014875,0.71,74.13,0.0741
2026-03-17 14:31:41.063310,0.71,74.13,0.0645
2026-03-17 14:31:42.110393,0.7099,74.14,0.0469
2026-03-17 14:31:43.156387,0.7099,74.15,0.069
2026-03-17 14:31:44.213769,0.7099,74.16,0.0754
2026-03-17 14:31:45.255738,0.7098,74.16,0.0711
2026-03-17 14:31:46.303374,0.7098,74.17,0.041499999999999995
2026-03-17 14:31:47.350076,0.7097,74.18,0.0721
2026-03-17 14:31:48.396133,0.7097,74.19,0.0508
2026-03-17 14:31:49.453400,0.7097,74.19,0.0475
2026-03-17 14:31:50.504377,0.7096,74.2,0.0701
2026-03-17 14:31:51.549443,0.7096,74.21,0.059
2026-03-17 14:31:52.593502,0.7095,74.22,0.0657
2026-03-17 14:31:53.628098,0.7095,74.22,0.0668
2026-03-17 14:31:54.672193,0.7095,74.23,0.0707
2026-03-17 14:31:55.716521,0.7094,74.24,0.0663
2026-03-17 14:31:56.762875,0.7094,74.25,0.052599999999999994
2026-03-17 14:31:57.824005,0.7093,74.25,0.050499999999999996
2026-03-17 14:31:58.876460,0.7093,74.26,0.0416
2026-03-17 14:31:59.933159,0.7092,74.27,0.0438
2026-03-17 14:32:00.977596,0.7092,74.28,0.0465
2026-03-17 14:32:02.027589,0.7091,74.28,0.0793
2026-03-17 14:32:03.073855,0.7091,74.29,0.0489
2026-03-17 14:32:04.117930,0.709,74.3,0.058499999999999996
2026-03-17 14:32:05.162520,0.709,74.31,0.0482
2026-03-17 14:32:06.218419,0.709,74.31,0.0573
2026-03-17 14:32:07.260951,0.7089,74.32,0.0495
2026-03-17 14:32:08.305651,0.7089,74.33,0.058499999999999996
2026-03-17 14:32:09.352403,0.7088,74.34,0.05890000000000001
2026-03-17 14:32:10.397684,0.7088,74.34,0.0483
2026-03-17 14:32:11.441359,0.7088,74.35,0.0464
2026-03-17 14:32:12.477764,0.7087,74.36,0.0608
2026-03-17 14:32:13.526949,0.7087,74.37,0.057300000000000004
2026-03-17 14:32:14.578145,0.7086,74.37,0.0679
2026-03-17 14:32:15.621398,0.7086,74.38,0.0472
2026-03-17 14:32:16.677488,0.7086,74.39,0.0716
2026-03-17 14:32:17.722680,0.7085,74.4,0.0365
2026-03-17 14:32:18.766005,0.7085,74.4,0.0426
2026-03-17 14:32:19.814708,0.7084,74.41,0.0597
2026-03-17 14:32:20.874277,0.7084,74.42,0.0786
2026-03-17 14:32:21.916381,0.7084,74.43,0.057999999999999996
2026-03-17 14:32:22.973450,0.7083,74.43,0.0609
2026-03-17 14:32:24.004164,0.7082,74.44,0.0468
2026-03-17 14:32:25.049724,0.7082,74.45,0.0545
2026-03-17 14:32:26.098122,0.7082,74.46,0.057800000000000004
2026-03-17 14:32:27.142467,0.7081,74.46,0.044399999999999995
2026-03-17 14:32:28.197313,0.7081,74.47,0.0708
2026-03-17 14:32:29.244291,0.708,74.48,0.0469
2026-03-17 14:32:30.291450,0.708,74.49,0.061
2026-03-17 14:32:31.334554,0.708,74.49,0.07189999999999999
2026-03-17 14:32:32.379886,0.7079,74.5,0.0565
2026-03-17 14:32:33.424016,0.7079,74.51,0.0422
2026-03-17 14:32:34.470554,0.7078,74.52,0.0694
2026-03-17 14:32:35.516849,0.7078,74.52,0.0553
2026-03-17 14:32:36.576546,0.7078,74.53,0.0532
2026-03-17 14:32:37.620359,0.7077,74.54,0.045
2026-03-17 14:32:38.667616,0.7077,74.55,0.043899999999999995
2026-03-17 14:32:39.716442,0.7076,74.55,0.061799999999999994
2026-03-17 14:32:40.768779,0.7076,74.56,0.040900000000000006
2026-03-17 14:32:41.816540,0.7076,74.57,0.0482
2026-03-17 14:32:42.867081,0.7075,74.58,0.042
2026-03-17 14:32:43.916917,0.7075,74.58,0.0494
2026-03-17 14:32:44.961307,0.7074,74.59,0.0714
2026-03-17 14:32:46.008055,0.7074,74.6,0.0484
2026-03-17 14:32:47.053684,0.7073,74.61,0.038099999999999995
2026-03-17 14:32:48.097564,0.7073,74.61,0.0716
2026-03-17 14:32:49.144286,0.7072,74.62,0.0648
2026-03-17 14:32:50.190525,0.7072,74.63,0.0449
2026-03-17 14:32:51.239762,0.7071,74.64,0.0716
2026-03-17 14:32:52.284718,0.7071,74.64,0.0574
2026-03-17 14:32:53.333466,0.7071,74.65,0.050600000000000006
2026-03-17 14:32:54.380252,0.707,74.66,0.061200000000000004
2026-03-17 14:32:55.424948,0.707,74.67,0.0489
2026-03-17 14:32:56.467369,0.7069,74.67,0.0689
2026-03-17 14:32:57.515731,0.7069,74.68,0.07730000000000001
2026-03-17 14:32:58.570017,0.7069,74.69,0.061399999999999996
2026-03-17 14:32:59.614512,0.7068,74.7,0.045799999999999993
2026-03-17 14:33:00.665623,0.7068,74.7,0.0602
2026-03-17 14:33:01.705398,0.7067,74.71,0.045200000000000004
2026-03-17 14:33:02.754074,0.7067,74.72,0.0629
2026-03-17 14:33:03.799655,0.7067,74.73,0.0679
2026-03-17 14:33:04.851120,0.7066,74.73,0.044700000000000004
2026-03-17 14:33:05.894952,0.7066,74.74,0.049999999999999996
2026-03-17 14:33:06.942772,0.7065,74.75,0.0493
2026-03-17 14:33:07.988635,0.7065,74.76,0.0713
2026-03-17 14:33:09.037446,0.7064,74.76,0.0502
2026-03-17 14:33:10.088302,0.7064,74.77,0.055400000000000005
2026-03-17 14:33:11.139591,0.7063,74.78,0.050199999999999995
2026-03-17 14:33:12.194603,0.7063,74.79,0.0592
2026-03-17 14:33:13.240663,0.7063,74.79,0.06870000000000001
2026-03-17 14:33:14.284324,0.7062,74.8,0.0539
2026-03-17 14:33:15.330130,0.7062,74.81,0.0475
2026-03-17 14:33:16.378480,0.7061,74.82,0.0451
2026-03-17 14:33:17.431780,0.7061,74.82,0.0424
2026-03-17 14:33:18.477675,0.7061,74.83,0.0419
2026-03-17 14:33:19.523244,0.706,74.84,0.0498
2026-03-17 14:33:20.568868,0.706,74.85,0.0476
2026-03-17 14:33:21.626399,0.7059,74.86,0.044300000000000006
2026-03-17 14:33:22.671482,0.7059,74.86,0.0723
2026-03-17 14:33:23.713475,0.7059,74.87,0.057300000000000004
2026-03-17 14:33:24.759133,0.7058,74.88,0.0411
2026-03-17 14:33:25.805509,0.7058,74.88,0.0522
2026-03-17 14:33:26.856494,0.7057,74.89,0.0449
2026-03-17 14:33:27.900541,0.7057,74.9,0.0547
2026-03-17 14:33:28.955474,0.7056,74.91,0.0677
2026-03-17 14:33:29.999261,0.7056,74.91,0.0668
2026-03-17 14:33:31.047003,0.7055,74.92,0.049600000000000005
2026-03-17 14:33:32.100002,0.7055,74.93,0.041800000000000004
2026-03-17 14:33:33.136147,0.7054,74.94,0.0688
2026-03-17 14:33:34.182511,0.7054,74.94,0.0534
2026-03-17 14:33:35.228533,0.7054,74.95,0.0626
2026-03-17 14:33:36.273717,0.7053,74.96,0.0535
2026-03-17 14:33:37.318204,0.7053,74.97,0.045
2026-03-17 14:33:38.365653,0.7052,74.97,0.06659999999999999
2026-03-17 14:33:39.410024,0.7052,74.98,0.0668
2026-03-17 14:33:40.455374,0.7052,74.99,0.069
2026-03-17 14:33:41.501780,0.7051,75.0,0.057800000000000004
2026-03-17 14:33:42.548128,0.7051,75.0,0.0458
2026-03-17 14:33:43.594667,0.705,75.01,0.0517
2026-03-17 14:33:44.640611,0.705,75.02,0.0369
2026-03-17 14:33:45.684107,0.705,75.03,0.0749
2026-03-17 14:33:46.731116,0.7049,75.03,0.0595
2026-03-17 14:33:47.779331,0.7049,75.04,0.052000000000000005
2026-03-17 14:33:48.832339,0.7048,75.05,0.06999999999999999
2026-03-17 14:33:49.888321,0.7048,75.06,0.0363
2026-03-17 14:33:50.937420,0.7048,75.06,0.0617
2026-03-17 14:33:51.982133,0.7047,75.07,0.0841
2026-03-17 14:33:53.039045,0.7046,75.08,0.0663
2026-03-17 14:33:54.067612,0.7046,75.09,0.049600000000000005
2026-03-17 14:33:55.115507,0.7046,75.09,0.0631
2026-03-17 14:33:56.161354,0.7045,75.1,0.0733
2026-03-17 14:33:57.205448,0.7045,75.11,0.0455
2026-03-17 14:33:58.250113,0.7044,75.12,0.0738
2026-03-17 14:33:59.293987,0.7044,75.12,0.049600000000000005
2026-03-17 14:34:00.343095,0.7043,75.13,0.0657
2026-03-17 14:34:01.389481,0.7043,75.14,0.044399999999999995
2026-03-17 14:34:02.434882,0.7043,75.15,0.06359999999999999
2026-03-17 14:34:03.477482,0.7042,75.15,0.0636
2026-03-17 14:34:04.521460,0.7042,75.16,0.0455
2026-03-17 14:34:05.568705,0.7041,75.17,0.07300000000000001
2026-03-17 14:34:06.611907,0.7041,75.18,0.0487
2026-03-17 14:34:07.663786,0.7041,75.18,0.049
2026-03-17 14:34:08.714705,0.704,75.19,0.06670000000000001
2026-03-17 14:34:09.759422,0.704,75.2,0.0571
2026-03-17 14:34:10.816103,0.7039,75.2,0.0678
2026-03-17 14:34:11.863499,0.7039,75.21,0.0633
2026-03-17 14:34:12.909478,0.7039,75.22,0.0721
2026-03-17 14:34:13.957504,0.7038,75.23,0.0701
2026-03-17 14:34:15.007311,0.7037,75.23,0.048600000000000004
2026-03-17 14:34:16.057068,0.7037,75.24,0.0468
2026-03-17 14:34:17.111488,0.7037,75.25,0.07400000000000001
2026-03-17 14:34:18.161378,0.7036,75.26,0.0478
2026-03-17 14:34:19.207669,0.7036,75.26,0.05
2026-03-17 14:34:20.263855,0.7035,75.27,0.0669
2026-03-17 14:34:21.325338,0.7035,75.28,0.064
2026-03-17 14:34:22.371132,0.7035,75.29,0.0611
2026-03-17 14:34:23.429094,0.7034,75.29,0.08130000000000001
2026-03-17 14:34:24.486267,0.7034,75.3,0.0716
2026-03-18 03:35:52.208739,0.0,41.1,0.0599
2026-03-18 03:35:54.196099,0.0,41.1,0.0509
2026-03-18 03:35:55.430090,0.0,41.1,0.060899999999999996
2026-03-18 03:35:56.456254,0.0,41.1,0.0466
2026-03-18 03:35:57.486261,0.0,41.1,0.0379
2026-03-18 03:35:58.521522,0.0,41.1,0.0569
2026-03-18 03:35:59.584549,0.0,41.1,0.0571
2026-03-18 03:36:00.623054,0.0,41.1,0.034
2026-03-18 03:36:01.660808,0.0,41.1,0.0337
2026-03-18 03:36:02.729668,0.0,41.1,0.056799999999999996
2026-03-18 03:36:03.760076,0.0,41.1,0.0488
2026-03-18 03:36:04.803007,0.0,41.1,0.0432
2026-03-18 03:36:05.846079,0.0,41.1,0.0527
2026-03-18 03:36:06.898796,0.0,41.1,0.0429
2026-03-18 03:36:07.945217,0.0,41.1,0.0421
2026-03-18 03:36:08.997270,0.0,41.09,0.0462
2026-03-18 03:36:10.063679,0.0,41.09,0.0569
2026-03-18 03:36:11.109910,0.0,41.09,0.0461
2026-03-18 03:36:12.160492,0.0,41.09,0.0541
2026-03-18 03:36:13.216308,0.0,41.09,0.0508
2026-03-18 03:36:14.260113,0.0,41.09,0.0361
2026-03-18 03:36:15.305481,0.0,41.09,0.055
2026-03-18 03:36:16.355223,0.0,41.09,0.0542
2026-03-18 03:36:17.404866,0.0,41.09,0.032
2026-03-18 03:36:18.451547,0.0,41.09,0.0555
2026-03-18 03:36:19.503457,0.0,41.09,0.0458
2026-03-18 03:36:20.555570,0.0,41.09,0.0429
2026-03-18 03:36:21.602039,0.0,41.09,0.0278
2026-03-18 03:36:22.687199,0.0,41.09,0.0515
2026-03-18 03:36:23.744344,0.0,41.09,0.0581
2026-03-18 03:36:24.788557,0.0,41.09,0.0332
2026-03-18 03:36:25.835298,0.0,41.09,0.0565
2026-03-18 03:36:26.887536,0.0,41.08,0.0567
2026-03-18 03:36:27.934408,0.0,41.08,0.0387
2026-03-18 03:36:28.981621,0.0,41.08,0.047200000000000006
2026-03-18 03:36:30.026389,0.0,41.08,0.0351
2026-03-18 03:36:31.083505,0.0,41.08,0.050300000000000004
2026-03-18 03:36:32.130443,0.0,41.08,0.0377
2026-03-18 03:36:33.178750,0.0,41.08,0.0375
2026-03-18 03:36:34.227497,0.0,41.08,0.0502
2026-03-18 03:36:35.289498,0.0,41.08,0.0432
2026-03-18 03:36:36.357662,0.0,41.08,0.0312
2026-03-18 03:36:37.406655,0.0,41.08,0.049100000000000005
2026-03-18 03:36:38.456084,0.0,41.08,0.057499999999999996
2026-03-18 03:36:39.501794,0.0,41.08,0.0636
2026-03-18 03:36:40.554432,0.0,41.08,0.0472
2026-03-18 03:36:41.601511,0.0,41.08,0.0361
2026-03-18 03:36:42.646222,0.0,41.08,0.0324
2026-03-18 03:36:43.696018,0.0,41.08,0.0531
2026-03-18 03:36:44.746051,0.0,41.07,0.060200000000000004
2026-03-18 03:36:45.792359,0.0,41.07,0.0323
2026-03-18 03:36:46.837477,0.0,41.07,0.0582
2026-03-18 03:36:47.881472,0.0,41.07,0.054
2026-03-18 03:36:48.929648,0.0,41.07,0.0427
2026-03-18 03:36:49.974669,0.0,41.07,0.0535
2026-03-18 03:36:51.052895,0.0,41.07,0.0385
2026-03-18 03:36:52.127751,0.0,41.07,0.0336
2026-03-18 03:36:53.174224,0.0,41.07,0.0604
2026-03-18 03:36:54.222447,0.0,41.07,0.0353
2026-03-18 03:36:55.275717,0.0,41.07,0.033
2026-03-18 03:36:56.321446,0.0,41.07,0.0632
2026-03-18 03:36:57.377337,0.0,41.07,0.046799999999999994
2026-03-18 03:36:58.426213,0.0,41.07,0.0388
2026-03-18 03:36:59.471792,0.0,41.07,0.0634
2026-03-18 03:37:00.519235,0.0,41.07,0.062
2026-03-18 03:37:01.566919,0.0,41.06,0.064
2026-03-18 03:37:02.619776,0.0,41.06,0.061200000000000004
2026-03-18 03:37:03.672342,0.0,41.06,0.0549
2026-03-18 03:37:04.734152,0.0,41.06,0.038
2026-03-18 03:37:05.781489,0.0,41.06,0.0519
2026-03-18 03:37:06.837384,0.0,41.06,0.0342
2026-03-18 03:37:07.898436,0.0,41.06,0.053899999999999997
2026-03-18 03:37:08.954280,0.0,41.06,0.0514
2026-03-18 03:37:10.012895,0.0,41.06,0.041
2026-03-18 03:37:11.067696,0.0,41.06,0.063
2026-03-18 03:37:12.128610,0.0,41.06,0.047599999999999996
2026-03-18 03:37:13.223459,0.0,41.06,0.0468
2026-03-18 03:37:14.536595,0.0,41.06,0.0391
2026-03-18 03:37:16.034562,0.0,41.06,0.044700000000000004
2026-03-18 03:37:17.155209,0.0,41.06,0.0404
2026-03-18 03:37:18.390794,0.0,41.05,0.049300000000000004
2026-03-18 03:37:19.487658,0.0,41.05,0.032
2026-03-18 03:37:20.567757,0.0,41.05,0.0567
2026-03-18 03:37:21.680556,0.0,41.05,0.0465
2026-03-18 03:37:22.768395,0.0,41.05,0.0359
2026-03-18 03:37:23.857933,0.0,41.05,0.0516
2026-03-18 03:37:24.962164,0.0,41.05,0.0553
2026-03-18 03:37:26.033397,0.0,41.05,0.038
2026-03-18 03:37:27.282687,0.0,41.05,0.0477
2026-03-18 03:37:28.341739,0.0,41.05,0.0434
2026-03-18 03:37:29.405692,0.0,41.05,0.044199999999999996
2026-03-18 03:37:30.559533,0.0,41.05,0.038500000000000006
2026-03-18 03:37:31.705868,0.0,41.05,0.0495
2026-03-18 03:37:33.412028,0.0,41.05,0.0387
2026-03-18 03:37:35.080891,0.0,41.05,0.0378
2026-03-18 03:37:37.099366,0.0,41.05,0.038099999999999995
2026-03-18 03:37:38.500215,0.0,41.04,0.0608
2026-03-18 03:37:39.569718,0.0,41.04,0.056900000000000006
2026-03-18 03:37:41.104024,0.0,41.04,0.0464
2026-03-18 03:37:43.041447,0.0,41.04,0.0516
2026-03-18 03:37:44.207840,0.0,41.04,0.044199999999999996
2026-03-18 03:37:46.071412,0.0,41.04,0.041600000000000005
2026-03-18 03:37:47.342392,0.0,41.04,0.0552
2026-03-18 03:37:48.530103,0.0,41.04,0.0551
2026-03-18 03:37:49.570000,0.0,41.04,0.0444
2026-03-18 03:37:50.722506,0.0,41.04,0.0363
2026-03-18 03:37:51.780813,0.0,41.04,0.0396
2026-03-18 03:37:52.876203,0.0,41.04,0.055600000000000004
2026-03-18 03:37:53.912532,0.0,41.04,0.0434
2026-03-18 03:37:55.028862,0.0,41.03,0.0393
2026-03-18 03:37:56.066811,0.0,41.03,0.060300000000000006
2026-03-18 03:37:57.097974,0.0,41.03,0.0405
2026-03-18 03:37:58.135604,0.0,41.03,0.054900000000000004
2026-03-18 03:37:59.183378,0.0,41.03,0.0574
2026-03-18 03:38:00.213114,0.0,41.03,0.0446
2026-03-18 03:38:01.265692,0.0,41.03,0.048600000000000004
2026-03-18 03:38:02.327702,0.0,41.03,0.0455
2026-03-18 03:38:03.373288,0.0,41.03,0.0343
2026-03-18 03:38:04.438771,0.0,41.03,0.055
2026-03-18 03:38:05.489398,0.0,41.03,0.050800000000000005
2026-03-18 03:38:06.535119,0.0,41.03,0.0537
2026-03-18 03:38:07.584473,0.0,41.03,0.0385
2026-03-18 03:38:08.633235,0.0,41.03,0.0335
2026-03-18 03:38:09.682708,0.0,41.03,0.0365
2026-03-18 03:38:10.740256,0.0,41.03,0.0364
2026-03-18 03:38:11.787324,0.0,41.03,0.0569
2026-03-18 03:38:12.836800,0.0,41.02,0.0353
2026-03-18 03:38:13.884898,0.0,41.02,0.0465
2026-03-18 03:38:14.929632,0.0,41.02,0.0465
2026-03-18 03:38:15.982243,0.0,41.02,0.059699999999999996
2026-03-18 03:38:17.054644,0.0,41.02,0.039599999999999996
2026-03-18 03:38:18.106773,0.0,41.02,0.0552
2026-03-18 03:38:19.141604,0.0,41.02,0.0448
2026-03-18 03:38:20.189834,0.0,41.02,0.0488
2026-03-18 03:38:21.245316,0.0,41.02,0.0455
2026-03-18 03:38:22.304878,0.0,41.02,0.0402
2026-03-18 03:38:23.354015,0.0,41.02,0.053500000000000006
2026-03-18 03:38:24.432382,0.0,41.02,0.0652
2026-03-18 03:38:25.490669,0.0,41.02,0.047099999999999996
2026-03-18 03:38:26.538902,0.0,41.02,0.045099999999999994
2026-03-18 03:38:27.584935,0.0,41.02,0.0372
2026-03-18 03:38:28.627372,0.0,41.02,0.04580000000000001
2026-03-18 03:38:29.671810,0.0,41.01,0.0408
2026-03-18 03:38:30.714347,0.0,41.01,0.0541
2026-03-18 03:38:31.756234,0.0,41.01,0.0548
2026-03-18 03:38:32.792399,0.0,41.01,0.039400000000000004
2026-03-18 03:38:33.836568,0.0,41.01,0.0398
2026-03-18 03:38:34.890858,0.0,41.01,0.0446
2026-03-18 03:38:35.934319,0.0,41.01,0.0617
2026-03-18 03:38:36.986416,0.0,41.01,0.0549
2026-03-18 03:38:38.100827,0.0,41.01,0.0523
2026-03-18 03:38:39.150384,0.0,41.01,0.0554
2026-03-18 03:38:40.196104,0.0,41.01,0.0466
2026-03-18 03:38:41.237881,0.0,41.01,0.0587
2026-03-18 03:38:42.285453,0.0,41.01,0.0467
2026-03-18 03:38:43.342158,0.0,41.01,0.0461
2026-03-18 03:38:44.392772,0.0,41.01,0.042300000000000004
2026-03-18 03:38:45.444572,0.0,41.01,0.0488
2026-03-18 03:38:46.486865,0.0,41.0,0.048
2026-03-18 03:38:47.535690,0.0,41.0,0.0439
2026-03-18 03:38:48.583325,0.0,41.0,0.0353
2026-03-18 03:38:49.627495,0.0,41.0,0.05
2026-03-18 03:38:50.675793,0.0,41.0,0.0362
2026-03-18 03:38:51.732846,0.0,41.0,0.0527
2026-03-18 03:38:52.777642,0.0,41.0,0.0564
2026-03-18 03:38:53.821286,0.0,41.0,0.0426
2026-03-18 03:38:54.889443,0.0,41.0,0.0524
2026-03-18 03:38:55.948581,0.0,41.0,0.056999999999999995
2026-03-18 03:38:57.026697,0.0,41.0,0.048
2026-03-18 03:38:58.100602,0.0,41.0,0.050499999999999996
2026-03-18 03:38:59.140117,0.0,41.0,0.0433
2026-03-18 03:39:00.190783,0.0,41.0,0.0532
2026-03-18 03:39:01.256155,0.0,41.0,0.0612
2026-03-18 03:39:02.303229,0.0,41.0,0.048100000000000004
2026-03-18 03:39:03.342535,0.0,40.99,0.038
2026-03-18 03:39:04.396108,0.0,40.99,0.039400000000000004
2026-03-18 03:39:05.445460,0.0,40.99,0.0368
2026-03-18 03:39:06.496754,0.0,40.99,0.0499
2026-03-18 03:39:07.544611,0.0,40.99,0.044500000000000005
2026-03-18 03:39:08.594399,0.0,40.99,0.0517
2026-03-18 03:39:09.638081,0.0,40.99,0.0552
2026-03-18 03:39:10.686487,0.0,40.99,0.0511
2026-03-18 03:39:11.734298,0.0,40.99,0.041999999999999996
2026-03-18 03:39:12.790002,0.0,40.99,0.0482
2026-03-18 03:39:13.861664,0.0,40.99,0.06509999999999999
2026-03-18 03:39:14.932075,0.0,40.99,0.043399999999999994
2026-03-18 03:39:15.983634,0.0,40.99,0.0622
2026-03-18 03:39:17.027114,0.0,40.99,0.0559
2026-03-18 03:39:18.071134,0.0,40.99,0.054599999999999996
2026-03-18 03:39:19.116084,0.0,40.99,0.047799999999999995
2026-03-18 03:39:20.158029,0.0,40.98,0.0547
2026-03-18 03:39:21.202566,0.0,40.98,0.0376
2026-03-18 03:39:22.250498,0.0,40.98,0.0643
2026-03-18 03:39:23.303753,0.0,40.98,0.0344
2026-03-18 03:39:24.357288,0.0,40.98,0.0486
2026-03-18 03:39:25.401747,0.0,40.98,0.032100000000000004
2026-03-18 03:39:26.462595,0.0,40.98,0.050800000000000005
2026-03-18 03:39:27.513097,0.0,40.98,0.0521
2026-03-18 03:39:28.583529,0.0,40.98,0.0418
2026-03-18 03:39:29.634737,0.0,40.98,0.0535
2026-03-18 03:39:30.679355,0.0,40.98,0.0467
2026-03-18 03:39:31.739126,0.0,40.98,0.045
2026-03-18 03:39:32.797405,0.0,40.98,0.0388
2026-03-18 03:39:33.841653,0.0,40.98,0.0572
2026-03-18 03:39:34.894080,0.0,40.98,0.0617
2026-03-18 03:39:35.940522,0.0,40.98,0.0616
2026-03-18 03:39:37.001054,0.0,40.97,0.0333
2026-03-18 03:39:38.053275,0.0,40.97,0.0468
2026-03-18 03:39:39.098334,0.0,40.97,0.05159999999999999
2026-03-18 03:39:40.142609,0.0,40.97,0.038200000000000005
2026-03-18 03:39:41.196438,0.0,40.97,0.053700000000000005
2026-03-18 03:39:42.245996,0.0,40.97,0.0444
2026-03-18 03:39:43.294156,0.0,40.97,0.0407
2026-03-18 03:39:44.336720,0.0,40.97,0.0618
2026-03-18 03:39:45.392187,0.0,40.97,0.038400000000000004
2026-03-18 03:39:46.463402,0.0,40.97,0.0349
2026-03-18 03:39:47.519363,0.0,40.97,0.0564
2026-03-18 03:39:48.615062,0.0,40.97,0.0403
2026-03-18 03:39:49.683057,0.0,40.97,0.060700000000000004
2026-03-18 03:39:50.733231,0.0,40.97,0.0473
2026-03-18 03:39:51.781518,0.0,40.97,0.0328
2026-03-18 03:39:52.818578,0.0,40.97,0.0581
2026-03-18 03:39:53.864504,0.0,40.97,0.0446
2026-03-18 03:39:54.925324,0.0,40.96,0.0572
2026-03-18 03:39:56.037577,0.0,40.96,0.051199999999999996
2026-03-18 03:39:57.086927,0.0,40.96,0.0573
2026-03-18 03:39:58.139372,0.0,40.96,0.0685
2026-03-18 03:39:59.243052,0.0,40.96,0.0625
2026-03-18 03:40:00.543888,0.0,40.96,0.0526
2026-03-18 03:40:01.667794,0.0,40.96,0.0487
2026-03-18 03:40:03.442392,0.0,40.96,0.040799999999999996
2026-03-18 03:40:07.678851,0.0,40.96,0.0637
2026-03-18 03:40:08.819629,0.0,40.96,0.035500000000000004
2026-03-18 03:40:09.925890,0.0,40.95,0.0423
2026-03-18 03:40:10.971489,0.0,40.95,0.0579
2026-03-18 03:40:12.033711,0.0,40.95,0.058
2026-03-18 03:40:13.124044,0.0,40.95,0.041999999999999996
2026-03-18 03:40:14.166759,0.0,40.95,0.0566
2026-03-18 03:40:15.287990,0.0,40.95,0.0365
2026-03-18 03:40:16.348591,0.0,40.95,0.048499999999999995
2026-03-18 03:40:17.394828,0.0,40.95,0.042899999999999994
2026-03-18 03:40:18.462340,0.0,40.95,0.0385
2026-03-18 03:40:19.516190,0.0,40.95,0.0475
2026-03-18 03:40:20.568020,0.0,40.95,0.0609
2026-03-18 03:40:21.623398,0.0,40.95,0.046200000000000005
2026-03-18 03:40:22.674061,0.0,40.95,0.0447
2026-03-18 03:40:24.356682,0.0,40.95,0.0615
2026-03-18 03:40:25.416536,0.0,40.95,0.047599999999999996
2026-03-18 03:40:26.464310,0.0,40.94,0.0426
2026-03-18 03:40:27.546365,0.0,40.94,0.043399999999999994
2026-03-18 03:40:28.616135,0.0,40.94,0.0455
2026-03-18 03:40:29.667994,0.0,40.94,0.049600000000000005
2026-03-18 03:40:30.718785,0.0,40.94,0.0472
2026-03-18 03:40:31.781621,0.0,40.94,0.055
2026-03-18 03:40:32.868763,0.0,40.94,0.0515
2026-03-18 03:40:33.911030,0.0,40.94,0.058499999999999996
2026-03-18 03:40:34.965452,0.0,40.94,0.0628
2026-03-18 03:40:36.013040,0.0,40.94,0.0404
2026-03-18 03:40:37.056111,0.0,40.94,0.0294
2026-03-18 03:40:38.104403,0.0,40.94,0.0386
2026-03-18 03:40:39.153695,0.0,40.94,0.0464
2026-03-18 03:40:40.203444,0.0,40.94,0.0354
2026-03-18 03:40:41.246383,0.0,40.94,0.0448
2026-03-18 03:40:42.297250,0.0,40.94,0.0577
2026-03-18 03:40:43.350133,0.0,40.93,0.0605
2026-03-18 03:40:44.415356,0.0,40.93,0.0499
2026-03-18 03:40:45.475896,0.0,40.93,0.0353
2026-03-18 03:40:46.529359,0.0,40.93,0.040299999999999996
2026-03-18 03:40:47.573673,0.0,40.93,0.06470000000000001
2026-03-18 03:40:48.617452,0.0,40.93,0.057300000000000004
2026-03-18 03:40:49.660192,0.0,40.93,0.045899999999999996
2026-03-18 03:40:50.706583,0.0,40.93,0.0631
2026-03-18 03:40:51.753333,0.0,40.93,0.06470000000000001
2026-03-18 03:40:52.817153,0.0,40.93,0.0557
2026-03-18 03:40:53.865407,0.0,40.93,0.041800000000000004
2026-03-18 03:40:54.908314,0.0,40.93,0.0409
2026-03-18 03:40:55.953340,0.0,40.93,0.034699999999999995
2026-03-18 03:40:56.992267,0.0,40.93,0.056499999999999995
2026-03-18 03:40:58.041367,0.0,40.93,0.0339
2026-03-18 03:40:59.087789,0.0,40.93,0.0468
2026-03-18 03:41:00.206276,0.0,40.92,0.0423
2026-03-18 03:41:01.263664,0.0,40.92,0.0508
2026-03-18 03:41:02.310459,0.0,40.92,0.0473
2026-03-18 03:41:03.368268,0.0,40.92,0.0567
2026-03-18 03:41:04.413423,0.0,40.92,0.057800000000000004
2026-03-18 03:41:05.464181,0.0,40.92,0.0388
2026-03-18 03:41:06.508548,0.0,40.92,0.0477
2026-03-18 03:41:07.560362,0.0,40.92,0.041800000000000004
2026-03-18 03:41:08.623187,0.0,40.92,0.0446
2026-03-18 03:41:09.671544,0.0,40.92,0.049600000000000005
2026-03-18 03:41:10.719604,0.0,40.92,0.0542
2026-03-18 03:41:11.761196,0.0,40.92,0.047
2026-03-18 03:41:12.804709,0.0,40.92,0.0356
2026-03-18 03:41:13.840435,0.0,40.92,0.0448
2026-03-18 03:41:14.890095,0.0,40.92,0.0575
2026-03-18 03:41:15.933528,0.0,40.92,0.0426
2026-03-18 03:41:16.980303,0.0,40.92,0.057600000000000005
2026-03-18 03:41:18.224582,0.0,40.92,0.0
2026-03-18 03:41:19.286716,0.0,40.92,0.0
2026-03-18 03:41:20.346382,0.0,40.92,0.0
2026-03-18 03:41:21.409299,0.0,40.92,0.0
2026-03-18 03:41:22.469632,0.0,40.92,0.0
2026-03-18 03:41:23.528896,0.0,40.92,0.0
2026-03-18 03:41:24.577324,0.0,40.92,0.0
2026-03-18 03:41:26.222460,0.0,40.92,0.0
2026-03-18 03:41:27.266094,0.0,40.92,0.0
2026-03-18 03:41:28.309741,0.0,40.92,0.0
2026-03-18 03:41:29.362133,0.0,40.92,0.0
2026-03-18 03:41:30.408267,0.0,40.92,0.0
2026-03-18 03:41:31.453615,0.0,40.92,0.0
2026-03-18 03:41:32.517421,0.0,40.92,0.0
2026-03-18 03:41:33.564368,0.0,40.92,0.0
2026-03-18 03:41:34.788935,0.0,40.92,0.0
2026-03-18 03:41:35.831255,0.0,40.92,0.0
2026-03-18 03:41:36.874139,0.0,40.92,0.0
2026-03-18 03:41:37.934164,0.0,40.92,0.0
2026-03-18 03:41:38.979305,0.0,40.92,0.0
2026-03-18 03:41:40.022259,0.0,40.92,0.0
2026-03-18 03:41:41.065778,0.0,40.92,0.0
2026-03-18 03:41:42.113044,0.0,40.92,0.0
2026-03-18 03:41:43.158163,0.0,40.92,0.0
2026-03-18 03:41:44.197013,0.0,40.92,0.0
2026-03-18 03:41:45.242852,0.0,40.92,0.0
2026-03-18 03:41:46.290904,0.0,40.92,0.0
2026-03-18 03:41:47.333021,0.0,40.92,0.0
2026-03-18 03:41:48.384057,0.0,40.92,0.0
2026-03-18 03:41:49.433073,0.0,40.92,0.0
2026-03-18 03:41:50.475294,0.0,40.92,0.0
2026-03-18 03:41:51.521927,0.0,40.92,0.0
2026-03-18 03:41:52.565396,0.0,40.92,0.0
2026-03-18 03:41:53.608444,0.0,40.92,0.0
2026-03-18 03:41:54.652514,0.0,40.92,0.0
2026-03-18 03:41:55.697223,0.0,40.92,0.0
2026-03-18 03:41:56.752009,0.0,40.92,0.0
2026-03-18 03:41:57.806435,0.0,40.92,0.0
2026-03-18 03:41:58.853409,0.0,40.92,0.0
2026-03-18 03:41:59.901331,0.0,40.92,0.0
2026-03-18 03:42:00.955451,0.0,40.92,0.0
2026-03-18 03:42:02.015580,0.0,40.92,0.0
2026-03-18 03:42:03.060164,0.0,40.92,0.0
2026-03-18 03:42:04.105776,0.0,40.92,0.0
2026-03-18 03:42:05.149162,0.0,40.92,0.0
2026-03-18 03:42:06.190910,0.0,40.92,0.0
2026-03-18 03:42:07.235061,0.0,40.92,0.0
2026-03-18 03:42:08.284514,0.0,40.92,0.0
2026-03-18 03:42:09.328340,0.0,40.92,0.0
2026-03-18 03:42:10.374553,0.0,40.92,0.0
2026-03-18 03:42:11.424517,0.0,40.92,0.0
2026-03-18 03:42:12.471554,0.0,40.92,0.0
2026-03-18 03:42:13.517867,0.0,40.92,0.0
2026-03-18 03:42:14.563039,0.0,40.92,0.0
2026-03-18 03:42:15.607432,0.0,40.92,0.0
2026-03-18 03:42:16.652024,0.0,40.92,0.0
2026-03-18 03:42:17.708109,0.0,40.92,0.0
2026-03-18 03:42:18.763593,0.0,40.92,0.0
2026-03-18 03:42:19.812131,0.0,40.92,0.0
2026-03-18 03:42:20.855483,0.0,40.92,0.0
2026-03-18 03:42:21.902266,0.0,40.92,0.0
2026-03-18 03:42:22.950237,0.0,40.92,0.0
2026-03-18 03:42:23.995742,0.0,40.92,0.0
2026-03-18 03:42:25.040324,0.0,40.92,0.0
2026-03-18 03:42:26.084559,0.0,40.92,0.0
2026-03-18 03:42:27.136514,0.0,40.92,0.0
2026-03-18 03:42:28.186563,0.0,40.92,0.0
2026-03-18 03:42:29.235329,0.0,40.92,0.0
2026-03-18 03:42:30.281830,0.0,40.92,0.0
2026-03-18 03:42:31.324466,0.0,40.92,0.0
2026-03-18 03:42:32.372139,0.0,40.92,0.0
2026-03-18 03:42:33.418980,0.0,40.92,0.0
2026-03-18 03:42:34.472896,0.0,40.92,0.0
2026-03-18 03:42:35.571442,0.0,40.92,0.0
2026-03-18 03:42:36.618646,0.0,40.92,0.0
2026-03-18 03:42:37.663300,0.0,40.92,0.0
2026-03-18 03:42:38.778502,0.0,40.92,0.0
2026-03-18 03:42:39.827038,0.0,40.92,0.0
2026-03-18 03:42:40.873148,0.0,40.92,0.0
2026-03-18 03:42:41.916702,0.0,40.92,0.0
2026-03-18 03:42:42.959850,0.0,40.92,0.0
2026-03-18 03:42:44.004656,0.0,40.92,0.0
2026-03-18 03:42:45.046767,0.0,40.92,0.0
2026-03-18 03:42:46.092446,0.0,40.92,0.0
2026-03-18 03:42:47.138222,0.0,40.92,0.0
2026-03-18 03:42:48.192918,0.0,40.92,0.0
2026-03-18 03:42:49.241252,0.0,40.92,0.0
2026-03-18 03:42:50.294792,0.0,40.92,0.0
2026-03-18 03:42:51.340316,0.0,40.92,0.0
2026-03-18 03:42:52.395069,0.0,40.92,0.0
2026-03-18 03:42:53.443374,0.0,40.92,0.0
2026-03-18 03:42:54.493260,0.0,40.92,0.0
2026-03-18 03:42:55.543119,0.0,40.92,0.0
2026-03-18 03:42:56.587114,0.0,40.92,0.0
2026-03-18 03:42:57.637436,0.0,40.92,0.0
2026-03-18 03:42:58.681025,0.0,40.92,0.0
2026-03-18 03:42:59.723399,0.0,40.92,0.0
2026-03-18 03:43:00.768497,0.0,40.92,0.0
2026-03-18 03:43:01.812570,0.0,40.92,0.0
2026-03-18 03:43:02.850828,0.0,40.92,0.0
2026-03-18 03:43:03.898742,0.0,40.92,0.0
2026-03-18 03:43:04.947854,0.0,40.92,0.0
2026-03-18 03:43:05.982641,0.0,40.92,0.0
2026-03-18 03:43:07.023042,0.0,40.92,0.0
2026-03-18 03:43:08.071167,0.0,40.92,0.0
2026-03-18 03:43:09.118232,0.0,40.92,0.0
2026-03-18 03:43:10.165384,0.0,40.92,0.0
2026-03-18 03:43:11.219921,0.0,40.92,0.0
2026-03-18 03:43:12.259638,0.0,40.92,0.0
2026-03-18 03:43:13.306214,0.0,40.92,0.0
2026-03-18 03:43:14.350612,0.0,40.92,0.0
2026-03-18 03:43:15.398462,0.0,40.92,0.0
2026-03-18 03:43:16.448075,0.0,40.92,0.0
2026-03-18 03:43:17.491426,0.0,40.92,0.0
2026-03-18 03:43:18.535141,0.0,40.92,0.0
2026-03-18 03:43:19.593227,0.0,40.92,0.0
2026-03-18 03:43:20.645478,0.0,40.92,0.0
2026-03-18 03:43:21.669439,0.0,40.92,0.0
2026-03-18 03:43:22.722917,0.0,40.92,0.0
2026-03-18 03:43:23.778138,0.0,40.92,0.0
2026-03-18 03:43:24.823079,0.0,40.92,0.0
2026-03-18 03:43:25.864592,0.0,40.92,0.0
2026-03-18 03:43:26.887537,0.0,40.92,0.0
2026-03-18 03:43:27.930276,0.0,40.92,0.0
2026-03-18 03:43:28.974320,0.0,40.92,0.0
2026-03-18 03:43:30.022249,0.0,40.92,0.0
2026-03-18 03:43:31.068491,0.0,40.92,0.0
2026-03-18 03:43:32.121624,0.0,40.92,0.0
2026-03-18 03:43:33.173790,0.0,40.92,0.0
2026-03-18 03:43:34.223688,0.0,40.92,0.0
2026-03-18 03:43:35.277590,0.0,40.92,0.0
2026-03-18 03:43:36.319476,0.0,40.92,0.0
2026-03-18 03:43:37.382534,0.0,40.92,0.0
2026-03-18 03:43:38.440296,0.0,40.92,0.0
2026-03-18 03:43:39.505206,0.0,40.92,0.0
2026-03-18 03:43:40.563482,0.0,40.92,0.0
2026-03-18 03:43:41.623856,0.0,40.92,0.0
2026-03-18 03:43:42.686245,0.0,40.92,0.0
2026-03-18 03:43:43.737247,0.0,40.92,0.0
2026-03-18 03:43:44.788299,0.0,40.92,0.0
2026-03-18 03:43:45.848869,0.0,40.92,0.0
2026-03-18 03:43:46.900038,0.0,40.92,0.0
2026-03-18 03:43:47.934501,0.0,40.92,0.0
2026-03-18 03:43:48.958608,0.0,40.92,0.0
2026-03-18 03:43:49.980434,0.0,40.92,0.0
2026-03-18 03:43:51.005121,0.0,40.92,0.0
2026-03-18 03:43:52.034421,0.0,40.92,0.0
2026-03-18 03:43:53.069625,0.0,40.92,0.0
2026-03-18 03:43:54.124425,0.0,40.92,0.0
2026-03-18 03:43:55.175344,0.0,40.92,0.0
2026-03-18 03:43:56.220494,0.0,40.92,0.0
2026-03-18 03:43:57.265386,0.0,40.92,0.0
2026-03-18 03:43:58.311234,0.0,40.92,0.0
2026-03-18 03:43:59.358990,0.0,40.92,0.0
2026-03-18 03:44:00.406576,0.0,40.92,0.0
2026-03-18 03:44:01.454845,0.0,40.92,0.0
2026-03-18 03:44:02.503638,0.0,40.92,0.0
2026-03-18 03:44:03.547170,0.0,40.92,0.0
2026-03-18 03:44:04.589574,0.0,40.92,0.0
2026-03-18 03:44:05.633694,0.0,40.92,0.0
2026-03-18 03:44:06.679201,0.0,40.92,0.0
2026-03-18 03:44:07.724036,0.0,40.92,0.0
2026-03-18 03:44:08.775570,0.0,40.92,0.0
2026-03-18 03:44:09.836452,0.0,40.92,0.0
2026-03-18 03:44:10.883623,0.0,40.92,0.0
2026-03-18 03:44:11.929490,0.0,40.92,0.0
2026-03-18 03:44:12.970595,0.0,40.92,0.0
2026-03-18 03:44:14.002804,0.0,40.92,0.0
2026-03-18 03:44:15.038146,0.0,40.92,0.0
2026-03-18 03:44:16.083000,0.0,40.92,0.0
2026-03-18 03:44:17.129848,0.0,40.92,0.0
2026-03-18 03:44:18.179618,0.0,40.92,0.0
2026-03-18 03:44:19.228287,0.0,40.92,0.0
2026-03-18 03:44:20.266901,0.0,40.92,0.0
2026-03-18 03:44:21.294642,0.0,40.92,0.0
2026-03-18 03:44:22.339462,0.0,40.92,0.0
2026-03-18 03:44:23.379788,0.0,40.92,0.0
2026-03-18 03:44:24.403863,0.0,40.92,0.0
2026-03-18 03:44:25.435936,0.0,40.92,0.0
2026-03-18 03:44:26.489283,0.0,40.92,0.0
2026-03-18 03:44:33.309133,0.0,70.0,0.0
2026-03-18 03:44:34.345782,0.0,70.0,0.0
2026-03-18 03:44:35.392522,0.0,70.0,0.0
2026-03-18 03:44:36.437111,0.0,70.0,0.0
2026-03-18 03:44:37.486298,0.0,70.0,0.0
2026-03-18 03:44:38.551723,0.0,70.0,0.0
2026-03-18 03:44:39.597089,0.0,70.0,0.0
2026-03-18 03:44:40.641807,0.0,70.0,0.0
2026-03-18 03:44:41.686364,0.0,70.0,0.0
2026-03-18 03:44:42.737741,0.0,70.0,0.0
2026-03-18 03:44:43.780128,0.0,70.0,0.0
2026-03-18 03:44:44.827405,0.0,70.0,0.0
2026-03-18 03:44:45.894872,0.0,70.0,0.0
2026-03-18 03:44:46.942411,0.0,70.0,0.0
2026-03-18 03:44:47.989902,0.0,70.0,0.0
2026-03-18 03:44:49.032047,0.0,70.0,0.0
2026-03-18 03:44:50.087390,0.0,70.0,0.0
2026-03-18 03:44:51.132827,0.0,70.0,0.0
2026-03-18 03:44:52.177540,0.0,70.0,0.0
2026-03-18 03:44:53.222594,0.0,70.0,0.0
2026-03-18 03:44:54.260069,0.0,70.0,0.0
2026-03-18 03:44:55.289532,0.0,70.0,0.0
2026-03-18 03:44:56.334508,0.0,70.0,0.0
2026-03-18 03:44:57.377108,0.0,70.0,0.0
2026-03-18 03:44:58.423008,0.0,70.0,0.0
2026-03-18 03:44:59.459287,0.0,70.0,0.0
2026-03-18 03:45:00.487701,0.0,70.0,0.0
2026-03-18 03:45:01.515036,0.0,70.0,0.0
2026-03-18 03:45:02.541176,0.0,70.0,0.0
2026-03-18 03:45:03.569777,0.0,70.0,0.0
2026-03-18 03:45:04.625833,0.0,70.0,0.0
2026-03-18 03:45:05.673057,0.0,70.0,0.0
2026-03-18 03:45:06.739765,0.0,70.0,0.0
2026-03-18 03:45:07.867821,0.0,70.0,0.0
2026-03-18 03:45:08.900607,0.0,70.0,0.0
2026-03-18 03:45:09.942236,0.0,70.0,0.0
2026-03-18 03:45:10.998635,0.0,70.0,0.0
2026-03-18 03:45:12.030340,0.0,70.0,0.0
2026-03-18 03:45:13.058358,0.0,70.0,0.0
2026-03-18 03:45:14.105527,0.0,70.0,0.0
2026-03-18 03:45:15.166920,0.0,70.0,0.0
2026-03-18 03:45:16.219754,0.0,70.0,0.0
2026-03-18 03:45:17.265949,0.0,70.0,0.0
2026-03-18 03:45:18.308209,0.0,70.0,0.0
2026-03-18 03:45:19.353459,0.0,70.0,0.0
2026-03-18 03:45:20.402341,0.0,70.0,0.0
2026-03-18 03:45:21.448025,0.0,70.0,0.0
2026-03-18 03:45:22.505265,0.0,70.0,0.0
2026-03-18 03:45:23.554306,0.0,70.0,0.0
2026-03-18 03:45:24.599096,0.0,70.0,0.0
2026-03-18 03:45:25.633451,0.0,70.0,0.0
2026-03-18 03:45:26.678429,0.0,70.0,0.0
2026-03-18 03:45:27.717756,0.0,70.0,0.0
2026-03-18 03:45:28.751627,0.0,70.0,0.0
2026-03-18 03:45:29.784731,0.0,70.0,0.0
2026-03-18 03:45:30.826271,0.0,70.0,0.0
2026-03-18 03:45:31.869318,0.0,70.0,0.0
2026-03-18 03:45:32.925658,0.0,70.0,0.0
2026-03-18 03:45:33.985595,0.0,70.0,0.0
2026-03-18 03:45:35.029295,0.0,70.0,0.0
2026-03-18 03:45:36.071017,0.0,70.0,0.0
2026-03-18 03:45:37.121201,0.0,70.0,0.0
2026-03-18 03:45:38.173062,0.0,70.0,0.0
2026-03-18 03:45:39.219364,0.0,70.0,0.0
2026-03-18 03:45:40.265198,0.0,70.0,0.0
2026-03-18 03:45:41.328409,0.0,70.0,0.0
2026-03-18 03:45:42.382835,0.0,70.0,0.0
2026-03-18 03:45:43.429884,0.0,70.0,0.0
2026-03-18 03:45:44.465783,0.0,70.0,0.0
2026-03-18 03:45:45.515419,0.0,70.0,0.0
2026-03-18 03:45:46.570815,0.0,70.0,0.0
2026-03-18 03:45:47.614921,0.0,70.0,0.0
2026-03-18 03:45:48.674142,0.0,70.0,0.0
2026-03-18 03:45:49.729818,0.0,70.0,0.0
2026-03-18 03:45:50.783055,0.0,70.0,0.0
2026-03-18 03:45:51.829604,0.0,70.0,0.0
2026-03-18 03:45:52.878703,0.0,70.0,0.0
2026-03-18 03:45:53.923004,0.0,70.0,0.0
2026-03-18 03:45:54.989083,0.0,70.0,0.0
2026-03-18 03:45:56.039226,0.0,70.0,0.0
2026-03-18 03:45:57.092498,0.0,70.0,0.0
2026-03-18 03:45:58.125582,0.0,70.0,0.0
2026-03-18 03:45:59.186366,0.0,70.0,0.0
2026-03-18 03:46:00.267763,0.0,70.0,0.0
2026-03-18 03:46:01.331252,0.0,70.0,0.0
2026-03-18 03:46:02.356059,0.0,70.0,0.0
2026-03-18 03:46:03.401487,0.0,70.0,0.0
2026-03-18 03:46:04.432102,0.0,70.0,0.0
2026-03-18 03:46:05.475748,0.0,70.0,0.0
2026-03-18 03:46:06.520196,0.0,70.0,0.0
2026-03-18 03:46:07.556405,0.0,70.0,0.0
2026-03-18 03:46:08.603291,0.0,70.0,0.0
2026-03-18 03:46:09.652935,0.0,70.0,0.0
2026-03-18 03:46:10.685133,0.0,70.0,0.0
2026-03-18 03:46:11.716026,0.0,70.0,0.0
2026-03-18 03:46:12.762475,0.0,70.0,0.0
2026-03-18 03:46:13.809357,0.0,70.0,0.0
2026-03-18 03:46:14.866044,0.0,70.0,0.0
2026-03-18 03:46:15.928030,0.0,70.0,0.0
2026-03-18 03:46:16.973368,0.0,70.0,0.0
2026-03-18 03:46:18.018447,0.0,70.0,0.0
2026-03-18 03:46:19.069716,0.0,70.0,0.0
2026-03-18 03:46:20.121485,0.0,70.0,0.0
2026-03-18 03:46:21.170451,0.0,70.0,0.0
2026-03-18 03:46:22.217860,0.0,70.0,0.0
2026-03-18 03:46:23.270003,0.0,70.0,0.0
2026-03-18 03:46:24.325893,0.0,70.0,0.0
2026-03-18 03:46:25.372308,0.0,70.0,0.0
2026-03-18 03:46:26.422190,0.0,70.0,0.0
2026-03-18 03:46:27.447454,0.0,70.0,0.0
2026-03-18 03:46:28.500521,0.0,70.0,0.0
2026-03-18 03:46:29.534417,0.0,70.0,0.0
2026-03-18 03:46:30.577634,0.0,70.0,0.0
2026-03-18 03:46:31.622097,0.0,70.0,0.0
2026-03-18 03:46:32.661905,0.0,70.0,0.0
2026-03-18 03:46:33.711651,0.0,70.0,0.0
2026-03-18 03:46:34.761783,0.0,70.0,0.0
2026-03-18 03:46:35.803246,0.0,70.0,0.0
2026-03-18 03:46:36.851068,0.0,70.0,0.0
2026-03-18 03:46:37.900036,0.0,70.0,0.0
2026-03-18 03:46:38.946471,0.0,70.0,0.0
2026-03-18 03:46:39.989298,0.0,70.0,0.0
2026-03-18 03:46:41.037146,0.0,70.0,0.0
2026-03-18 03:46:42.090134,0.0,70.0,0.0
2026-03-18 03:46:43.150774,0.0,70.0,0.0
2026-03-18 03:46:44.196921,0.0,70.0,0.0
2026-03-18 03:46:45.231612,0.0,70.0,0.0
2026-03-18 03:46:46.283092,0.0,70.0,0.0
2026-03-18 03:46:47.326018,0.0,70.0,0.0
2026-03-18 03:46:48.360805,0.0,70.0,0.0
2026-03-18 03:46:49.410561,0.0,70.0,0.0
2026-03-18 03:46:50.465932,0.0,70.0,0.0
2026-03-18 03:46:51.492617,0.0,70.0,0.0
2026-03-18 03:46:52.539260,0.0,70.0,0.0
2026-03-18 03:46:53.582605,0.0,70.0,0.0
2026-03-18 03:46:54.617945,0.0,70.0,0.0
2026-03-18 03:46:55.657648,0.0,70.0,0.0
2026-03-18 03:46:56.689327,0.0,70.0,0.0
2026-03-18 03:46:57.733181,0.0,70.0,0.0
2026-03-18 03:46:58.788420,0.0,70.0,0.0
2026-03-18 03:46:59.835450,0.0,70.0,0.0
2026-03-18 03:47:00.881549,0.0,70.0,0.0
2026-03-18 03:47:01.931215,0.0,70.0,0.0
2026-03-18 03:47:02.956314,0.0,70.0,0.0
2026-03-18 03:47:03.990251,0.0,70.0,0.0
2026-03-18 03:47:05.050827,0.0,70.0,0.0
2026-03-18 03:47:06.099720,0.0,70.0,0.0
2026-03-18 03:47:07.147071,0.0,70.0,0.0
2026-03-18 03:47:08.195537,0.0,70.0,0.0
2026-03-18 03:47:09.238090,0.0,70.0,0.0
2026-03-18 03:47:10.292020,0.0,70.0,0.0
2026-03-18 03:47:11.319466,0.0,70.0,0.0
2026-03-18 03:47:12.369907,0.0,70.0,0.0
2026-03-18 03:47:13.413711,0.0,70.0,0.0
2026-03-18 03:47:14.441386,0.0,70.0,0.0
2026-03-18 03:47:15.496343,0.0,70.0,0.0
2026-03-18 03:47:16.541162,0.0,70.0,0.0
2026-03-18 03:47:17.567598,0.0,70.0,0.0
2026-03-18 03:47:18.618576,0.0,70.0,0.0
2026-03-18 03:47:19.674613,0.0,70.0,0.0
2026-03-18 03:47:20.721369,0.0,70.0,0.0
2026-03-18 03:47:21.769630,0.0,70.0,0.0
2026-03-18 03:47:22.819409,0.0,70.0,0.0
2026-03-18 03:47:23.868655,0.0,70.0,0.0
2026-03-18 03:47:24.898991,0.0,70.0,0.0
2026-03-18 03:47:25.947682,0.0,70.0,0.0
2026-03-18 03:47:26.998189,0.0,70.0,0.0
2026-03-18 03:47:28.054588,0.0,70.0,0.0
2026-03-18 03:47:29.101379,0.0,70.0,0.0
2026-03-18 03:47:30.155287,0.0,70.0,0.0
2026-03-18 03:47:31.201384,0.0,70.0,0.0
2026-03-18 03:47:32.249665,0.0,70.0,0.0
2026-03-18 03:47:33.277667,0.0,70.0,0.0
2026-03-18 03:47:34.338741,0.0,70.0,0.0
2026-03-18 03:47:35.384714,0.0,70.0,0.0
2026-03-18 03:47:36.433128,0.0,70.0,0.0
2026-03-18 03:47:37.481037,0.0,70.0,0.0
2026-03-18 03:47:38.533124,0.0,70.0,0.0
2026-03-18 03:47:39.580026,0.0,70.0,0.0
2026-03-18 03:47:40.632736,0.0,70.0,0.0
2026-03-18 03:47:41.674847,0.0,70.0,0.0
2026-03-18 03:47:42.715441,0.0,70.0,0.0
2026-03-18 03:47:43.764082,0.0,70.0,0.0
2026-03-18 03:47:44.823350,0.0,70.0,0.0
2026-03-18 03:47:45.870507,0.0,70.0,0.0
2026-03-18 03:47:46.917361,0.0,70.0,0.0
2026-03-18 03:47:47.963475,0.0,70.0,0.0
2026-03-18 03:47:48.995814,0.0,70.0,0.0
2026-03-18 03:47:50.020522,0.0,70.0,0.0
2026-03-18 03:47:51.049626,0.0,70.0,0.0
2026-03-18 03:47:52.097235,0.0,70.0,0.0
2026-03-18 03:47:53.145516,0.0,70.0,0.0
2026-03-18 03:47:54.189296,0.0,70.0,0.0
2026-03-18 03:47:55.227366,0.0,70.0,0.0
2026-03-18 03:47:56.273285,0.0,70.0,0.0
2026-03-18 03:47:57.326149,0.0,70.0,0.0
2026-03-18 03:47:58.370403,0.0,70.0,0.0
2026-03-18 03:47:59.414316,0.0,70.0,0.0
2026-03-18 03:48:00.479604,0.0,70.0,0.0
2026-03-18 03:48:01.525797,0.0,70.0,0.0
2026-03-18 03:48:02.558213,0.0,70.0,0.0
2026-03-18 03:48:03.599367,0.0,70.0,0.0
2026-03-18 03:48:04.657061,0.0,70.0,0.0
2026-03-18 03:48:05.707451,0.0,70.0,0.0
2026-03-18 03:48:06.756570,0.0,70.0,0.0
2026-03-18 03:48:07.815327,0.0,70.0,0.0
2026-03-18 03:48:08.862430,0.0,70.0,0.0
2026-03-18 03:48:09.912498,0.0,70.0,0.0
2026-03-18 03:48:10.964061,0.0,70.0,0.0
2026-03-18 03:48:11.992359,0.0,70.0,0.0
2026-03-18 03:48:13.022044,0.0,70.0,0.0
2026-03-18 03:48:14.078052,0.0,70.0,0.0
2026-03-18 03:48:15.111777,0.0,70.0,0.0
2026-03-18 03:48:16.155062,0.0,70.0,0.0
2026-03-18 03:48:17.193862,0.0,70.0,0.0
2026-03-18 03:48:18.240224,0.0,70.0,0.0
2026-03-18 03:48:19.294685,0.0,70.0,0.0
2026-03-18 03:48:20.337197,0.0,70.0,0.0
2026-03-18 03:48:21.384923,0.0,70.0,0.0
2026-03-18 03:48:22.439027,0.0,70.0,0.0
2026-03-18 03:48:23.484436,0.0,70.0,0.0
2026-03-18 03:48:24.531555,0.0,70.0,0.0
2026-03-18 03:48:25.574130,0.0,70.0,0.0
2026-03-18 03:48:26.622108,0.0,70.0,0.0
2026-03-18 03:48:27.666078,0.0,70.0,0.0
2026-03-18 03:48:28.718974,0.0,70.0,0.0
2026-03-18 03:48:29.753096,0.0,70.0,0.0
2026-03-18 03:48:30.804313,0.0,70.0,0.0
2026-03-18 03:48:31.853154,0.0,70.0,0.0
2026-03-18 03:48:32.909668,0.0,70.0,0.0
2026-03-18 03:48:33.951386,0.0,70.0,0.0
2026-03-18 03:48:34.996230,0.0,70.0,0.0
2026-03-18 03:48:36.040538,0.0,70.0,0.0
2026-03-18 03:48:37.092695,0.0,70.0,0.0
2026-03-18 03:48:38.136714,0.0,70.0,0.0
2026-03-18 03:48:39.179778,0.0,70.0,0.0
2026-03-18 03:48:40.237121,0.0,70.0,0.0
2026-03-18 03:48:41.283459,0.0,70.0,0.0
2026-03-18 03:48:42.332855,0.0,70.0,0.0
2026-03-18 03:48:43.378348,0.0,70.0,0.0
2026-03-18 03:48:44.419331,0.0,70.0,0.0
2026-03-18 03:48:45.465742,0.0,70.0,0.0
2026-03-18 03:48:46.513297,0.0,70.0,0.0
2026-03-18 03:48:47.559108,0.0,70.0,0.0
2026-03-18 03:48:48.601503,0.0,70.0,0.0
2026-03-18 03:48:49.651314,0.0,70.0,0.0
2026-03-18 03:48:50.700410,0.0,70.0,0.0
2026-03-18 03:48:51.746124,0.0,70.0,0.0
2026-03-18 03:48:52.792281,0.0,70.0,0.0
2026-03-18 03:48:53.838446,0.0,70.0,0.0
2026-03-18 03:48:54.885985,0.0,70.0,0.0
2026-03-18 03:48:55.914144,0.0,70.0,0.0
2026-03-18 03:48:56.970239,0.0,70.0,0.0
2026-03-18 03:48:58.022731,0.0,70.0,0.0
2026-03-18 03:48:59.113134,0.0,70.0,0.0
2026-03-18 03:49:00.162644,0.0,70.0,0.0
2026-03-18 03:49:01.214012,0.0,70.0,0.0
2026-03-18 03:49:02.266165,0.0,70.0,0.0
2026-03-18 03:49:03.326710,0.0,70.0,0.0
2026-03-18 03:49:04.388584,0.0,70.0,0.0
2026-03-18 03:49:05.434737,0.0,70.0,0.0
2026-03-18 03:49:06.484243,0.0,70.0,0.0
2026-03-18 03:49:07.524594,0.0,70.0,0.0
2026-03-18 03:49:08.550335,0.0,70.0,0.0
2026-03-18 03:49:09.594559,0.0,70.0,0.0
2026-03-18 03:49:10.642027,0.0,70.0,0.0
2026-03-18 03:49:11.690528,0.0,70.0,0.0
2026-03-18 03:49:12.735987,0.0,70.0,0.0
2026-03-18 03:49:13.794469,0.0,70.0,0.0
2026-03-18 03:49:14.840019,0.0,70.0,0.0
2026-03-18 03:49:15.886452,0.0,70.0,0.0
2026-03-18 03:49:31.229799,0.0,70.0,0.0
2026-03-18 03:49:32.280305,0.0,70.0,0.0
2026-03-18 03:49:33.321992,0.0,70.0,0.0
2026-03-18 03:49:34.365148,0.0,70.0,0.0
2026-03-18 03:49:35.419613,0.0,70.0,0.0
2026-03-18 03:49:36.467497,0.0,70.0,0.0
2026-03-18 03:49:37.505883,0.0,70.0,0.0
2026-03-18 03:49:38.542743,0.0,70.0,0.0
2026-03-18 03:49:39.572887,0.0,70.0,0.0
2026-03-18 03:49:40.605391,0.0,70.0,0.0
2026-03-18 03:49:41.661923,0.0,70.0,0.0
2026-03-18 03:49:42.717130,0.0,70.0,0.0
2026-03-18 03:49:43.766325,0.0,70.0,0.0
2026-03-18 03:49:44.811663,0.0,70.0,0.0
2026-03-18 03:49:45.869292,0.0,70.0,0.0
2026-03-18 03:49:46.915366,0.0,70.0,0.0
2026-03-18 03:49:47.942914,0.0,70.0,0.0
2026-03-18 03:49:48.995076,0.0,70.0,0.0
2026-03-18 03:49:50.050824,0.0,70.0,0.0
2026-03-18 03:49:51.107635,0.0,70.0,0.0
2026-03-18 03:49:52.162536,0.0,70.0,0.0
2026-03-18 03:49:53.208344,0.0,70.0,0.0
2026-03-18 03:49:54.254471,0.0,70.0,0.0
2026-03-18 03:49:55.305279,0.0,70.0,0.0
2026-03-18 03:49:56.346937,0.0,70.0,0.0
2026-03-18 03:49:57.399635,0.0,70.0,0.0
2026-03-18 03:49:58.446345,0.0,70.0,0.0
2026-03-18 03:49:59.484581,0.0,70.0,0.0
2026-03-18 03:50:00.529574,0.0,70.0,0.0
2026-03-18 03:50:01.559225,0.0,70.0,0.0
2026-03-18 03:50:02.604570,0.0,70.0,0.0
2026-03-18 03:50:03.662712,0.0,70.0,0.0
2026-03-18 03:50:04.720417,0.0,70.0,0.0
2026-03-18 03:50:05.766598,0.0,70.0,0.0
2026-03-18 03:50:06.809098,0.0,70.0,0.0
2026-03-18 03:50:07.855557,0.0,70.0,0.0
2026-03-18 03:50:08.899594,0.0,70.0,0.0
2026-03-18 03:50:09.952469,0.0,70.0,0.0
2026-03-18 03:50:11.000874,0.0,70.0,0.0
2026-03-18 03:50:12.047628,0.0,70.0,0.0
2026-03-18 03:50:13.093110,0.0,70.0,0.0
2026-03-18 03:50:14.145014,0.0,70.0,0.0
2026-03-18 03:50:15.188386,0.0,70.0,0.0
2026-03-18 03:50:16.234035,0.0,70.0,0.0
2026-03-18 03:50:17.280610,0.0,70.0,0.0
2026-03-18 03:50:18.324561,0.0,70.0,0.0
2026-03-18 03:50:19.368426,0.0,70.0,0.0
2026-03-18 03:50:20.411085,0.0,70.0,0.0
2026-03-18 03:50:21.454448,0.0,70.0,0.0
2026-03-18 03:50:22.506044,0.0,70.0,0.0
2026-03-18 03:50:23.551566,0.0,70.0,0.0
2026-03-18 03:50:24.605450,0.0,70.0,0.0
2026-03-18 03:50:25.653746,0.0,70.0,0.0
2026-03-18 03:50:26.697778,0.0,70.0,0.0
2026-03-18 03:50:27.738849,0.0,70.0,0.0
2026-03-18 03:50:28.782525,0.0,70.0,0.0
2026-03-18 03:50:29.835841,0.0,70.0,0.0
2026-03-18 03:50:30.880610,0.0,70.0,0.0
2026-03-18 03:50:31.923404,0.0,70.0,0.0
2026-03-18 03:50:32.975004,0.0,70.0,0.0
2026-03-18 03:50:34.003461,0.0,70.0,0.0
2026-03-18 03:50:35.052343,0.0,70.0,0.0
2026-03-18 03:50:36.097866,0.0,70.0,0.0
2026-03-18 03:50:37.148027,0.0,70.0,0.0
2026-03-18 03:50:38.195460,0.0,70.0,0.0
2026-03-18 03:50:39.257223,0.0,70.0,0.0
2026-03-18 03:50:40.305089,0.0,70.0,0.0
2026-03-18 03:50:41.348106,0.0,70.0,0.0
2026-03-18 03:50:42.389463,0.0,70.0,0.0
2026-03-18 03:50:43.434714,0.0,70.0,0.0
2026-03-18 03:50:44.475722,0.0,70.0,0.0
2026-03-18 03:50:45.527362,0.0,70.0,0.0
2026-03-18 03:50:46.559248,0.0,70.0,0.0
2026-03-18 03:50:47.588811,0.0,70.0,0.0
2026-03-18 03:50:48.637728,0.0,70.0,0.0
2026-03-18 03:50:49.670937,0.0,70.0,0.0
2026-03-18 03:50:50.715369,0.0,70.0,0.0
2026-03-18 03:50:51.762893,0.0,70.0,0.0
2026-03-18 03:50:52.819264,0.0,70.0,0.0
2026-03-18 03:50:53.877431,0.0,70.0,0.0
2026-03-18 03:50:54.934057,0.0,70.0,0.0
2026-03-18 03:50:55.980026,0.0,70.0,0.0
2026-03-18 03:50:57.027003,0.0,70.0,0.0
2026-03-18 03:50:58.064438,0.0,70.0,0.0
2026-03-18 03:50:59.108789,0.0,70.0,0.0
2026-03-18 03:51:00.135091,0.0,70.0,0.0
2026-03-18 03:51:01.176631,0.0,70.0,0.0
2026-03-18 03:51:02.215544,0.0,70.0,0.0
2026-03-18 03:51:03.265428,0.0,70.0,0.0
2026-03-18 03:51:04.312412,0.0,70.0,0.0
2026-03-18 03:51:05.369743,0.0,70.0,0.0
2026-03-18 03:51:06.400407,0.0,70.0,0.0
2026-03-18 03:51:07.450202,0.0,70.0,0.0
2026-03-18 03:51:08.498663,0.0,70.0,0.0
2026-03-18 03:51:09.598621,0.0,70.0,0.0
2026-03-18 03:51:10.651520,0.0,70.0,0.0
2026-03-18 03:51:11.695508,0.0,70.0,0.0
2026-03-18 03:51:12.746353,0.0,70.0,0.0
2026-03-18 03:51:13.797278,0.0,70.0,0.0
2026-03-18 03:51:14.844517,0.0,70.0,0.0
2026-03-18 03:51:15.897544,0.0,70.0,0.0
2026-03-18 03:51:16.933832,0.0,70.0,0.0
2026-03-18 03:51:17.988682,0.0,70.0,0.0
2026-03-18 03:51:19.033711,0.0,70.0,0.0
2026-03-18 03:51:20.079478,0.0,70.0,0.0
2026-03-18 03:51:21.128484,0.0,70.0,0.0
2026-03-18 03:51:22.171029,0.0,70.0,0.0
2026-03-18 03:51:23.231069,0.0,70.0,0.0
2026-03-18 03:51:24.273661,0.0,70.0,0.0
2026-03-18 03:51:25.301242,0.0,70.0,0.0
2026-03-18 03:51:26.365223,0.0,70.0,0.0
2026-03-18 03:51:27.411521,0.0,70.0,0.0
2026-03-18 03:51:28.464525,0.0,70.0,0.0
2026-03-18 03:51:29.508943,0.0,70.0,0.0
2026-03-18 03:51:30.553601,0.0,70.0,0.0
2026-03-18 03:51:31.604369,0.0,70.0,0.0
2026-03-18 03:51:32.653401,0.0,70.0,0.0
2026-03-18 03:51:33.692540,0.0,70.0,0.0
2026-03-18 03:51:34.727770,0.0,70.0,0.0
2026-03-18 03:51:35.766355,0.0,70.0,0.0
2026-03-18 03:51:36.803726,0.0,70.0,0.0
2026-03-18 03:51:37.829550,0.0,70.0,0.0
2026-03-18 03:51:38.876272,0.0,70.0,0.0
2026-03-18 03:51:39.919346,0.0,70.0,0.0
2026-03-18 03:51:40.976389,0.0,70.0,0.0
2026-03-18 03:51:42.025399,0.0,70.0,0.0
2026-03-18 03:51:43.068387,0.0,70.0,0.0
2026-03-18 03:51:44.112217,0.0,70.0,0.0
2026-03-18 03:51:45.170079,0.0,70.0,0.0
2026-03-18 03:51:46.213733,0.0,70.0,0.0
2026-03-18 03:51:47.241042,0.0,70.0,0.0
2026-03-18 03:51:48.275058,0.0,70.0,0.0
2026-03-18 03:51:49.318088,0.0,70.0,0.0
2026-03-18 03:51:50.361174,0.0,70.0,0.0
2026-03-18 03:51:51.411228,0.0,70.0,0.0
2026-03-18 03:51:52.464478,0.0,70.0,0.0
2026-03-18 03:51:53.494293,0.0,70.0,0.0
2026-03-18 03:51:54.541758,0.0,70.0,0.0
2026-03-18 03:51:55.572005,0.0,70.0,0.0
2026-03-18 03:51:56.605041,0.0,70.0,0.0
2026-03-18 03:51:57.653340,0.0,70.0,0.0
2026-03-18 03:51:58.712943,0.0,70.0,0.0
2026-03-18 03:51:59.771656,0.0,70.0,0.0
2026-03-18 03:52:00.827674,0.0,70.0,0.0
2026-03-18 03:52:01.866610,0.0,70.0,0.0
2026-03-18 03:52:02.913683,0.0,70.0,0.0
2026-03-18 03:52:03.970854,0.0,70.0,0.0
2026-03-18 03:52:05.021504,0.0,70.0,0.0
2026-03-18 03:52:06.052993,0.0,70.0,0.0
2026-03-18 03:52:07.088816,0.0,70.0,0.0
2026-03-18 03:52:08.117392,0.0,70.0,0.0
2026-03-18 03:52:09.172207,0.0,70.0,0.0
2026-03-18 03:52:10.236360,0.0,70.0,0.0
2026-03-18 03:52:11.282271,0.0,70.0,0.0
2026-03-18 03:52:12.339254,0.0,70.0,0.0
2026-03-18 03:52:13.395085,0.0,70.0,0.0
2026-03-18 03:52:14.446192,0.0,70.0,0.0
2026-03-18 03:52:15.499704,0.0,70.0,0.0
2026-03-18 03:52:16.528928,0.0,70.0,0.0
2026-03-18 03:52:17.557454,0.0,70.0,0.0
2026-03-18 03:52:18.588648,0.0,70.0,0.0
2026-03-18 03:52:19.635915,0.0,70.0,0.0
2026-03-18 03:52:20.666321,0.0,70.0,0.0
2026-03-18 03:52:21.717345,0.0,70.0,0.0
2026-03-18 03:52:22.763545,0.0,70.0,0.0
2026-03-18 03:52:23.808857,0.0,70.0,0.0
2026-03-18 03:52:24.855536,0.0,70.0,0.0
2026-03-18 03:52:25.876869,0.0,70.0,0.0
2026-03-18 03:52:26.901508,0.0,70.0,0.0
2026-03-18 03:52:27.947723,0.0,70.0,0.0
2026-03-18 03:52:28.980127,0.0,70.0,0.0
2026-03-18 03:52:30.013529,0.0,70.0,0.0
2026-03-18 03:52:31.043435,0.0,70.0,0.0
2026-03-18 03:52:32.089482,0.0,70.0,0.0
2026-03-18 03:52:33.137744,0.0,70.0,0.0
2026-03-18 03:52:34.183416,0.0,70.0,0.0
2026-03-18 03:52:35.227280,0.0,70.0,0.0
2026-03-18 03:52:36.281110,0.0,70.0,0.0
2026-03-18 03:52:37.331098,0.0,70.0,0.0
2026-03-18 03:52:38.386464,0.0,70.0,0.0
2026-03-18 03:52:39.430493,0.0,70.0,0.0
2026-03-18 03:52:40.476638,0.0,70.0,0.0
2026-03-18 03:52:41.525717,0.0,70.0,0.0
2026-03-18 03:52:42.568347,0.0,70.0,0.0
2026-03-18 03:52:43.602430,0.0,70.0,0.0
2026-03-18 03:52:44.646438,0.0,70.0,0.0
2026-03-18 03:52:45.690791,0.0,70.0,0.0
2026-03-18 03:52:46.729909,0.0,70.0,0.0
2026-03-18 03:52:47.776837,0.0,70.0,0.0
2026-03-18 03:52:48.816219,0.0,70.0,0.0
2026-03-18 03:52:49.848458,0.0,70.0,0.0
2026-03-18 03:52:50.896526,0.0,70.0,0.0
2026-03-18 03:52:51.926625,0.0,70.0,0.0
2026-03-18 03:52:52.954988,0.0,70.0,0.0
2026-03-18 03:52:53.999011,0.0,70.0,0.0
2026-03-18 03:52:55.044101,0.0,70.0,0.0
2026-03-18 03:52:56.079859,0.0,70.0,0.0
2026-03-18 03:52:57.894516,0.0,70.0,0.0
2026-03-18 03:52:58.954321,0.0,70.0,0.0
2026-03-18 03:53:00.002312,0.0,70.0,0.0
2026-03-18 03:53:01.048092,0.0,70.0,0.0
2026-03-18 03:53:02.093820,0.0,70.0,0.0
2026-03-18 03:53:03.137968,0.0,70.0,0.0
2026-03-18 03:53:04.192447,0.0,70.0,0.0
2026-03-18 03:53:05.220202,0.0,70.0,0.0
2026-03-18 03:53:06.264351,0.0,70.0,0.0
2026-03-18 03:53:07.306255,0.0,70.0,0.0
2026-03-18 03:53:08.348811,0.0,70.0,0.0
2026-03-18 03:53:09.404214,0.0,70.0,0.0
2026-03-18 03:53:10.455906,0.0,70.0,0.0
2026-03-18 03:53:11.499785,0.0,70.0,0.0
2026-03-18 03:53:12.544911,0.0,70.0,0.0
2026-03-18 03:53:13.579715,0.0,70.0,0.0
2026-03-18 03:53:14.610101,0.0,70.0,0.0
2026-03-18 03:53:15.644907,0.0,70.0,0.0
2026-03-18 03:53:16.682662,0.0,70.0,0.0
2026-03-18 03:53:17.705361,0.0,70.0,0.0
2026-03-18 03:53:18.747770,0.0,70.0,0.0
2026-03-18 03:53:19.781400,0.0,70.0,0.0
2026-03-18 03:53:20.807411,0.0,70.0,0.0
2026-03-18 03:53:21.846584,0.0,70.0,0.0
2026-03-18 03:53:22.898621,0.0,70.0,0.0
2026-03-18 03:53:23.933398,0.0,70.0,0.0
2026-03-18 03:53:24.966198,0.0,70.0,0.0
2026-03-18 03:53:26.007638,0.0,70.0,0.0
2026-03-18 03:53:27.046642,0.0,70.0,0.0
2026-03-18 03:53:28.082465,0.0,70.0,0.0
2026-03-18 03:53:29.127900,0.0,70.0,0.0
2026-03-18 03:53:30.165011,0.0,70.0,0.0
2026-03-18 03:53:31.203416,0.0,70.0,0.0
2026-03-18 03:53:32.244695,0.0,70.0,0.0
2026-03-18 03:53:33.282705,0.0,70.0,0.0
2026-03-18 03:53:34.307357,0.0,70.0,0.0
2026-03-18 03:53:35.339032,0.0,70.0,0.0
2026-03-18 03:53:36.379558,0.0,70.0,0.0
2026-03-18 03:53:37.446256,0.0,70.0,0.0
2026-03-18 03:53:38.473707,0.0,70.0,0.0
2026-03-18 03:53:39.504877,0.0,70.0,0.0
2026-03-18 03:53:40.530335,0.0,70.0,0.0
2026-03-18 03:53:41.557311,0.0,70.0,0.0
2026-03-18 03:53:42.595754,0.0,70.0,0.0
2026-03-18 03:53:43.629867,0.0,70.0,0.0
2026-03-18 03:53:44.654047,0.0,70.0,0.0
2026-03-18 03:53:45.684792,0.0,70.0,0.0
2026-03-18 03:53:46.728177,0.0,70.0,0.0
2026-03-18 03:53:47.775892,0.0,70.0,0.0
2026-03-18 03:53:48.822061,0.0,70.0,0.0
2026-03-18 03:53:49.867582,0.0,70.0,0.0
2026-03-18 03:53:50.914585,0.0,70.0,0.0
2026-03-18 03:53:51.954608,0.0,70.0,0.0
2026-03-18 03:53:52.984729,0.0,70.0,0.0
2026-03-18 03:53:54.032943,0.0,70.0,0.0
2026-03-18 03:53:55.073385,0.0,70.0,0.0
2026-03-18 03:53:56.101978,0.0,70.0,0.0
2026-03-18 03:53:57.150556,0.0,70.0,0.0
2026-03-18 03:53:58.203927,0.0,70.0,0.0
2026-03-18 03:53:59.255462,0.0,70.0,0.0
2026-03-18 03:54:00.299340,0.0,70.0,0.0
2026-03-18 03:54:01.344226,0.0,70.0,0.0
2026-03-18 03:54:02.386605,0.0,70.0,0.0
2026-03-18 03:54:03.440999,0.0,70.0,0.0
2026-03-18 03:54:04.492879,0.0,70.0,0.0
2026-03-18 03:54:05.548914,0.0,70.0,0.0
2026-03-18 03:54:06.588534,0.0,70.0,0.0
2026-03-18 03:54:07.623130,0.0,70.0,0.0
2026-03-18 03:54:08.677289,0.0,70.0,0.0
2026-03-18 03:54:09.721189,0.0,70.0,0.0
2026-03-18 03:54:10.763341,0.0,70.0,0.0
2026-03-18 03:54:11.802806,0.0,70.0,0.0
2026-03-18 03:54:12.857956,0.0,70.0,0.0
2026-03-18 03:54:13.909307,0.0,70.0,0.0
2026-03-18 03:54:14.965310,0.0,70.0,0.0
2026-03-18 03:54:15.997813,0.0,70.0,0.0
2026-03-18 03:54:17.047181,0.0,70.0,0.0
2026-03-18 03:54:18.107144,0.0,70.0,0.0
2026-03-18 03:54:19.166339,0.0,70.0,0.0
2026-03-18 03:54:20.220772,0.0,70.0,0.0
2026-03-18 03:54:21.269766,0.0,70.0,0.0
2026-03-18 03:54:22.304700,0.0,70.0,0.0
2026-03-18 03:54:23.348481,0.0,70.0,0.0
2026-03-18 03:54:24.387566,0.0,70.0,0.0
2026-03-18 03:54:25.436193,0.0,70.0,0.0
2026-03-18 03:54:26.483991,0.0,70.0,0.0
2026-03-18 03:54:27.539341,0.0,70.0,0.0
2026-03-18 03:54:28.566978,0.0,70.0,0.0
2026-03-18 03:54:29.610443,0.0,70.0,0.0
2026-03-18 03:54:30.658388,0.0,70.0,0.0
2026-03-18 03:54:31.703817,0.0,70.0,0.0
2026-03-18 03:54:32.757236,0.0,70.0,0.0
2026-03-18 03:54:33.801797,0.0,70.0,0.0
2026-03-18 03:54:34.840997,0.0,70.0,0.0
2026-03-18 03:54:35.887329,0.0,70.0,0.0
2026-03-18 03:54:36.933698,0.0,70.0,0.0
2026-03-18 03:54:37.979116,0.0,70.0,0.0
2026-03-18 03:54:39.030971,0.0,70.0,0.0
2026-03-18 03:54:40.078640,0.0,70.0,0.0
2026-03-18 03:54:41.126172,0.0,70.0,0.0
2026-03-18 03:54:42.172854,0.0,70.0,0.0
2026-03-18 03:54:43.234200,0.0,70.0,0.0
2026-03-18 03:54:44.284017,0.0,70.0,0.0
2026-03-18 03:54:45.329957,0.0,70.0,0.0
2026-03-18 03:54:46.385748,0.0,70.0,0.0
2026-03-18 03:54:47.445980,0.0,70.0,0.0
2026-03-18 03:54:48.483344,0.0,70.0,0.0
2026-03-18 03:54:49.549025,0.0,70.0,0.0
2026-03-18 03:54:50.588123,0.0,70.0,0.0
2026-03-18 03:54:51.635958,0.0,70.0,0.0
2026-03-18 03:54:52.684937,0.0,70.0,0.0
2026-03-18 03:54:53.728728,0.0,70.0,0.0
2026-03-18 03:54:54.764865,0.0,70.0,0.0
2026-03-18 03:54:55.820406,0.0,70.0,0.0
2026-03-18 03:54:56.883304,0.0,70.0,0.0
2026-03-18 03:54:57.928218,0.0,70.0,0.0
2026-03-18 03:54:58.972541,0.0,70.0,0.0
2026-03-18 03:55:00.014086,0.0,70.0,0.0
2026-03-18 03:55:01.042831,0.0,70.0,0.0
2026-03-18 03:55:02.083076,0.0,70.0,0.0
2026-03-18 03:55:03.112251,0.0,70.0,0.0
2026-03-18 03:55:04.159525,0.0,70.0,0.0
2026-03-18 03:55:05.207293,0.0,70.0,0.0
2026-03-18 03:55:06.251360,0.0,70.0,0.0
2026-03-18 03:55:07.304397,0.0,70.0,0.0
2026-03-18 03:55:08.352808,0.0,70.0,0.0
2026-03-18 03:55:09.399097,0.0,70.0,0.0
2026-03-18 03:55:10.451507,0.0,70.0,0.0
2026-03-18 03:55:11.496177,0.0,70.0,0.0
2026-03-18 03:55:12.542944,0.0,70.0,0.0
2026-03-18 03:55:13.590207,0.0,70.0,0.0
2026-03-18 03:55:14.638550,0.0,70.0,0.0
2026-03-18 03:55:15.678559,0.0,70.0,0.0
2026-03-18 03:55:16.731925,0.0,70.0,0.0
2026-03-18 03:55:17.778276,0.0,70.0,0.0
2026-03-18 03:55:18.825213,0.0,70.0,0.0
2026-03-18 03:55:19.871368,0.0,70.0,0.0
2026-03-18 03:55:20.916871,0.0,70.0,0.0
2026-03-18 03:55:21.965222,0.0,70.0,0.0
2026-03-18 03:55:23.015522,0.0,70.0,0.0
2026-03-18 03:55:24.057867,0.0,70.0,0.0
2026-03-18 03:55:25.095072,0.0,70.0,0.0
2026-03-18 03:55:26.148815,0.0,70.0,0.0
2026-03-18 03:55:27.201405,0.0,70.0,0.0
2026-03-18 03:55:28.256291,0.0,70.0,0.0
2026-03-18 03:55:29.302177,0.0,70.0,0.0
2026-03-18 03:55:30.330535,0.0,70.0,0.0
2026-03-18 03:55:31.373362,0.0,70.0,0.0
2026-03-18 03:55:32.419460,0.0,70.0,0.0
2026-03-18 03:55:33.469129,0.0,70.0,0.0
2026-03-18 03:55:34.532544,0.0,70.0,0.0
2026-03-18 03:55:35.583868,0.0,70.0,0.0
2026-03-18 03:55:36.626219,0.0,70.0,0.0
2026-03-18 03:55:37.673328,0.0,70.0,0.0
2026-03-18 03:55:38.723020,0.0,70.0,0.0
2026-03-18 03:55:39.768119,0.0,70.0,0.0
2026-03-18 03:55:40.814997,0.0,70.0,0.0
2026-03-18 03:55:41.849808,0.0,70.0,0.0
2026-03-18 03:55:42.911032,0.0,70.0,0.0
2026-03-18 03:55:43.955814,0.0,70.0,0.0
2026-03-18 03:55:45.007306,0.0,70.0,0.0
2026-03-18 03:55:46.058135,0.0,70.0,0.0
2026-03-18 03:55:47.111035,0.0,70.0,0.0
2026-03-18 03:55:48.156215,0.0,70.0,0.0
2026-03-18 03:55:49.210501,0.0,70.0,0.0
2026-03-18 03:55:50.252801,0.0,70.0,0.0
2026-03-18 03:55:51.311908,0.0,70.0,0.0
2026-03-18 03:55:52.346745,0.0,70.0,0.0
2026-03-18 03:55:53.391326,0.0,70.0,0.0
2026-03-18 03:55:54.444645,0.0,70.0,0.0
2026-03-18 03:55:55.509447,0.0,70.0,0.0
2026-03-18 03:55:57.013284,0.0,70.0,0.0
2026-03-18 03:55:58.052273,0.0,70.0,0.0
2026-03-18 03:55:59.110062,0.0,70.0,0.0
2026-03-18 03:56:00.158823,0.0,70.0,0.0
2026-03-18 03:56:01.209078,0.0,70.0,0.0
2026-03-18 03:56:02.259930,0.0,70.0,0.0
2026-03-18 03:56:03.306849,0.0,70.0,0.0
2026-03-18 03:56:04.358447,0.0,70.0,0.0
2026-03-18 03:56:05.408252,0.0,70.0,0.0
2026-03-18 03:56:06.465374,0.0,70.0,0.0
2026-03-18 03:56:07.511956,0.0,70.0,0.0
2026-03-18 03:56:08.565338,0.0,70.0,0.0
2026-03-18 03:56:09.610624,0.0,70.0,0.0
2026-03-18 03:56:10.654458,0.0,70.0,0.0
2026-03-18 03:56:11.687062,0.0,70.0,0.0
2026-03-18 03:56:12.734410,0.0,70.0,0.0
2026-03-18 03:56:13.779411,0.0,70.0,0.0
2026-03-18 03:56:14.830069,0.0,70.0,0.0
2026-03-18 03:56:15.877109,0.0,70.0,0.0
2026-03-18 03:56:16.926107,0.0,70.0,0.0
2026-03-18 03:56:17.971077,0.0,70.0,0.0
2026-03-18 03:56:19.015208,0.0,70.0,0.0
2026-03-18 03:56:20.067075,0.0,70.0,0.0
2026-03-18 03:56:21.109810,0.0,70.0,0.0
2026-03-18 03:56:22.163009,0.0,70.0,0.0
2026-03-18 03:56:23.206648,0.0,70.0,0.0
2026-03-18 03:56:24.248293,0.0,70.0,0.0
2026-03-18 03:56:25.273071,0.0,70.0,0.0
2026-03-18 03:56:26.337168,0.0,70.0,0.0
2026-03-18 03:56:27.381754,0.0,70.0,0.0
2026-03-18 03:56:28.428718,0.0,70.0,0.0
2026-03-18 03:56:29.484095,0.0,70.0,0.0
2026-03-18 03:56:30.529700,0.0,70.0,0.0
2026-03-18 03:56:31.572832,0.0,70.0,0.0
2026-03-18 03:56:32.627953,0.0,70.0,0.0
2026-03-18 03:56:33.686101,0.0,70.0,0.0
2026-03-18 03:56:34.735239,0.0,70.0,0.0
2026-03-18 03:56:35.780281,0.0,70.0,0.0
2026-03-18 03:56:36.803767,0.0,70.0,0.0
2026-03-18 03:56:37.843760,0.0,70.0,0.0
2026-03-18 03:56:38.893565,0.0,70.0,0.0
2026-03-18 03:56:39.952140,0.0,70.0,0.0
2026-03-18 03:56:40.989644,0.0,70.0,0.0
2026-03-18 03:56:42.032406,0.0,70.0,0.0
2026-03-18 03:56:43.081749,0.0,70.0,0.0
2026-03-18 03:56:44.118573,0.0,70.0,0.0
2026-03-18 03:56:45.154648,0.0,70.0,0.0
2026-03-18 03:56:46.200814,0.0,70.0,0.0
2026-03-18 03:56:47.267095,0.0,70.0,0.0
2026-03-18 03:56:48.309898,0.0,70.0,0.0
2026-03-18 03:56:49.358245,0.0,70.0,0.0
2026-03-18 03:56:50.413625,0.0,70.0,0.0
2026-03-18 03:56:51.463153,0.0,70.0,0.0
2026-03-18 03:56:52.521889,0.0,70.0,0.0
2026-03-18 03:56:53.584103,0.0,70.0,0.0
2026-03-18 03:56:54.621446,0.0,70.0,0.0
2026-03-18 03:56:55.690195,0.0,70.0,0.0
2026-03-18 03:56:56.730925,0.0,70.0,0.0
2026-03-18 03:56:57.775542,0.0,70.0,0.0
2026-03-18 03:56:58.860439,0.0,70.0,0.0
2026-03-18 03:56:59.911761,0.0,70.0,0.0
2026-03-18 03:57:00.942476,0.0,70.0,0.0
2026-03-18 03:57:01.975419,0.0,70.0,0.0
2026-03-18 03:57:03.051613,0.0,70.0,0.0
2026-03-18 03:57:04.079356,0.0,70.0,0.0
2026-03-18 03:57:05.133054,0.0,70.0,0.0
2026-03-18 03:57:06.213119,0.0,70.0,0.0
2026-03-18 03:57:07.275726,0.0,70.0,0.0
2026-03-18 03:57:08.343143,0.0,70.0,0.0
2026-03-18 03:57:09.376230,0.0,70.0,0.0
2026-03-18 03:57:10.402347,0.0,70.0,0.0
2026-03-18 03:57:11.436120,0.0,70.0,0.0
2026-03-18 03:57:12.507146,0.0,70.0,0.0
2026-03-18 03:57:13.902983,0.0,70.0,0.0
2026-03-18 03:57:14.989126,0.0,70.0,0.0
2026-03-18 03:57:16.051259,0.0,70.0,0.0
2026-03-18 03:57:17.239058,0.0,70.0,0.0
2026-03-18 03:57:18.276157,0.0,70.0,0.0
2026-03-18 03:57:19.305807,0.0,70.0,0.0
2026-03-18 03:57:20.378179,0.0,70.0,0.0
2026-03-18 03:57:21.428489,0.0,70.0,0.0
2026-03-18 03:57:22.488267,0.0,70.0,0.0
2026-03-18 03:57:23.557821,0.0,70.0,0.0
2026-03-18 03:57:24.609981,0.0,70.0,0.0
2026-03-18 03:57:25.670808,0.0,70.0,0.0
2026-03-18 03:57:26.698559,0.0,70.0,0.0
2026-03-18 03:57:27.757030,0.0,70.0,0.0
2026-03-18 03:57:28.813932,0.0,70.0,0.0
2026-03-18 03:57:29.858088,0.0,70.0,0.0
2026-03-18 03:57:30.924471,0.0,70.0,0.0
2026-03-18 03:57:31.963293,0.0,70.0,0.0
2026-03-18 03:57:32.986633,0.0,70.0,0.0
2026-03-18 03:57:34.016907,0.0,70.0,0.0
2026-03-18 03:57:35.065493,0.0,70.0,0.0
2026-03-18 03:57:36.122821,0.0,70.0,0.0
2026-03-18 03:57:37.186915,0.0,70.0,0.0
2026-03-18 03:57:38.230170,0.0,70.0,0.0
2026-03-18 03:57:39.287588,0.0,70.0,0.0
2026-03-18 03:57:40.340888,0.0,70.0,0.0
2026-03-18 03:57:41.396828,0.0,70.0,0.0
2026-03-18 03:57:42.433018,0.0,70.0,0.0
2026-03-18 03:57:43.486443,0.0,70.0,0.0
2026-03-18 03:57:44.533884,0.0,70.0,0.0
2026-03-18 03:57:45.624922,0.0,70.0,0.0
2026-03-18 03:57:46.695331,0.0,70.0,0.0
2026-03-18 03:57:47.733858,0.0,70.0,0.0
2026-03-18 03:57:48.758053,0.0,70.0,0.0
2026-03-18 03:57:49.790297,0.0,70.0,0.0
2026-03-18 03:57:50.836631,0.0,70.0,0.0
2026-03-18 03:57:52.093298,0.0,70.0,0.0
2026-03-18 03:57:53.148011,0.0,70.0,0.0
2026-03-18 03:57:54.216135,0.0,70.0,0.0
2026-03-18 03:57:55.254691,0.0,70.0,0.0
2026-03-18 03:57:56.281473,0.0,70.0,0.0
2026-03-18 03:57:57.313190,0.0,70.0,0.0
2026-03-18 03:57:58.364748,0.0,70.0,0.0
2026-03-18 03:57:59.423700,0.0,70.0,0.0
2026-03-18 03:58:00.454402,0.0,70.0,0.0
2026-03-18 03:58:01.509086,0.0,70.0,0.0
2026-03-18 03:58:02.537133,0.0,70.0,0.0
2026-03-18 03:58:03.602948,0.0,70.0,0.0
2026-03-18 03:58:04.664054,0.0,70.0,0.0
2026-03-18 03:58:05.711085,0.0,70.0,0.0
2026-03-18 03:58:06.784510,0.0,70.0,0.0
2026-03-18 03:58:07.823072,0.0,70.0,0.0
2026-03-18 03:58:08.864737,0.0,70.0,0.0
2026-03-18 03:58:09.916891,0.0,70.0,0.0
2026-03-18 03:58:10.988301,0.0,70.0,0.0
2026-03-18 03:58:12.062563,0.0,70.0,0.0
2026-03-18 03:58:13.144576,0.0,70.0,0.0
2026-03-18 03:58:14.221217,0.0,70.0,0.0
2026-03-18 03:58:15.266948,0.0,70.0,0.0
2026-03-18 03:58:16.319247,0.0,70.0,0.0
2026-03-18 03:58:17.367362,0.0,70.0,0.0
2026-03-18 03:58:18.422619,0.0,70.0,0.0
2026-03-18 03:58:19.486407,0.0,70.0,0.0
2026-03-18 03:58:20.529782,0.0,70.0,0.0
2026-03-18 03:58:21.577551,0.0,70.0,0.0
2026-03-18 03:58:22.640750,0.0,70.0,0.0
2026-03-18 03:58:23.712236,0.0,70.0,0.0
2026-03-18 03:58:24.738973,0.0,70.0,0.0
2026-03-18 03:58:25.772874,0.0,70.0,0.0
2026-03-18 03:58:26.807822,0.0,70.0,0.0
2026-03-18 03:58:27.831465,0.0,70.0,0.0
2026-03-18 03:58:28.853992,0.0,70.0,0.0
2026-03-18 03:58:29.879258,0.0,70.0,0.0
2026-03-18 03:58:30.914740,0.0,70.0,0.0
2026-03-18 03:58:31.948321,0.0,70.0,0.0
2026-03-18 03:58:32.978719,0.0,70.0,0.0
2026-03-18 03:58:34.002790,0.0,70.0,0.0
2026-03-18 03:58:35.026099,0.0,70.0,0.0
2026-03-18 03:58:36.048199,0.0,70.0,0.0
2026-03-18 03:58:37.078517,0.0,70.0,0.0
2026-03-18 03:58:38.108287,0.0,70.0,0.0
2026-03-18 03:58:39.138859,0.0,70.0,0.0
2026-03-18 03:58:40.170827,0.0,70.0,0.0
2026-03-18 03:58:41.224264,0.0,70.0,0.0
2026-03-18 03:58:42.283822,0.0,70.0,0.0
2026-03-18 03:58:43.335967,0.0,70.0,0.0
2026-03-18 03:58:44.383937,0.0,70.0,0.0
2026-03-18 03:58:45.436778,0.0,70.0,0.0
2026-03-18 03:58:46.480390,0.0,70.0,0.0
2026-03-18 03:58:47.530239,0.0,70.0,0.0
2026-03-18 03:58:48.580492,0.0,70.0,0.0
2026-03-18 03:58:49.633230,0.0,70.0,0.0
2026-03-18 03:58:50.674112,0.0,70.0,0.0
2026-03-18 03:58:51.719388,0.0,70.0,0.0
2026-03-18 03:58:52.758447,0.0,70.0,0.0
2026-03-18 03:58:53.801535,0.0,70.0,0.0
2026-03-18 03:58:54.842450,0.0,70.0,0.0
2026-03-18 03:58:55.891213,0.0,70.0,0.0
2026-03-18 03:58:56.943136,0.0,70.0,0.0
2026-03-18 03:58:57.989226,0.0,70.0,0.0
2026-03-18 03:58:59.033069,0.0,70.0,0.0
2026-03-18 03:59:00.084800,0.0,70.0,0.0
2026-03-18 03:59:01.112960,0.0,70.0,0.0
2026-03-18 03:59:02.160281,0.0,70.0,0.0
2026-03-18 03:59:03.204526,0.0,70.0,0.0
2026-03-18 03:59:04.239858,0.0,70.0,0.0
2026-03-18 03:59:05.266690,0.0,70.0,0.0
2026-03-18 03:59:06.291822,0.0,70.0,0.0
2026-03-18 03:59:07.353096,0.0,70.0,0.0
2026-03-18 03:59:08.442291,0.0,70.0,0.0
2026-03-18 03:59:09.487874,0.0,70.0,0.0
2026-03-18 03:59:10.586615,0.0,70.0,0.0
2026-03-18 03:59:12.061187,0.0,70.0,0.0
2026-03-18 03:59:13.105729,0.0,70.0,0.0
2026-03-18 03:59:14.151697,0.0,70.0,0.0
2026-03-18 03:59:15.198524,0.0,70.0,0.0
2026-03-18 03:59:16.247264,0.0,70.0,0.0
2026-03-18 03:59:35.681825,0.0,70.0,0.0
2026-03-18 03:59:36.720069,0.0,70.0,0.0
2026-03-18 03:59:37.772298,0.0,70.0,0.0
2026-03-18 03:59:38.807641,0.0,70.0,0.0
2026-03-18 03:59:39.855341,0.0,70.0,0.0
2026-03-18 03:59:40.908134,0.0,70.0,0.0
2026-03-18 03:59:41.951126,0.0,70.0,0.0
2026-03-18 03:59:42.982072,0.0,70.0,0.0
2026-03-18 03:59:44.032025,0.0,70.0,0.0
2026-03-18 03:59:45.076189,0.0,70.0,0.0
2026-03-18 03:59:46.135613,0.0,70.0,0.0
2026-03-18 03:59:47.187288,0.0,70.0,0.0
2026-03-18 03:59:48.250980,0.0,70.0,0.0
2026-03-18 03:59:49.303835,0.0,70.0,0.0
2026-03-18 03:59:50.729885,0.0,70.0,0.0
2026-03-18 03:59:51.776837,0.0,70.0,0.0
2026-03-18 03:59:52.803862,0.0,70.0,0.0
2026-03-18 03:59:53.856472,0.0,70.0,0.0
2026-03-18 03:59:54.944119,0.0,70.0,0.0
2026-03-18 03:59:55.973324,0.0,70.0,0.0
2026-03-18 03:59:57.012540,0.0,70.0,0.0
2026-03-18 03:59:58.043818,0.0,70.0,0.0
2026-03-18 03:59:59.092734,0.0,70.0,0.0
2026-03-18 04:00:00.143511,0.0,70.0,0.0
2026-03-18 04:00:01.189733,0.0,70.0,0.0
2026-03-18 04:00:02.218877,0.0,70.0,0.0
2026-03-18 04:00:03.242196,0.0,70.0,0.0
2026-03-18 04:00:04.265262,0.0,70.0,0.0
2026-03-18 04:00:05.287428,0.0,70.0,0.0
2026-03-18 04:00:06.313477,0.0,70.0,0.0
2026-03-18 04:00:07.362191,0.0,70.0,0.0
2026-03-18 04:00:08.414286,0.0,70.0,0.0
2026-03-18 04:00:09.452098,0.0,70.0,0.0
2026-03-18 04:00:10.997293,0.0,70.0,0.0
2026-03-18 04:00:12.410171,0.0,70.0,0.0
2026-03-18 04:00:13.456720,0.0,70.0,0.0
2026-03-18 04:00:14.478371,0.0,70.0,0.0
2026-03-18 04:00:15.508386,0.0,70.0,0.0
2026-03-18 04:00:16.539628,0.0,70.0,0.0
2026-03-18 04:00:17.594248,0.0,70.0,0.0
2026-03-18 04:00:18.643186,0.0,70.0,0.0
2026-03-18 04:00:19.688829,0.0,70.0,0.0
2026-03-18 04:00:20.729108,0.0,70.0,0.0
2026-03-18 04:00:21.776727,0.0,70.0,0.0
2026-03-18 04:00:22.830091,0.0,70.0,0.0
2026-03-18 04:00:23.875309,0.0,70.0,0.0
2026-03-18 04:00:24.927093,0.0,70.0,0.0
2026-03-18 04:00:26.456032,0.0,70.0,0.0
2026-03-18 04:00:27.502812,0.0,70.0,0.0
2026-03-18 04:00:28.553430,0.0,70.0,0.0
2026-03-18 04:00:29.613405,0.0,70.0,0.0
2026-03-18 04:00:30.681101,0.0,70.0,0.0
2026-03-18 04:00:31.713145,0.0,70.0,0.0
2026-03-18 04:00:32.763280,0.0,70.0,0.0
2026-03-18 04:00:33.810597,0.0,70.0,0.0
2026-03-18 04:00:35.173701,0.0,70.0,0.0
2026-03-18 04:00:36.210232,0.0,70.0,0.0
2026-03-18 04:00:37.257758,0.0,70.0,0.0
2026-03-18 04:00:38.302985,0.0,70.0,0.0
2026-03-18 04:00:39.352794,0.0,70.0,0.0
2026-03-18 04:00:40.399713,0.0,70.0,0.0
2026-03-18 04:00:41.812747,0.0,70.0,0.0
2026-03-18 04:00:42.863350,0.0,70.0,0.0
2026-03-18 04:00:43.893629,0.0,70.0,0.0
2026-03-18 04:00:45.046641,0.0,70.0,0.0
2026-03-18 04:00:46.084237,0.0,70.0,0.0
2026-03-18 04:00:47.111123,0.0,70.0,0.0
2026-03-18 04:00:48.161499,0.0,70.0,0.0
2026-03-18 04:00:49.194236,0.0,70.0,0.0
2026-03-18 04:00:50.239898,0.0,70.0,0.0
2026-03-18 04:00:51.287256,0.0,70.0,0.0
2026-03-18 04:00:52.336801,0.0,70.0,0.0
2026-03-18 04:00:53.382750,0.0,70.0,0.0
2026-03-18 04:00:54.434293,0.0,70.0,0.0
2026-03-18 04:00:55.480834,0.0,70.0,0.0
2026-03-18 04:00:56.525694,0.0,70.0,0.0
2026-03-18 04:00:57.566119,0.0,70.0,0.0
2026-03-18 04:00:58.623196,0.0,70.0,0.0
2026-03-18 04:00:59.667558,0.0,70.0,0.0
2026-03-18 04:01:00.716238,0.0,70.0,0.0
2026-03-18 04:01:01.757632,0.0,70.0,0.0
2026-03-18 04:01:02.805388,0.0,70.0,0.0
2026-03-18 04:01:03.850819,0.0,70.0,0.0
2026-03-18 04:01:05.034565,0.0,70.0,0.0
2026-03-18 04:01:06.090267,0.0,70.0,0.0
2026-03-18 04:01:07.132233,0.0,70.0,0.0
2026-03-18 04:01:08.179153,0.0,70.0,0.0
2026-03-18 04:01:09.223500,0.0,70.0,0.0
2026-03-18 04:01:10.273172,0.0,70.0,0.0
2026-03-18 04:01:11.323097,0.0,70.0,0.0
2026-03-18 04:01:12.372833,0.0,70.0,0.0
2026-03-18 04:01:13.420448,0.0,70.0,0.0
2026-03-18 04:01:14.470265,0.0,70.0,0.0
2026-03-18 04:01:15.527975,0.0,70.0,0.0
2026-03-18 04:01:16.572808,0.0,70.0,0.0
2026-03-18 04:01:17.618423,0.0,70.0,0.0
2026-03-18 04:01:18.665016,0.0,70.0,0.0
2026-03-18 04:01:19.710764,0.0,70.0,0.0
2026-03-18 04:01:20.770139,0.0,70.0,0.0
2026-03-18 04:01:21.837423,0.0,70.0,0.0
2026-03-18 04:01:23.209590,0.0,70.0,0.0
2026-03-18 04:01:24.271085,0.0,70.0,0.0
2026-03-18 04:01:25.322458,0.0,70.0,0.0
2026-03-18 04:01:26.367286,0.0,70.0,0.0
2026-03-18 04:01:27.431328,0.0,70.0,0.0
2026-03-18 04:01:28.488224,0.0,70.0,0.0
2026-03-18 04:01:29.535544,0.0,70.0,0.0
2026-03-18 04:01:30.582643,0.0,70.0,0.0
2026-03-18 04:01:31.627897,0.0,70.0,0.0
2026-03-18 04:01:32.681122,0.0,70.0,0.0
2026-03-18 04:01:33.721723,0.0,70.0,0.0
2026-03-18 04:01:34.758270,0.0,70.0,0.0
2026-03-18 04:01:35.813946,0.0,70.0,0.0
2026-03-18 04:01:36.861328,0.0,70.0,0.0
2026-03-18 04:01:37.899129,0.0,70.0,0.0
2026-03-18 04:01:38.954128,0.0,70.0,0.0
2026-03-18 04:01:40.009070,0.0,70.0,0.0
2026-03-18 04:01:41.064883,0.0,70.0,0.0
2026-03-18 04:01:42.112091,0.0,70.0,0.0
2026-03-18 04:01:43.162621,0.0,70.0,0.0
2026-03-18 04:01:44.205506,0.0,70.0,0.0
2026-03-18 04:01:45.251043,0.0,70.0,0.0
2026-03-18 04:01:46.303706,0.0,70.0,0.0
2026-03-18 04:01:47.346843,0.0,70.0,0.0
2026-03-18 04:01:48.388255,0.0,70.0,0.0
2026-03-18 04:01:49.448088,0.0,70.0,0.0
2026-03-18 04:01:50.492550,0.0,70.0,0.0
2026-03-18 04:01:51.543436,0.0,70.0,0.0
2026-03-18 04:01:52.578220,0.0,70.0,0.0
2026-03-18 04:01:53.625649,0.0,70.0,0.0
2026-03-18 04:01:54.668207,0.0,70.0,0.0
2026-03-18 04:01:55.721261,0.0,70.0,0.0
2026-03-18 04:01:56.771770,0.0,70.0,0.0
2026-03-18 04:01:57.823064,0.0,70.0,0.0
2026-03-18 04:01:58.870122,0.0,70.0,0.0
2026-03-18 04:01:59.914784,0.0,70.0,0.0
2026-03-18 04:02:00.960148,0.0,70.0,0.0
2026-03-18 04:02:02.018314,0.0,70.0,0.0
2026-03-18 04:02:03.072102,0.0,70.0,0.0
2026-03-18 04:02:04.238516,0.0,70.0,0.0
2026-03-18 04:02:05.293405,0.0,70.0,0.06709999999999999
2026-03-18 04:02:06.352276,0.0,70.0,0.0596
2026-03-18 04:02:07.398116,0.0,70.0,0.0403
2026-03-18 04:02:08.500469,0.0,70.0,0.0487
2026-03-18 04:02:09.545506,0.0,70.0,0.0432
2026-03-18 04:02:10.585981,0.0,70.0,0.0466
2026-03-18 04:02:11.640743,0.0,70.0,0.0451
2026-03-18 04:02:12.686796,0.0,69.99,0.056600000000000004
2026-03-18 04:02:13.731105,0.0,69.99,0.052899999999999996
2026-03-18 04:02:14.789807,0.0,69.99,0.0471
2026-03-18 04:02:15.838362,0.0,69.99,0.060200000000000004
2026-03-18 04:02:16.884429,0.0,69.99,0.0571
2026-03-18 04:02:17.929507,0.0,69.99,0.0543
2026-03-18 04:02:18.970851,0.0,69.99,0.0465
2026-03-18 04:02:20.023343,0.0,69.99,0.0457
2026-03-18 04:02:21.078575,0.0,69.99,0.0364
2026-03-18 04:02:22.124127,0.0,69.99,0.0571
2026-03-18 04:02:23.166978,0.0,69.99,0.0641
2026-03-18 04:02:24.203619,0.0,69.99,0.054099999999999995
2026-03-18 04:02:25.257547,0.0,69.99,0.037399999999999996
2026-03-18 04:02:26.300506,0.0,69.99,0.039200000000000006
2026-03-18 04:02:27.351133,0.0,69.99,0.047299999999999995
2026-03-18 04:02:28.410208,0.0,69.99,0.0332
2026-03-18 04:02:29.456817,0.0,69.98,0.05499999999999999
2026-03-18 04:02:30.511857,0.0,69.98,0.0369
2026-03-18 04:02:31.559268,0.0,69.98,0.0606
2026-03-18 04:02:32.605011,0.0,69.98,0.06269999999999999
2026-03-18 04:02:33.650468,0.0,69.98,0.046900000000000004
2026-03-18 04:02:34.696167,0.0,69.98,0.031100000000000003
2026-03-18 04:02:35.737902,0.0,69.98,0.0564
2026-03-18 04:02:36.776141,0.0,69.98,0.057699999999999994
2026-03-18 04:02:37.809517,0.0,69.98,0.0591
2026-03-18 04:02:38.856158,0.0,69.98,0.05
2026-03-18 04:02:39.903963,0.0,69.98,0.0465
2026-03-18 04:02:40.949937,0.0,69.98,0.056600000000000004
2026-03-18 04:02:41.997455,0.0,69.98,0.0327
2026-03-18 04:02:43.047444,0.0,69.98,0.0539
2026-03-18 04:02:44.095801,0.0,69.98,0.0541
2026-03-18 04:02:45.144404,0.0,69.97,0.0627
2026-03-18 04:02:46.198226,0.0,69.97,0.0596
2026-03-18 04:02:47.248162,0.0,69.97,0.0327
2026-03-18 04:02:48.314014,0.0,69.97,0.036
2026-03-18 04:02:49.360957,0.0,69.97,0.0361
2026-03-18 04:02:50.392477,0.0,69.97,0.0404
2026-03-18 04:02:51.438269,0.0,69.97,0.064
2026-03-18 04:02:52.484019,0.0,69.97,0.0371
2026-03-18 04:02:53.532603,0.0,69.97,0.0435
2026-03-18 04:02:54.580617,0.0,69.97,0.030600000000000002
2026-03-18 04:02:55.629322,0.0,69.97,0.0405
2026-03-18 04:02:56.682181,0.0,69.97,0.056
2026-03-18 04:02:57.726897,0.0,69.97,0.041400000000000006
2026-03-18 04:02:58.776305,0.0,69.97,0.0584
2026-03-18 04:02:59.823085,0.0,69.97,0.0479
2026-03-18 04:03:00.873355,0.0,69.97,0.0514
2026-03-18 04:03:01.915145,0.0,69.97,0.0308
2026-03-18 04:03:02.956344,0.0,69.97,0.034100000000000005
2026-03-18 04:03:04.162618,0.0,69.96,0.033299999999999996
2026-03-18 04:03:05.200770,0.0,69.96,0.0296
2026-03-18 04:03:06.247224,0.0,69.96,0.0555
2026-03-18 04:03:07.303401,0.0,69.96,0.0635
2026-03-18 04:03:08.334799,0.0,69.96,0.0619
2026-03-18 04:03:09.374728,0.0,69.96,0.056400000000000006
2026-03-18 04:03:10.398022,0.0,69.96,0.057999999999999996
2026-03-18 04:03:11.449221,0.0,69.96,0.0548
2026-03-18 04:03:12.476263,0.0,69.96,0.056999999999999995
2026-03-18 04:03:13.509430,0.0,69.96,0.0604
2026-03-18 04:03:14.556165,0.0,69.96,0.05789999999999999
2026-03-18 04:03:15.615879,0.0,69.96,0.047299999999999995
2026-03-18 04:03:16.667749,0.0,69.96,0.0513
2026-03-18 04:03:18.097604,0.0,69.96,0.040799999999999996
2026-03-18 04:03:19.142097,0.0,69.96,0.0412
2026-03-18 04:03:20.187400,0.0,69.95,0.0604
2026-03-18 04:03:21.238582,0.0,69.95,0.036000000000000004
2026-03-18 04:03:22.288142,0.0,69.95,0.0317
2026-03-18 04:03:23.335730,0.0,69.95,0.0341
2026-03-18 04:03:24.390431,0.0,69.95,0.0438
2026-03-18 04:03:25.438052,0.0,69.95,0.058499999999999996
2026-03-18 04:03:26.594739,0.0,69.95,0.029500000000000002
2026-03-18 04:03:27.635171,0.0,69.95,0.0438
2026-03-18 04:03:28.676243,0.0,69.95,0.0369
2026-03-18 04:03:29.721132,0.0,69.95,0.049100000000000005
2026-03-18 04:03:30.766473,0.0,69.95,0.049999999999999996
2026-03-18 04:03:31.813066,0.0,69.95,0.045399999999999996
2026-03-18 04:03:32.860259,0.0,69.95,0.0397
2026-03-18 04:03:33.927051,0.0,69.95,0.0571
2026-03-18 04:03:34.973122,0.0,69.95,0.0537
2026-03-18 04:03:36.032045,0.0,69.95,0.0565
2026-03-18 04:03:37.083948,0.0,69.95,0.0377
2026-03-18 04:03:38.130601,0.0,69.94,0.0597
2026-03-18 04:03:39.180979,0.0,69.94,0.044800000000000006
2026-03-18 04:03:40.231106,0.0,69.94,0.038700000000000005
2026-03-18 04:03:41.285873,0.0,69.94,0.0476
2026-03-18 04:03:42.330125,0.0,69.94,0.035699999999999996
2026-03-18 04:03:43.373054,0.0,69.94,0.0337
2026-03-18 04:03:44.414520,0.0,69.94,0.0337
2026-03-18 04:03:45.462257,0.0,69.94,0.0574
2026-03-18 04:03:46.517443,0.0,69.94,0.0387
2026-03-18 04:03:47.570264,0.0,69.94,0.044700000000000004
2026-03-18 04:03:48.614938,0.0,69.94,0.038400000000000004
2026-03-18 04:03:49.664442,0.0,69.94,0.0553
2026-03-18 04:03:50.711545,0.0,69.94,0.0548
2026-03-18 04:03:51.758114,0.0,69.94,0.0407
2026-03-18 04:03:52.807845,0.0,69.94,0.0567
2026-03-18 04:03:53.863985,0.0,69.94,0.046599999999999996
2026-03-18 04:03:54.918136,0.0,69.94,0.0484
2026-03-18 04:03:55.962525,0.0,69.94,0.0521
2026-03-18 04:03:57.011842,0.0,69.93,0.0472
2026-03-18 04:03:58.058288,0.0,69.93,0.0345
2026-03-18 04:03:59.111057,0.0,69.93,0.035500000000000004
2026-03-18 04:04:00.164541,0.0,69.93,0.042300000000000004
2026-03-18 04:04:01.211504,0.0,69.93,0.053200000000000004
2026-03-18 04:04:02.265646,0.0,69.93,0.041499999999999995
2026-03-18 04:04:03.329806,0.0,69.93,0.045
2026-03-18 04:04:04.855091,0.0,69.93,0.054099999999999995
2026-03-18 04:04:05.893384,0.0,69.93,0.0455
2026-03-18 04:04:06.939262,0.0,69.93,0.0438
2026-03-18 04:04:07.983037,0.0,69.93,0.0339
2026-03-18 04:04:09.030119,0.0,69.93,0.0482
2026-03-18 04:04:10.080446,0.0,69.93,0.0327
2026-03-18 04:04:11.136415,0.0,69.93,0.0426
2026-03-18 04:04:12.180910,0.0,69.93,0.0672
2026-03-18 04:04:13.239352,0.0,69.93,0.054200000000000005
2026-03-18 04:04:14.287698,0.0,69.92,0.0472
2026-03-18 04:04:15.338009,0.0,69.92,0.0327
2026-03-18 04:04:16.383551,0.0,69.92,0.0353
2026-03-18 04:04:17.412553,0.0,69.92,0.0526
2026-03-18 04:04:18.460927,0.0,69.92,0.0322
2026-03-18 04:04:19.505027,0.0,69.92,0.0309
2026-03-18 04:04:20.563199,0.0,69.92,0.037
2026-03-18 04:04:21.617140,0.0,69.92,0.038400000000000004
2026-03-18 04:04:22.661811,0.0,69.92,0.055099999999999996
2026-03-18 04:04:23.701584,0.0,69.92,0.0393
2026-03-18 04:04:24.735970,0.0,69.92,0.0653
2026-03-18 04:04:25.785265,0.0,69.92,0.058800000000000005
2026-03-18 04:04:26.828276,0.0,69.92,0.044199999999999996
2026-03-18 04:04:27.876700,0.0,69.92,0.033299999999999996
2026-03-18 04:04:28.932601,0.0,69.92,0.0513
2026-03-18 04:04:29.977159,0.0,69.92,0.0574
2026-03-18 04:04:31.021329,0.0,69.92,0.0391
2026-03-18 04:04:32.067935,0.0,69.92,0.0313
2026-03-18 04:04:33.133559,0.0,69.91,0.0581
2026-03-18 04:04:34.182392,0.0,69.91,0.0567
2026-03-18 04:04:35.227910,0.0,69.91,0.0534
2026-03-18 04:04:36.254829,0.0,69.91,0.0424
2026-03-18 04:04:37.283875,0.0,69.91,0.0504
2026-03-18 04:04:38.321795,0.0,69.91,0.0333
2026-03-18 04:04:39.357953,0.0,69.91,0.0458
2026-03-18 04:04:40.394035,0.0,69.91,0.0399
2026-03-18 04:04:41.423128,0.0,69.91,0.033
2026-03-18 04:04:42.467276,0.0,69.91,0.0558
2026-03-18 04:04:43.516177,0.0,69.91,0.0402
2026-03-18 04:04:44.564507,0.0,69.91,0.0591
2026-03-18 04:04:45.597333,0.0,69.91,0.0445
2026-03-18 04:04:46.642841,0.0,69.91,0.0474
2026-03-18 04:04:47.691109,0.0,69.91,0.0635
2026-03-18 04:04:48.746602,0.0,69.91,0.0576
2026-03-18 04:04:49.824637,0.0,69.9,0.053
2026-03-18 04:04:50.880526,0.0,69.9,0.0586
2026-03-18 04:04:51.934884,0.0,69.9,0.0323
2026-03-18 04:04:53.009552,0.0,69.9,0.058899999999999994
2026-03-18 04:04:54.072080,0.0,69.9,0.0416
2026-03-18 04:04:55.130780,0.0,69.9,0.0616
2026-03-18 04:04:56.173389,0.0,69.9,0.0381
2026-03-18 04:04:57.230734,0.0,69.9,0.0553
2026-03-18 04:04:58.288583,0.0,69.9,0.0346
2026-03-18 04:04:59.365791,0.0,69.9,0.0574
2026-03-18 04:05:00.401935,0.0,69.9,0.0519
2026-03-18 04:05:01.459113,0.0,69.9,0.0372
2026-03-18 04:05:02.483027,0.0,69.9,0.0342
2026-03-18 04:05:03.841215,0.0,69.9,0.0482
2026-03-18 04:05:05.490025,0.0,69.9,0.048
2026-03-18 04:05:06.537072,0.0,69.9,0.0312
2026-03-18 04:05:07.562755,0.0,69.9,0.043000000000000003
2026-03-18 04:05:08.618024,0.0,69.89,0.063
2026-03-18 04:05:09.657856,0.0,69.89,0.0511
2026-03-18 04:05:10.703486,0.0,69.89,0.0429
2026-03-18 04:05:11.734824,0.0,69.89,0.0316
2026-03-18 04:05:12.779334,0.0,69.89,0.0373
2026-03-18 04:05:13.829759,0.0,69.89,0.0518
2026-03-18 04:05:14.857767,0.0,69.89,0.0572
2026-03-18 04:05:15.911326,0.0,69.89,0.054599999999999996
2026-03-18 04:05:16.975991,0.0,69.89,0.0567
2026-03-18 04:05:18.032085,0.0,69.89,0.035199999999999995
2026-03-18 04:05:19.078374,0.0,69.89,0.042800000000000005
2026-03-18 04:05:20.118711,0.0,69.89,0.0586
2026-03-18 04:05:21.158940,0.0,69.89,0.0571
2026-03-18 04:05:22.206284,0.0,69.89,0.0399
2026-03-18 04:05:23.251488,0.0,69.89,0.040900000000000006
2026-03-18 04:05:24.305634,0.0,69.89,0.0338
2026-03-18 04:05:25.347883,0.0,69.88,0.0576
2026-03-18 04:05:26.401638,0.0,69.88,0.039999999999999994
2026-03-18 04:05:27.445040,0.0,69.88,0.051
2026-03-18 04:05:28.491159,0.0,69.88,0.0665
2026-03-18 04:05:29.537659,0.0,69.88,0.0511
2026-03-18 04:05:30.565420,0.0,69.88,0.0475
2026-03-18 04:05:31.609283,0.0,69.88,0.0634
2026-03-18 04:05:32.655127,0.0,69.88,0.046799999999999994
2026-03-18 04:05:33.710084,0.0,69.88,0.0474
2026-03-18 04:05:34.757563,0.0,69.88,0.0319
2026-03-18 04:05:35.801116,0.0,69.88,0.0354
2026-03-18 04:05:36.845814,0.0,69.88,0.059800000000000006
2026-03-18 04:05:37.883890,0.0,69.88,0.032299999999999995
2026-03-18 04:05:38.932402,0.0,69.88,0.054
2026-03-18 04:05:39.974884,0.0,69.88,0.0593
2026-03-18 04:05:41.020577,0.0,69.88,0.0422
2026-03-18 04:05:42.063928,0.0,69.87,0.0533
2026-03-18 04:05:43.109106,0.0,69.87,0.0572
2026-03-18 04:05:44.151922,0.0,69.87,0.0591
2026-03-18 04:05:45.196064,0.0,69.87,0.0489
2026-03-18 04:05:46.238015,0.0,69.87,0.0378
2026-03-18 04:05:47.267294,0.0,69.87,0.046400000000000004
2026-03-18 04:05:48.312159,0.0,69.87,0.0509
2026-03-18 04:05:49.354360,0.0,69.87,0.0342
2026-03-18 04:05:50.397802,0.0,69.87,0.0474
2026-03-18 04:05:51.429175,0.0,69.87,0.0353
2026-03-18 04:05:52.478142,0.0,69.87,0.056
2026-03-18 04:05:53.525081,0.0,69.87,0.0417
2026-03-18 04:05:54.569358,0.0,69.87,0.0542
2026-03-18 04:05:55.610227,0.0,69.87,0.038
2026-03-18 04:05:56.651730,0.0,69.87,0.0511
2026-03-18 04:05:57.677921,0.0,69.87,0.057800000000000004
2026-03-18 04:05:58.723510,0.0,69.87,0.0431
2026-03-18 04:05:59.776534,0.0,69.86,0.051500000000000004
2026-03-18 04:06:00.821239,0.0,69.86,0.0388
2026-03-18 04:06:01.878976,0.0,69.86,0.0445
2026-03-18 04:06:02.933302,0.0,69.86,0.059
2026-03-18 04:06:04.050807,0.0,69.86,0.0557
2026-03-18 04:06:05.583165,0.0,69.86,0.047
2026-03-18 04:06:06.634093,0.0,69.86,0.041299999999999996
2026-03-18 04:06:07.674064,0.0,69.86,0.0555
2026-03-18 04:06:08.718104,0.0,69.86,0.0363
2026-03-18 04:06:09.761284,0.0,69.86,0.0501
2026-03-18 04:06:10.806153,0.0,69.86,0.0495
2026-03-18 04:06:11.850083,0.0,69.86,0.059899999999999995
2026-03-18 04:06:12.911012,0.0,69.86,0.036199999999999996
2026-03-18 04:06:13.967767,0.0,69.86,0.0357
2026-03-18 04:06:15.011811,0.0,69.86,0.0426
2026-03-18 04:06:16.056979,0.0,69.86,0.0359
2026-03-18 04:06:17.100149,0.0,69.85,0.0399
2026-03-18 04:06:18.147044,0.0,69.85,0.0564
2026-03-18 04:06:19.200485,0.0,69.85,0.0371
2026-03-18 04:06:20.240392,0.0,69.85,0.0369
2026-03-18 04:06:21.286472,0.0,69.85,0.039900000000000005
2026-03-18 04:06:22.324189,0.0,69.85,0.0363
2026-03-18 04:06:23.370784,0.0,69.85,0.0628
2026-03-18 04:06:24.417127,0.0,69.85,0.0371
2026-03-18 04:06:25.464144,0.0,69.85,0.0408
2026-03-18 04:06:26.509007,0.0,69.85,0.039099999999999996
2026-03-18 04:06:27.557838,0.0,69.85,0.0575
2026-03-18 04:06:28.587050,0.0,69.85,0.0492
2026-03-18 04:06:29.622072,0.0,69.85,0.034300000000000004
2026-03-18 04:06:30.646552,0.0,69.85,0.0317
2026-03-18 04:06:31.696275,0.0,69.85,0.0631
2026-03-18 04:06:32.742270,0.0,69.85,0.0596
2026-03-18 04:06:33.793004,0.0,69.85,0.0596
2026-03-18 04:06:34.835153,0.0,69.84,0.0661
2026-03-18 04:06:35.880524,0.0,69.84,0.043
2026-03-18 04:06:36.933561,0.0,69.84,0.0575
2026-03-18 04:06:37.976570,0.0,69.84,0.0364
2026-03-18 04:06:39.030006,0.0,69.84,0.0373
2026-03-18 04:06:40.078831,0.0,69.84,0.0318
2026-03-18 04:06:41.122217,0.0,69.84,0.0533
2026-03-18 04:06:42.159502,0.0,69.84,0.049
2026-03-18 04:06:43.188050,0.0,69.84,0.044
2026-03-18 04:06:44.228117,0.0,69.84,0.037
2026-03-18 04:06:45.287832,0.0,69.84,0.0528
2026-03-18 04:06:46.321809,0.0,69.84,0.0326
2026-03-18 04:06:47.377789,0.0,69.84,0.0503
2026-03-18 04:06:48.421406,0.0,69.84,0.0479
2026-03-18 04:06:49.465093,0.0,69.84,0.0349
2026-03-18 04:06:50.523395,0.0,69.84,0.054900000000000004
2026-03-18 04:06:51.572004,0.0,69.84,0.028900000000000002
2026-03-18 04:06:52.594212,0.0,69.84,0.0508
2026-03-18 04:06:53.626304,0.0,69.83,0.0351
2026-03-18 04:06:54.679200,0.0,69.83,0.047
2026-03-18 04:06:55.708872,0.0,69.83,0.043199999999999995
2026-03-18 04:06:56.758037,0.0,69.83,0.0601
2026-03-18 04:06:57.810578,0.0,69.83,0.0543
2026-03-18 04:06:58.859592,0.0,69.83,0.0361
2026-03-18 04:06:59.909873,0.0,69.83,0.05499999999999999
2026-03-18 04:07:00.965360,0.0,69.83,0.0382
2026-03-18 04:07:02.009116,0.0,69.83,0.0422
2026-03-18 04:07:03.052128,0.0,69.83,0.054400000000000004
2026-03-18 04:07:04.108648,0.0,69.83,0.054
2026-03-18 04:07:05.589715,0.0,69.83,0.0658
2026-03-18 04:07:06.638477,0.0,69.83,0.0378
2026-03-18 04:07:07.681269,0.0,69.83,0.0384
2026-03-18 04:07:08.723871,0.0,69.83,0.0448
2026-03-18 04:07:09.771810,0.0,69.83,0.0476
2026-03-18 04:07:10.826684,0.0,69.82,0.0548
2026-03-18 04:07:11.864281,0.0,69.82,0.054900000000000004
2026-03-18 04:07:12.903942,0.0,69.82,0.0424
2026-03-18 04:07:13.956759,0.0,69.82,0.0414
2026-03-18 04:07:15.007138,0.0,69.82,0.0491
2026-03-18 04:07:16.055222,0.0,69.82,0.0385
2026-03-18 04:07:17.114138,0.0,69.82,0.0406
2026-03-18 04:07:18.158237,0.0,69.82,0.0448
2026-03-18 04:07:19.202376,0.0,69.82,0.0468
2026-03-18 04:07:20.251245,0.0,69.82,0.0523
2026-03-18 04:07:21.306289,0.0,69.82,0.058699999999999995
2026-03-18 04:07:22.351870,0.0,69.82,0.0621
2026-03-18 04:07:23.391880,0.0,69.82,0.047799999999999995
2026-03-18 04:07:24.438172,0.0,69.82,0.0339
2026-03-18 04:07:25.484093,0.0,69.82,0.0336
2026-03-18 04:07:26.530624,0.0,69.82,0.0454
2026-03-18 04:07:27.581435,0.0,69.81,0.0468
2026-03-18 04:07:28.639005,0.0,69.81,0.0577
2026-03-18 04:07:29.684609,0.0,69.81,0.046400000000000004
2026-03-18 04:07:30.723165,0.0,69.81,0.0486
2026-03-18 04:07:31.768041,0.0,69.81,0.0392
2026-03-18 04:07:32.815184,0.0,69.81,0.0584
2026-03-18 04:07:33.866023,0.0,69.81,0.0287
2026-03-18 04:07:34.921220,0.0,69.81,0.0365
2026-03-18 04:07:35.968537,0.0,69.81,0.0362
2026-03-18 04:07:37.013878,0.0,69.81,0.061
2026-03-18 04:07:38.060210,0.0,69.81,0.0369
2026-03-18 04:07:39.113742,0.0,69.81,0.058
2026-03-18 04:07:40.139828,0.0,69.81,0.0385
2026-03-18 04:07:41.181835,0.0,69.81,0.0387
2026-03-18 04:07:42.229035,0.0,69.81,0.0631
2026-03-18 04:07:43.280943,0.0,69.81,0.0553
2026-03-18 04:07:44.321385,0.0,69.81,0.0475
2026-03-18 04:07:45.366200,0.0,69.8,0.0532
2026-03-18 04:07:46.409146,0.0,69.8,0.0564
2026-03-18 04:07:47.457175,0.0,69.8,0.047799999999999995
2026-03-18 04:07:48.502203,0.0,69.8,0.056
2026-03-18 04:07:49.548118,0.0,69.8,0.0422
2026-03-18 04:07:50.589219,0.0,69.8,0.0558
2026-03-18 04:07:51.621278,0.0,69.8,0.031
2026-03-18 04:07:52.666711,0.0,69.8,0.054000000000000006
2026-03-18 04:07:53.710612,0.0,69.8,0.0451
2026-03-18 04:07:54.757076,0.0,69.8,0.0593
2026-03-18 04:07:55.809159,0.0,69.8,0.0354
2026-03-18 04:07:56.866182,0.0,69.8,0.0528
2026-03-18 04:07:57.914085,0.0,69.8,0.0373
2026-03-18 04:07:58.958609,0.0,69.8,0.061399999999999996
2026-03-18 04:08:00.008021,0.0,69.8,0.0378
2026-03-18 04:08:01.051509,0.0,69.8,0.036199999999999996
2026-03-18 04:08:02.102516,0.0,69.8,0.0327
2026-03-18 04:08:03.156748,0.0,69.79,0.0591
2026-03-18 04:08:04.218473,0.0,69.79,0.0558
2026-03-18 04:08:05.259119,0.0,69.79,0.0536
2026-03-18 04:08:06.305508,0.0,69.79,0.0455
2026-03-18 04:08:07.349984,0.0,69.79,0.06520000000000001
2026-03-18 04:08:08.394952,0.0,69.79,0.0345
2026-03-18 04:08:09.439153,0.0,69.79,0.0659
2026-03-18 04:08:10.480793,0.0,69.79,0.0356
2026-03-18 04:08:11.537613,0.0,69.79,0.0382
2026-03-18 04:08:12.580904,0.0,69.79,0.053200000000000004
2026-03-18 04:08:13.620083,0.0,69.79,0.0505
2026-03-18 04:08:14.667184,0.0,69.79,0.0528
2026-03-18 04:08:15.714240,0.0,69.79,0.0588
2026-03-18 04:08:16.757754,0.0,69.79,0.0506
2026-03-18 04:08:17.806285,0.0,69.79,0.0596
2026-03-18 04:08:18.852281,0.0,69.78,0.0445
2026-03-18 04:08:19.895569,0.0,69.78,0.0644
2026-03-18 04:08:20.947465,0.0,69.78,0.0488
2026-03-18 04:08:22.005468,0.0,69.78,0.0435
2026-03-18 04:08:23.065365,0.0,69.78,0.0454
2026-03-18 04:08:24.126290,0.0,69.78,0.0568
2026-03-18 04:08:25.172199,0.0,69.78,0.0628
2026-03-18 04:08:26.205789,0.0,69.78,0.053
2026-03-18 04:08:27.252227,0.0,69.78,0.0625
2026-03-18 04:08:28.303742,0.0,69.78,0.0402
2026-03-18 04:08:29.348579,0.0,69.78,0.045399999999999996
2026-03-18 04:08:30.388455,0.0,69.78,0.0417
2026-03-18 04:08:31.431506,0.0,69.78,0.0559
2026-03-18 04:08:32.470819,0.0,69.78,0.0458
2026-03-18 04:08:33.518137,0.0,69.78,0.053200000000000004
2026-03-18 04:08:34.571373,0.0,69.77,0.0591
2026-03-18 04:08:35.615358,0.0,69.77,0.0466
2026-03-18 04:08:36.661208,0.0,69.77,0.0418
2026-03-18 04:08:37.704998,0.0,69.77,0.0516
2026-03-18 04:08:38.752918,0.0,69.77,0.038
2026-03-18 04:08:39.798243,0.0,69.77,0.0358
2026-03-18 04:08:40.851297,0.0,69.77,0.037899999999999996
2026-03-18 04:08:41.895242,0.0,69.77,0.052899999999999996
2026-03-18 04:08:42.942305,0.0,69.77,0.0404
2026-03-18 04:08:43.987130,0.0,69.77,0.0341
2026-03-18 04:08:45.014524,0.0,69.77,0.0455
2026-03-18 04:08:46.062356,0.0,69.77,0.0354
2026-03-18 04:08:47.114336,0.0,69.77,0.0332
2026-03-18 04:08:48.161838,0.0,69.77,0.0425
2026-03-18 04:08:49.205481,0.0,69.77,0.0315
2026-03-18 04:08:50.252797,0.0,69.77,0.0532
2026-03-18 04:08:51.315921,0.0,69.77,0.05
2026-03-18 04:08:52.361020,0.0,69.77,0.0322
2026-03-18 04:08:53.399161,0.0,69.77,0.0559
2026-03-18 04:08:54.446960,0.0,69.76,0.0372
2026-03-18 04:08:55.488610,0.0,69.76,0.029599999999999998
2026-03-18 04:08:56.537858,0.0,69.76,0.060899999999999996
2026-03-18 04:08:57.583294,0.0,69.76,0.0508
2026-03-18 04:08:58.635339,0.0,69.76,0.0489
2026-03-18 04:08:59.676442,0.0,69.76,0.0382
2026-03-18 04:09:00.710349,0.0,69.76,0.053
2026-03-18 04:09:01.764995,0.0,69.76,0.046
2026-03-18 04:09:02.816176,0.0,69.76,0.0396
2026-03-18 04:09:03.860451,0.0,69.76,0.0626
2026-03-18 04:09:05.313794,0.0,69.76,0.0329
2026-03-18 04:09:06.340090,0.0,69.76,0.0336
2026-03-18 04:09:07.404755,0.0,69.76,0.0403
2026-03-18 04:09:08.453832,0.0,69.76,0.0575
2026-03-18 04:09:09.492689,0.0,69.76,0.0628
2026-03-18 04:09:10.526624,0.0,69.76,0.0607
2026-03-18 04:09:11.569313,0.0,69.75,0.0372
2026-03-18 04:09:12.611786,0.0,69.75,0.0366
2026-03-18 04:09:13.657819,0.0,69.75,0.0406
2026-03-18 04:09:14.705855,0.0,69.75,0.0342
2026-03-18 04:09:15.752212,0.0,69.75,0.0344
2026-03-18 04:09:16.804824,0.0,69.75,0.058800000000000005
2026-03-18 04:09:17.851839,0.0,69.75,0.0474
2026-03-18 04:09:18.885087,0.0,69.75,0.052099999999999994
2026-03-18 04:09:19.938872,0.0,69.75,0.0545
2026-03-18 04:09:20.986378,0.0,69.75,0.0435
2026-03-18 04:09:22.041817,0.0,69.75,0.0682
2026-03-18 04:09:23.089286,0.0,69.75,0.0382
2026-03-18 04:09:24.134754,0.0,69.75,0.0474
2026-03-18 04:09:25.178586,0.0,69.75,0.0608
2026-03-18 04:09:26.224138,0.0,69.75,0.0443
2026-03-18 04:09:27.254349,0.0,69.75,0.061900000000000004
2026-03-18 04:09:28.283410,0.0,69.75,0.0354
2026-03-18 04:09:29.348688,0.0,69.74,0.0405
2026-03-18 04:09:30.390785,0.0,69.74,0.0357
2026-03-18 04:09:31.436621,0.0,69.74,0.0314
2026-03-18 04:09:32.463703,0.0,69.74,0.048600000000000004
2026-03-18 04:09:33.492871,0.0,69.74,0.0587
2026-03-18 04:09:34.516973,0.0,69.74,0.0299
2026-03-18 04:09:35.555894,0.0,69.74,0.0581
2026-03-18 04:09:36.607767,0.0,69.74,0.033100000000000004
2026-03-18 04:09:37.667556,0.0,69.74,0.0362
2026-03-18 04:09:38.717621,0.0,69.74,0.0374
2026-03-18 04:09:39.764130,0.0,69.74,0.0555
2026-03-18 04:09:40.809211,0.0,69.74,0.0473
2026-03-18 04:09:41.865497,0.0,69.74,0.0524
2026-03-18 04:09:42.926081,0.0,69.74,0.0359
2026-03-18 04:09:43.976698,0.0,69.74,0.0469
2026-03-18 04:09:45.004627,0.0,69.74,0.0337
2026-03-18 04:09:46.064998,0.0,69.74,0.0367
2026-03-18 04:09:47.126169,0.0,69.74,0.0436
2026-03-18 04:09:48.181044,0.0,69.73,0.0594
2026-03-18 04:09:49.229303,0.0,69.73,0.0511
2026-03-18 04:09:50.275404,0.0,69.73,0.0444
2026-03-18 04:09:51.321272,0.0,69.73,0.0509
2026-03-18 04:09:52.348968,0.0,69.73,0.0397
2026-03-18 04:09:53.384095,0.0,69.73,0.0616
2026-03-18 04:09:54.434803,0.0,69.73,0.0643
2026-03-18 04:09:55.484731,0.0,69.73,0.0494
2026-03-18 04:09:56.531007,0.0,69.73,0.037700000000000004
2026-03-18 04:09:57.581123,0.0,69.73,0.0512
2026-03-18 04:09:58.634831,0.0,69.73,0.0383
2026-03-18 04:09:59.677798,0.0,69.73,0.0381
2026-03-18 04:10:00.724149,0.0,69.73,0.0597
2026-03-18 04:10:01.761285,0.0,69.73,0.0377
2026-03-18 04:10:02.789020,0.0,69.73,0.0566
2026-03-18 04:10:04.074424,0.0,69.73,0.0529
2026-03-18 04:10:05.762476,0.0,69.72,0.0535
2026-03-18 04:10:06.800780,0.0,69.72,0.0598
2026-03-18 04:10:07.843855,0.0,69.72,0.0588
2026-03-18 04:10:08.875179,0.0,69.72,0.0408
2026-03-18 04:10:09.904078,0.0,69.72,0.040999999999999995
2026-03-18 04:10:10.930488,0.0,69.72,0.0655
2026-03-18 04:10:11.959355,0.0,69.72,0.0491
2026-03-18 04:10:12.983348,0.0,69.72,0.048
2026-03-18 04:10:14.031811,0.0,69.72,0.0348
2026-03-18 04:10:15.089204,0.0,69.72,0.0295
2026-03-18 04:10:16.143223,0.0,69.72,0.048299999999999996
2026-03-18 04:10:17.189260,0.0,69.72,0.0338
2026-03-18 04:10:18.236168,0.0,69.72,0.0582
2026-03-18 04:10:19.283960,0.0,69.72,0.0653
2026-03-18 04:10:20.337207,0.0,69.72,0.032299999999999995
2026-03-18 04:10:21.383154,0.0,69.72,0.039599999999999996
2026-03-18 04:10:22.436981,0.0,69.71,0.0366
2026-03-18 04:10:23.485199,0.0,69.71,0.0414
2026-03-18 04:10:24.534055,0.0,69.71,0.055299999999999995
2026-03-18 04:10:25.574108,0.0,69.71,0.0621
2026-03-18 04:10:26.630977,0.0,69.71,0.0662
2026-03-18 04:10:27.675274,0.0,69.71,0.058
2026-03-18 04:10:28.722939,0.0,69.71,0.057600000000000005
2026-03-18 04:10:29.760462,0.0,69.71,0.062400000000000004
2026-03-18 04:10:30.808225,0.0,69.71,0.0491
2026-03-18 04:10:31.864219,0.0,69.71,0.0346
2026-03-18 04:10:32.912580,0.0,69.71,0.0702
2026-03-18 04:10:33.976695,0.0,69.71,0.037200000000000004
2026-03-18 04:10:35.034148,0.0,69.71,0.0405
2026-03-18 04:10:36.081204,0.0,69.71,0.0636
2026-03-18 04:10:37.123964,0.0,69.71,0.059800000000000006
2026-03-18 04:10:38.167623,0.0,69.7,0.056600000000000004
2026-03-18 04:10:39.212950,0.0,69.7,0.0634
2026-03-18 04:10:40.266105,0.0,69.7,0.0558
2026-03-18 04:10:41.313104,0.0,69.7,0.0455
2026-03-18 04:10:42.368032,0.0,69.7,0.0613
2026-03-18 04:10:43.419634,0.0,69.7,0.0572
2026-03-18 04:10:44.476783,0.0,69.7,0.058300000000000005
2026-03-18 04:10:45.520265,0.0,69.7,0.039
2026-03-18 04:10:46.566468,0.0,69.7,0.0567
2026-03-18 04:10:47.628740,0.0,69.7,0.0547
2026-03-18 04:10:48.680880,0.0,69.7,0.065
2026-03-18 04:10:49.726555,0.0,69.7,0.0651
2026-03-18 04:10:50.767292,0.0,69.7,0.0597
2026-03-18 04:10:51.822852,0.0,69.7,0.0351
2026-03-18 04:10:52.867200,0.0,69.69,0.0356
2026-03-18 04:10:53.911953,0.0,69.69,0.0385
2026-03-18 04:10:54.955819,0.0,69.69,0.0374
2026-03-18 04:10:56.001689,0.0,69.69,0.0564
2026-03-18 04:10:57.037278,0.0,69.69,0.0325
2026-03-18 04:10:58.080506,0.0,69.69,0.043800000000000006
2026-03-18 04:10:59.125859,0.0,69.69,0.0464
2026-03-18 04:11:00.187818,0.0,69.69,0.0501
2026-03-18 04:11:01.231848,0.0,69.69,0.059300000000000005
2026-03-18 04:11:02.265264,0.0,69.69,0.048
2026-03-18 04:11:03.323592,0.0,69.69,0.0438
2026-03-18 04:11:04.820954,0.0,69.69,0.0552
2026-03-18 04:11:05.859148,0.0,69.69,0.0462
2026-03-18 04:11:06.898154,0.0,69.69,0.047400000000000005
2026-03-18 04:11:07.948361,0.0,69.69,0.046200000000000005
2026-03-18 04:11:08.983732,0.0,69.69,0.038
2026-03-18 04:11:10.032172,0.0,69.69,0.0356
2026-03-18 04:11:11.080224,0.0,69.68,0.0303
2026-03-18 04:11:12.123582,0.0,69.68,0.0553
2026-03-18 04:11:13.147784,0.0,69.68,0.046
2026-03-18 04:11:14.192179,0.0,69.68,0.0495
2026-03-18 04:11:15.236173,0.0,69.68,0.0503
2026-03-18 04:11:16.284642,0.0,69.68,0.057499999999999996
2026-03-18 04:11:17.341212,0.0,69.68,0.056600000000000004
2026-03-18 04:11:18.379791,0.0,69.68,0.0619
2026-03-18 04:11:19.422059,0.0,69.68,0.038
2026-03-18 04:11:20.466289,0.0,69.68,0.051199999999999996
2026-03-18 04:11:21.531596,0.0,69.68,0.045799999999999993
2026-03-18 04:11:22.576191,0.0,69.68,0.0615
2026-03-18 04:11:23.618719,0.0,69.68,0.0591
2026-03-18 04:11:24.667019,0.0,69.68,0.0416
2026-03-18 04:11:25.720296,0.0,69.68,0.0539
2026-03-18 04:11:26.768812,0.0,69.68,0.035
2026-03-18 04:11:27.825386,0.0,69.67,0.0454
2026-03-18 04:11:28.867465,0.0,69.67,0.0414
2026-03-18 04:11:29.912204,0.0,69.67,0.0348
2026-03-18 04:11:30.959828,0.0,69.67,0.052500000000000005
2026-03-18 04:11:32.003068,0.0,69.67,0.0554
2026-03-18 04:11:33.051165,0.0,69.67,0.0637
2026-03-18 04:11:34.101080,0.0,69.67,0.0392
2026-03-18 04:11:35.157188,0.0,69.67,0.0483
2026-03-18 04:11:36.205528,0.0,69.67,0.0598
2026-03-18 04:11:37.252626,0.0,69.67,0.0523
2026-03-18 04:11:38.302877,0.0,69.67,0.0431
2026-03-18 04:11:39.349168,0.0,69.67,0.0541
2026-03-18 04:11:40.396782,0.0,69.67,0.0564
2026-03-18 04:11:41.453178,0.0,69.67,0.046599999999999996
2026-03-18 04:11:42.505379,0.0,69.67,0.0577
2026-03-18 04:11:43.553108,0.0,69.66,0.0534
2026-03-18 04:11:44.601918,0.0,69.66,0.0431
2026-03-18 04:11:45.648874,0.0,69.66,0.0474
2026-03-18 04:11:46.701213,0.0,69.66,0.0473
2026-03-18 04:11:47.739798,0.0,69.66,0.0387
2026-03-18 04:11:48.785279,0.0,69.66,0.0582
2026-03-18 04:11:49.833130,0.0,69.66,0.049699999999999994
2026-03-18 04:11:50.869341,0.0,69.66,0.0539
2026-03-18 04:11:51.924247,0.0,69.66,0.054099999999999995
2026-03-18 04:11:52.971128,0.0,69.66,0.0337
2026-03-18 04:11:54.016275,0.0,69.66,0.0626
2026-03-18 04:11:55.072396,0.0,69.66,0.045099999999999994
2026-03-18 04:11:56.116954,0.0,69.66,0.0522
2026-03-18 04:11:57.171305,0.0,69.66,0.059899999999999995
2026-03-18 04:11:58.215958,0.0,69.66,0.0484
2026-03-18 04:11:59.269795,0.0,69.66,0.0355
2026-03-18 04:12:00.298544,0.0,69.65,0.050600000000000006
2026-03-18 04:12:01.345182,0.0,69.65,0.045
2026-03-18 04:12:02.389866,0.0,69.65,0.0471
2026-03-18 04:12:03.422600,0.0,69.65,0.0516
2026-03-18 04:12:04.930009,0.0,69.65,0.0683
2026-03-18 04:12:05.974186,0.0,69.65,0.0486
2026-03-18 04:12:07.023930,0.0,69.65,0.0381
2026-03-18 04:12:08.070152,0.0,69.65,0.0354
2026-03-18 04:12:09.114727,0.0,69.65,0.0349
2026-03-18 04:12:10.157808,0.0,69.65,0.0551
2026-03-18 04:12:11.208434,0.0,69.65,0.0564
2026-03-18 04:12:12.256215,0.0,69.65,0.0521
2026-03-18 04:12:13.300214,0.0,69.65,0.041299999999999996
2026-03-18 04:12:14.343223,0.0,69.65,0.0504
2026-03-18 04:12:15.387575,0.0,69.65,0.0522
2026-03-18 04:12:16.434112,0.0,69.65,0.052500000000000005
2026-03-18 04:12:17.788435,0.0,69.64,0.0506
2026-03-18 04:12:19.196620,0.0,69.64,0.038
2026-03-18 04:12:20.243172,0.0,69.64,0.0508
2026-03-18 04:12:21.290860,0.0,69.64,0.0473
2026-03-18 04:12:22.336732,0.0,69.64,0.029599999999999998
2026-03-18 04:12:23.385359,0.0,69.64,0.0502
2026-03-18 04:12:24.434196,0.0,69.64,0.0402
2026-03-18 04:12:25.482288,0.0,69.64,0.053000000000000005
2026-03-18 04:12:26.528259,0.0,69.64,0.0454
2026-03-18 04:12:27.583809,0.0,69.64,0.044700000000000004
2026-03-18 04:12:28.626426,0.0,69.64,0.0434
2026-03-18 04:12:29.654300,0.0,69.64,0.0346
2026-03-18 04:12:30.680411,0.0,69.64,0.037899999999999996
2026-03-18 04:12:31.730602,0.0,69.64,0.0307
2026-03-18 04:12:32.771175,0.0,69.64,0.0339
2026-03-18 04:12:33.820839,0.0,69.64,0.054900000000000004
2026-03-18 04:12:34.848823,0.0,69.64,0.0382
2026-03-18 04:12:35.900078,0.0,69.64,0.0387
2026-03-18 04:12:37.331102,0.0,69.63,0.059000000000000004
2026-03-18 04:12:38.372348,0.0,69.63,0.0415
2026-03-18 04:12:39.411203,0.0,69.63,0.036699999999999997
2026-03-18 04:12:40.463885,0.0,69.63,0.0326
2026-03-18 04:12:41.519157,0.0,69.63,0.059
2026-03-18 04:12:42.571108,0.0,69.63,0.0648
2026-03-18 04:12:43.621047,0.0,69.63,0.0521
2026-03-18 04:12:44.673852,0.0,69.63,0.036699999999999997
2026-03-18 04:12:45.720526,0.0,69.63,0.0313
2026-03-18 04:12:46.766966,0.0,69.63,0.0433
2026-03-18 04:12:47.796274,0.0,69.63,0.0429
2026-03-18 04:12:48.838962,0.0,69.63,0.0436
2026-03-18 04:12:49.884860,0.0,69.63,0.0503
2026-03-18 04:12:50.929715,0.0,69.63,0.04820000000000001
2026-03-18 04:12:51.969852,0.0,69.63,0.06520000000000001
2026-03-18 04:12:52.998218,0.0,69.63,0.0381
2026-03-18 04:12:54.041807,0.0,69.62,0.047099999999999996
2026-03-18 04:12:55.092253,0.0,69.62,0.0422
2026-03-18 04:12:56.138857,0.0,69.62,0.0509
2026-03-18 04:12:57.304018,0.0,69.62,0.0505
2026-03-18 04:12:58.339199,0.0,69.62,0.044
2026-03-18 04:12:59.370123,0.0,69.62,0.0555
2026-03-18 04:13:00.439556,0.0,69.62,0.0464
2026-03-18 04:13:01.484443,0.0,69.62,0.0352
2026-03-18 04:13:02.539544,0.0,69.62,0.051
2026-03-18 04:13:03.796321,0.0,69.62,0.0525
2026-03-18 04:13:05.337213,0.0,69.62,0.0527
2026-03-18 04:13:06.373869,0.0,69.62,0.054900000000000004
2026-03-18 04:13:07.413376,0.0,69.62,0.046400000000000004
2026-03-18 04:13:08.443749,0.0,69.62,0.0563
2026-03-18 04:13:09.493450,0.0,69.62,0.0596
2026-03-18 04:13:10.540225,0.0,69.61,0.0388
2026-03-18 04:13:11.584854,0.0,69.61,0.0487
2026-03-18 04:13:12.632515,0.0,69.61,0.044899999999999995
2026-03-18 04:13:13.679221,0.0,69.61,0.055099999999999996
2026-03-18 04:13:14.723140,0.0,69.61,0.0337
2026-03-18 04:13:15.769440,0.0,69.61,0.0363
2026-03-18 04:13:16.814757,0.0,69.61,0.0359
2026-03-18 04:13:18.303736,0.0,69.61,0.0519
2026-03-18 04:13:19.373324,0.0,69.61,0.057999999999999996
2026-03-18 04:13:20.424093,0.0,69.61,0.0646
2026-03-18 04:13:21.486247,0.0,69.61,0.0708
2026-03-18 04:13:22.532575,0.0,69.61,0.0562
2026-03-18 04:13:23.573534,0.0,69.61,0.0542
2026-03-18 04:13:24.628790,0.0,69.61,0.0417
2026-03-18 04:13:25.679331,0.0,69.61,0.0481
2026-03-18 04:13:26.752970,0.0,69.61,0.0357
2026-03-18 04:13:27.813009,0.0,69.6,0.057300000000000004
2026-03-18 04:13:28.871186,0.0,69.6,0.0484
2026-03-18 04:13:29.938878,0.0,69.6,0.058499999999999996
2026-03-18 04:13:30.972144,0.0,69.6,0.036
2026-03-18 04:13:32.017264,0.0,69.6,0.0361
2026-03-18 04:13:33.072784,0.0,69.6,0.062
2026-03-18 04:13:34.125421,0.0,69.6,0.0303
2026-03-18 04:13:35.180317,0.0,69.6,0.0571
2026-03-18 04:13:36.240318,0.0,69.6,0.0561
2026-03-18 04:13:37.480078,0.0,69.6,0.0401
2026-03-18 04:13:38.521411,0.0,69.6,0.043000000000000003
2026-03-18 04:13:39.571401,0.0,69.6,0.0408
2026-03-18 04:13:40.601710,0.0,69.6,0.0457
2026-03-18 04:13:41.638565,0.0,69.6,0.0361
2026-03-18 04:13:42.675250,0.0,69.6,0.0623
2026-03-18 04:13:43.702115,0.0,69.6,0.067
2026-03-18 04:13:44.740470,0.0,69.59,0.0442
2026-03-18 04:13:45.795289,0.0,69.59,0.0579
2026-03-18 04:13:46.827975,0.0,69.59,0.0617
2026-03-18 04:13:48.262696,0.0,69.59,0.0429
2026-03-18 04:13:49.305627,0.0,69.59,0.0434
2026-03-18 04:13:50.356616,0.0,69.59,0.0377
2026-03-18 04:13:51.379486,0.0,69.59,0.0401
2026-03-18 04:13:52.412533,0.0,69.59,0.049
2026-03-18 04:13:53.458996,0.0,69.59,0.042499999999999996
2026-03-18 04:13:54.508510,0.0,69.59,0.059699999999999996
2026-03-18 04:13:55.554771,0.0,69.59,0.0498
2026-03-18 04:13:56.597011,0.0,69.59,0.056
2026-03-18 04:13:57.652699,0.0,69.59,0.032600000000000004
2026-03-18 04:13:58.704039,0.0,69.59,0.051199999999999996
2026-03-18 04:13:59.733848,0.0,69.59,0.052700000000000004
2026-03-18 04:14:00.769582,0.0,69.59,0.045
2026-03-18 04:14:01.825946,0.0,69.58,0.037
2026-03-18 04:14:02.880734,0.0,69.58,0.061900000000000004
2026-03-18 04:14:03.928184,0.0,69.58,0.0594
2026-03-18 04:14:05.314207,0.0,69.58,0.0545
2026-03-18 04:14:06.362269,0.0,69.58,0.0613
2026-03-18 04:14:07.409509,0.0,69.58,0.0558
2026-03-18 04:14:08.453075,0.0,69.58,0.054200000000000005
2026-03-18 04:14:09.511078,0.0,69.58,0.0484
2026-03-18 04:14:10.559550,0.0,69.58,0.0486
2026-03-18 04:14:11.607917,0.0,69.58,0.038700000000000005
2026-03-18 04:14:12.640706,0.0,69.58,0.0336
2026-03-18 04:14:13.685566,0.0,69.58,0.0508
2026-03-18 04:14:14.735577,0.0,69.58,0.0382
2026-03-18 04:14:15.782227,0.0,69.58,0.036000000000000004
2026-03-18 04:14:16.830262,0.0,69.58,0.0361
2026-03-18 04:14:18.323492,0.0,69.57,0.0574
2026-03-18 04:14:19.371416,0.0,69.57,0.0525
2026-03-18 04:14:20.415303,0.0,69.57,0.0363
2026-03-18 04:14:21.462863,0.0,69.57,0.0419
2026-03-18 04:14:22.508224,0.0,69.57,0.0522
2026-03-18 04:14:23.556816,0.0,69.57,0.0579
2026-03-18 04:14:24.602528,0.0,69.57,0.0404
2026-03-18 04:14:25.649648,0.0,69.57,0.048799999999999996
2026-03-18 04:14:26.701618,0.0,69.57,0.0536
2026-03-18 04:14:27.746711,0.0,69.57,0.0366
2026-03-18 04:14:28.791196,0.0,69.57,0.033
2026-03-18 04:14:29.844428,0.0,69.57,0.062200000000000005
2026-03-18 04:14:30.893042,0.0,69.57,0.0415
2026-03-18 04:14:31.932075,0.0,69.57,0.0353
2026-03-18 04:14:32.978788,0.0,69.57,0.0533
2026-03-18 04:14:34.037608,0.0,69.57,0.0342
2026-03-18 04:14:35.087964,0.0,69.57,0.0622
2026-03-18 04:14:36.134202,0.0,69.56,0.0499
2026-03-18 04:14:37.226840,0.0,69.56,0.0473
2026-03-18 04:14:38.283044,0.0,69.56,0.0339
2026-03-18 04:14:39.311364,0.0,69.56,0.055999999999999994
2026-03-18 04:14:40.355126,0.0,69.56,0.0464
2026-03-18 04:14:41.398166,0.0,69.56,0.0335
2026-03-18 04:14:42.439496,0.0,69.56,0.0487
2026-03-18 04:14:43.470601,0.0,69.56,0.0476
2026-03-18 04:14:44.530826,0.0,69.56,0.0485
2026-03-18 04:14:45.577096,0.0,69.56,0.0599
2026-03-18 04:14:46.626095,0.0,69.56,0.046
2026-03-18 04:14:47.675184,0.0,69.56,0.0552
2026-03-18 04:14:48.733209,0.0,69.56,0.0506
2026-03-18 04:14:49.767717,0.0,69.56,0.0579
2026-03-18 04:14:50.808782,0.0,69.56,0.0538
2026-03-18 04:14:51.842779,0.0,69.56,0.0573
2026-03-18 04:14:52.886768,0.0,69.55,0.055999999999999994
2026-03-18 04:14:53.933146,0.0,69.55,0.04
2026-03-18 04:14:54.978028,0.0,69.55,0.0405
2026-03-18 04:14:56.023258,0.0,69.55,0.0453
2026-03-18 04:14:57.321418,0.0,69.55,0.061
2026-03-18 04:14:58.368865,0.0,69.55,0.048
2026-03-18 04:14:59.401789,0.0,69.55,0.038000000000000006
2026-03-18 04:15:00.451644,0.0,69.55,0.059899999999999995
2026-03-18 04:15:01.495377,0.0,69.55,0.050800000000000005
2026-03-18 04:15:02.541803,0.0,69.55,0.0342
2026-03-18 04:15:03.740711,0.0,69.55,0.0296
2026-03-18 04:15:05.259710,0.0,69.55,0.059300000000000005
2026-03-18 04:15:06.303981,0.0,69.55,0.0586
2026-03-18 04:15:07.354324,0.0,69.55,0.0669
2026-03-18 04:15:08.382315,0.0,69.55,0.0425
2026-03-18 04:15:09.429848,0.0,69.54,0.036199999999999996
2026-03-18 04:15:10.480678,0.0,69.54,0.040600000000000004
2026-03-18 04:15:11.529332,0.0,69.54,0.0355
2026-03-18 04:15:12.576796,0.0,69.54,0.0593
2026-03-18 04:15:13.629128,0.0,69.54,0.034
2026-03-18 04:15:14.679163,0.0,69.54,0.0486
2026-03-18 04:15:15.742326,0.0,69.54,0.03949999999999999
2026-03-18 04:15:16.788601,0.0,69.54,0.037
2026-03-18 04:15:17.839695,0.0,69.54,0.0593
2026-03-18 04:15:18.893332,0.0,69.54,0.0408
2026-03-18 04:15:19.935205,0.0,69.54,0.044899999999999995
2026-03-18 04:15:20.983423,0.0,69.54,0.0412
2026-03-18 04:15:22.031344,0.0,69.54,0.0638
2026-03-18 04:15:23.074855,0.0,69.54,0.0389
2026-03-18 04:15:24.121809,0.0,69.54,0.030000000000000002
2026-03-18 04:15:25.174124,0.0,69.54,0.0581
2026-03-18 04:15:26.217681,0.0,69.54,0.059
2026-03-18 04:15:27.275275,0.0,69.54,0.0341
2026-03-18 04:15:28.308195,0.0,69.53,0.058800000000000005
2026-03-18 04:15:29.349466,0.0,69.53,0.054900000000000004
2026-03-18 04:15:30.398084,0.0,69.53,0.0573
2026-03-18 04:15:31.442734,0.0,69.53,0.042800000000000005
2026-03-18 04:15:32.490725,0.0,69.53,0.0471
2026-03-18 04:15:33.536412,0.0,69.53,0.055
2026-03-18 04:15:34.586909,0.0,69.53,0.0431
2026-03-18 04:15:35.631076,0.0,69.53,0.048999999999999995
2026-03-18 04:15:36.675205,0.0,69.53,0.06319999999999999
2026-03-18 04:15:37.720490,0.0,69.53,0.0349
2026-03-18 04:15:38.772958,0.0,69.53,0.0569
2026-03-18 04:15:39.832176,0.0,69.53,0.045200000000000004
2026-03-18 04:15:40.871415,0.0,69.53,0.0611
2026-03-18 04:15:41.915602,0.0,69.53,0.0409
2026-03-18 04:15:42.966192,0.0,69.53,0.050499999999999996
2026-03-18 04:15:44.024558,0.0,69.52,0.0416
2026-03-18 04:15:45.075111,0.0,69.52,0.036500000000000005
2026-03-18 04:15:46.124807,0.0,69.52,0.0612
2026-03-18 04:15:47.270455,0.0,69.52,0.0328
2026-03-18 04:15:48.304508,0.0,69.52,0.0566
2026-03-18 04:15:49.332992,0.0,69.52,0.0526
2026-03-18 04:15:50.384899,0.0,69.52,0.0526
2026-03-18 04:15:51.428163,0.0,69.52,0.061399999999999996
2026-03-18 04:15:52.473497,0.0,69.52,0.0422
2026-03-18 04:15:53.523607,0.0,69.52,0.048100000000000004
2026-03-18 04:15:54.568414,0.0,69.52,0.051500000000000004
2026-03-18 04:15:55.620567,0.0,69.52,0.032
2026-03-18 04:15:56.675120,0.0,69.52,0.0373
2026-03-18 04:15:57.719837,0.0,69.52,0.060899999999999996
2026-03-18 04:15:58.767767,0.0,69.52,0.0461
2026-03-18 04:15:59.866834,0.0,69.52,0.0552
2026-03-18 04:16:00.899732,0.0,69.51,0.0563
2026-03-18 04:16:01.972988,0.0,69.51,0.0403
2026-03-18 04:16:03.030429,0.0,69.51,0.05
2026-03-18 04:16:04.071122,0.0,69.51,0.049199999999999994
2026-03-18 04:16:05.654405,0.0,69.51,0.0354
2026-03-18 04:16:06.722015,0.0,69.51,0.0384
2026-03-18 04:16:07.771729,0.0,69.51,0.045899999999999996
2026-03-18 04:16:08.809835,0.0,69.51,0.0596
2026-03-18 04:16:09.851798,0.0,69.51,0.0478
2026-03-18 04:16:10.890778,0.0,69.51,0.0626
2026-03-18 04:16:11.949217,0.0,69.51,0.049
2026-03-18 04:16:13.005389,0.0,69.51,0.0401
2026-03-18 04:16:14.041873,0.0,69.51,0.0398
2026-03-18 04:16:15.077382,0.0,69.51,0.0435
2026-03-18 04:16:16.125689,0.0,69.51,0.0372
2026-03-18 04:16:17.676608,0.0,69.51,0.055099999999999996
2026-03-18 04:16:18.716866,0.0,69.5,0.044
2026-03-18 04:16:19.744345,0.0,69.5,0.0376
2026-03-18 04:16:20.793464,0.0,69.5,0.0363
2026-03-18 04:16:21.829150,0.0,69.5,0.039
2026-03-18 04:16:22.889085,0.0,69.5,0.0494
2026-03-18 04:16:23.936294,0.0,69.5,0.0615
2026-03-18 04:16:24.980524,0.0,69.5,0.0329
2026-03-18 04:16:26.021979,0.0,69.5,0.0361
2026-03-18 04:16:29.112483,0.0,69.96,0.057999999999999996
2026-03-18 04:16:31.120463,0.0,69.96,0.049300000000000004
2026-03-18 04:16:32.159930,0.0,69.96,0.0632
2026-03-18 04:16:33.209340,0.0,69.96,0.0517
2026-03-18 04:16:34.239255,0.0,69.95,0.0697
2026-03-18 04:16:35.292283,0.0,69.95,0.039599999999999996
2026-03-18 04:16:36.359171,0.0,69.95,0.058800000000000005
2026-03-18 04:16:37.418566,0.0,69.95,0.0689
2026-03-18 04:16:38.463096,0.0,69.95,0.0564
2026-03-18 04:16:39.490207,0.0,69.95,0.067
2026-03-18 04:16:40.533961,0.0,69.95,0.0521
2026-03-18 04:16:41.585580,0.0,69.95,0.0647
2026-03-18 04:16:42.619628,0.0,69.95,0.0614
2026-03-18 04:16:43.664556,0.0,69.95,0.0781
2026-03-18 04:16:44.717847,0.0,69.95,0.056900000000000006
2026-03-18 04:16:45.766760,0.0,69.95,0.061700000000000005
2026-03-18 04:16:46.833092,0.0,69.94,0.0622
2026-03-18 04:16:48.417457,0.0,69.94,0.0755
2026-03-18 04:16:49.462094,0.0,69.94,0.059
2026-03-18 04:16:50.507208,0.0,69.94,0.0583
2026-03-18 04:16:51.548717,0.0,69.94,0.06799999999999999
2026-03-18 04:16:52.579120,0.0,69.94,0.0795
2026-03-18 04:16:53.633793,0.0,69.94,0.0514
2026-03-18 04:16:54.695542,0.0,69.94,0.0501
2026-03-18 04:16:55.750788,0.0,69.94,0.0711
2026-03-18 04:16:56.800502,0.0,69.94,0.0468
2026-03-18 04:16:58.283622,0.0,69.94,0.06949999999999999
2026-03-18 04:16:59.321310,0.0,69.94,0.0628
2026-03-18 04:17:00.356990,0.0,69.93,0.0636
2026-03-18 04:17:01.421300,0.0,69.93,0.0661
2026-03-18 04:17:02.474117,0.0,69.93,0.0477
2026-03-18 04:17:03.808399,0.0,69.93,0.0687
2026-03-18 04:17:05.337065,0.0,69.93,0.052700000000000004
2026-03-18 04:17:06.398546,0.0,69.93,0.0655
2026-03-18 04:17:07.445960,0.0,69.93,0.0732
2026-03-18 04:17:08.479562,0.0,69.93,0.0529
2026-03-18 04:17:09.520537,0.0,69.93,0.0598
2026-03-18 04:17:10.567135,0.0,69.93,0.0679
2026-03-18 04:17:11.618621,0.0,69.93,0.0701
2026-03-18 04:17:12.659970,0.0,69.92,0.0721
2026-03-18 04:17:13.714727,0.0,69.92,0.0543
2026-03-18 04:17:14.773361,0.0,69.92,0.0705
2026-03-18 04:17:15.833241,0.0,69.92,0.0592
2026-03-18 04:17:16.889014,0.0,69.92,0.067
2026-03-18 04:17:18.363828,0.0,69.92,0.0696
2026-03-18 04:17:19.408076,0.0,69.92,0.07519999999999999
2026-03-18 04:17:20.492045,0.0,69.92,0.0699
2026-03-18 04:17:21.527508,0.0,69.92,0.046
2026-03-18 04:17:22.578526,0.0,69.92,0.0712
2026-03-18 04:17:23.633301,0.0,69.92,0.0591
2026-03-18 04:17:24.689273,0.0,69.92,0.0566
2026-03-18 04:17:25.740502,0.0,69.91,0.053599999999999995
2026-03-18 04:17:26.777301,0.0,69.91,0.0807
2026-03-18 04:17:27.835330,0.0,69.91,0.0582
2026-03-18 04:17:28.873503,0.0,69.91,0.055400000000000005
2026-03-18 04:17:29.931426,0.0,69.91,0.065
2026-03-18 04:17:30.995581,0.0,69.91,0.0551
2026-03-18 04:17:32.044841,0.0,69.91,0.072
2026-03-18 04:17:33.095136,0.0,69.91,0.0615
2026-03-18 04:17:34.146805,0.0,69.91,0.0711
2026-03-18 04:17:35.197961,0.0,69.91,0.0741
2026-03-18 04:17:36.248497,0.0,69.91,0.0698
2026-03-18 04:17:37.303052,0.0,69.91,0.0724
2026-03-18 04:17:38.368851,0.0,69.9,0.0517
2026-03-18 04:17:39.413138,0.0,69.9,0.0732
2026-03-18 04:17:40.471484,0.0,69.9,0.0463
2026-03-18 04:17:41.523973,0.0,69.9,0.055499999999999994
2026-03-18 04:17:42.581808,0.0,69.9,0.054
2026-03-18 04:17:43.632796,0.0,69.9,0.0524
2026-03-18 04:17:44.681567,0.0,69.9,0.0684
2026-03-18 04:17:45.732089,0.0,69.9,0.0583
2026-03-18 04:17:46.791435,0.0,69.9,0.0834
2026-03-18 04:17:48.349293,0.0,69.9,0.062
2026-03-18 04:17:49.423620,0.0,69.9,0.0625
2026-03-18 04:17:50.478245,0.0,69.9,0.0572
2026-03-18 04:17:51.549034,0.0,69.9,0.051000000000000004
2026-03-18 04:17:52.602281,0.0,69.89,0.0626
2026-03-18 04:17:53.653529,0.0,69.89,0.0581
2026-03-18 04:17:54.715202,0.0,69.89,0.0802
2026-03-18 04:17:55.767232,0.0,69.89,0.057600000000000005
2026-03-18 04:17:56.828022,0.0,69.89,0.0673
2026-03-18 04:17:58.359566,0.0,69.89,0.0772
2026-03-18 04:17:59.406305,0.0,69.89,0.0728
2026-03-18 04:18:00.453439,0.0,69.89,0.0673
2026-03-18 04:18:01.486470,0.0,69.89,0.0553
2026-03-18 04:18:02.539127,0.0,69.89,0.0648
2026-03-18 04:18:03.800314,0.0,69.89,0.0523
2026-03-18 04:18:05.343112,0.0,69.88,0.0568
2026-03-18 04:18:06.386539,0.0,69.88,0.050199999999999995
2026-03-18 04:18:07.433044,0.0,69.88,0.0451
2026-03-18 04:18:08.461491,0.0,69.88,0.0525
2026-03-18 04:18:09.507244,0.0,69.88,0.0616
2026-03-18 04:18:10.570408,0.0,69.88,0.0486
2026-03-18 04:18:11.621827,0.0,69.88,0.0596
2026-03-18 04:18:12.680204,0.0,69.88,0.0456
2026-03-18 04:18:13.727174,0.0,69.88,0.059199999999999996
2026-03-18 04:18:14.763601,0.0,69.88,0.0493
2026-03-18 04:18:15.811467,0.0,69.88,0.065
2026-03-18 04:18:16.862046,0.0,69.88,0.06649999999999999
2026-03-18 04:18:18.387092,0.0,69.88,0.0763
2026-03-18 04:18:19.440567,0.0,69.87,0.0745
2026-03-18 04:18:20.494454,0.0,69.87,0.0765
2026-03-18 04:18:21.549704,0.0,69.87,0.0556
2026-03-18 04:18:22.582752,0.0,69.87,0.0583
2026-03-18 04:18:23.629864,0.0,69.87,0.0764
2026-03-18 04:18:24.658776,0.0,69.87,0.050300000000000004
2026-03-18 04:18:25.712599,0.0,69.87,0.0742
2026-03-18 04:18:26.775941,0.0,69.87,0.07239999999999999
2026-03-18 04:18:27.829791,0.0,69.87,0.0717
2026-03-18 04:18:28.870425,0.0,69.87,0.060599999999999994
2026-03-18 04:18:29.920910,0.0,69.87,0.0508
2026-03-18 04:18:30.985236,0.0,69.87,0.0465
2026-03-18 04:18:32.051291,0.0,69.86,0.0556
2026-03-18 04:18:33.113043,0.0,69.86,0.0517
2026-03-18 04:18:34.162093,0.0,69.86,0.061700000000000005
2026-03-18 04:18:35.190893,0.0,69.86,0.0628
2026-03-18 04:18:36.261307,0.0,69.86,0.0689
2026-03-18 04:18:37.348144,0.0,69.86,0.0582
2026-03-18 04:18:38.402620,0.0,69.86,0.0775
2026-03-18 04:18:39.431782,0.0,69.86,0.0692
2026-03-18 04:18:40.472108,0.0,69.86,0.0748
2026-03-18 04:18:41.512104,0.0,69.86,0.0477
2026-03-18 04:18:42.562817,0.0,69.86,0.0499
2026-03-18 04:18:43.613208,0.0,69.86,0.0483
2026-03-18 04:18:44.665136,0.0,69.86,0.0713
2026-03-18 04:18:45.718402,0.0,69.85,0.06760000000000001
2026-03-18 04:18:46.768131,0.0,69.85,0.0426
2026-03-18 04:18:47.802015,0.0,69.85,0.0749
2026-03-18 04:18:48.858245,0.0,69.85,0.0567
2026-03-18 04:18:49.913799,0.0,69.85,0.0586
2026-03-18 04:18:50.976117,0.0,69.85,0.064
2026-03-18 04:18:52.025554,0.0,69.85,0.0689
2026-03-18 04:18:53.084377,0.0,69.85,0.0511
2026-03-18 04:18:54.144026,0.0,69.85,0.0518
2026-03-18 04:18:55.182750,0.0,69.85,0.0534
2026-03-18 04:18:56.240179,0.0,69.85,0.0809
2026-03-18 04:18:57.346441,0.0,69.85,0.0604
2026-03-18 04:18:58.392011,0.0,69.84,0.0722
2026-03-18 04:18:59.426175,0.0,69.84,0.0521
2026-03-18 04:19:00.480087,0.0,69.84,0.0765
2026-03-18 04:19:01.514290,0.0,69.84,0.0653
2026-03-18 04:19:02.578134,0.0,69.84,0.053399999999999996
2026-03-18 04:19:03.812241,0.0,69.84,0.054700000000000006
2026-03-18 04:19:05.345013,0.0,69.84,0.0724
2026-03-18 04:19:06.386441,0.0,69.84,0.0718
2026-03-18 04:19:07.441203,0.0,69.84,0.07780000000000001
2026-03-18 04:19:08.473852,0.0,69.84,0.0702
2026-03-18 04:19:09.519017,0.0,69.84,0.0703
2026-03-18 04:19:10.566959,0.0,69.83,0.0763
2026-03-18 04:19:11.616324,0.0,69.83,0.0571
2026-03-18 04:19:12.645468,0.0,69.83,0.0735
2026-03-18 04:19:13.700009,0.0,69.83,0.0579
2026-03-18 04:19:14.759300,0.0,69.83,0.048799999999999996
2026-03-18 04:19:15.806628,0.0,69.83,0.0599
2026-03-18 04:19:16.864014,0.0,69.83,0.0654
2026-03-18 04:19:18.370878,0.0,69.83,0.0749
2026-03-18 04:19:19.421254,0.0,69.83,0.0614
2026-03-18 04:19:20.476391,0.0,69.83,0.057800000000000004
2026-03-18 04:19:21.533216,0.0,69.83,0.0511
2026-03-18 04:19:22.589427,0.0,69.83,0.044
2026-03-18 04:19:23.656887,0.0,69.83,0.0669
2026-03-18 04:19:24.682039,0.0,69.82,0.0767
2026-03-18 04:19:25.735374,0.0,69.82,0.0547
2026-03-18 04:19:26.795627,0.0,69.82,0.078
2026-03-18 04:19:28.364427,0.0,69.82,0.0526
2026-03-18 04:19:29.455903,0.0,69.82,0.0714
2026-03-18 04:19:30.510689,0.0,69.82,0.0599
2026-03-18 04:19:31.566120,0.0,69.82,0.0691
2026-03-18 04:19:32.616857,0.0,69.82,0.074
2026-03-18 04:19:33.682590,0.0,69.82,0.0568
2026-03-18 04:19:34.735932,0.0,69.82,0.0465
2026-03-18 04:19:35.798506,0.0,69.82,0.0501
2026-03-18 04:19:36.849146,0.0,69.82,0.0641
2026-03-18 04:19:38.397565,0.0,69.81,0.0638
2026-03-18 04:19:39.442846,0.0,69.81,0.08549999999999999
2026-03-18 04:19:40.505848,0.0,69.81,0.0566
2026-03-18 04:19:41.557256,0.0,69.81,0.0814
2026-03-18 04:19:42.601147,0.0,69.81,0.0613
2026-03-18 04:19:43.655833,0.0,69.81,0.0555
2026-03-18 04:19:44.716831,0.0,69.81,0.06670000000000001
2026-03-18 04:19:45.764567,0.0,69.81,0.056400000000000006
2026-03-18 04:19:46.819997,0.0,69.81,0.0796
2026-03-18 04:19:48.293741,0.0,69.81,0.0622
2026-03-18 04:19:49.339806,0.0,69.81,0.0665
2026-03-18 04:19:50.392363,0.0,69.8,0.05449999999999999
2026-03-18 04:19:51.448332,0.0,69.8,0.059300000000000005
2026-03-18 04:19:52.502971,0.0,69.8,0.0808
2026-03-18 04:19:53.551427,0.0,69.8,0.0475
2026-03-18 04:19:54.607771,0.0,69.8,0.083
2026-03-18 04:19:55.661278,0.0,69.8,0.07250000000000001
2026-03-18 04:19:56.717770,0.0,69.8,0.0751
2026-03-18 04:19:57.767179,0.0,69.8,0.059000000000000004
2026-03-18 04:19:58.818466,0.0,69.8,0.0419
2026-03-18 04:19:59.871384,0.0,69.8,0.06709999999999999
2026-03-18 04:20:00.918810,0.0,69.8,0.0614
2026-03-18 04:20:01.971110,0.0,69.8,0.0545
2026-03-18 04:20:03.027640,0.0,69.79,0.06380000000000001
2026-03-18 04:20:04.312788,0.0,69.79,0.06659999999999999
2026-03-18 04:20:05.346183,0.0,69.79,0.0731
2026-03-18 04:20:06.391215,0.0,69.79,0.0466
2026-03-18 04:20:07.442096,0.0,69.79,0.072
2026-03-18 04:20:08.469999,0.0,69.79,0.084
2026-03-18 04:20:09.509619,0.0,69.79,0.0419
2026-03-18 04:20:10.556454,0.0,69.79,0.0452
2026-03-18 04:20:11.603395,0.0,69.79,0.055
2026-03-18 04:20:12.652825,0.0,69.79,0.0719
2026-03-18 04:20:13.681538,0.0,69.79,0.0613
2026-03-18 04:20:14.734243,0.0,69.79,0.0615
2026-03-18 04:20:15.788695,0.0,69.78,0.0569
2026-03-18 04:20:16.857011,0.0,69.78,0.0563
2026-03-18 04:20:18.344642,0.0,69.78,0.0583
2026-03-18 04:20:19.382948,0.0,69.78,0.0692
2026-03-18 04:20:20.436399,0.0,69.78,0.07050000000000001
2026-03-18 04:20:21.490476,0.0,69.78,0.0547
2026-03-18 04:20:22.540276,0.0,69.78,0.0417
2026-03-18 04:20:23.592983,0.0,69.78,0.0738
2026-03-18 04:20:24.662876,0.0,69.78,0.0446
2026-03-18 04:20:25.712543,0.0,69.78,0.0604
2026-03-18 04:20:26.761307,0.0,69.78,0.053000000000000005
2026-03-18 04:20:27.813151,0.0,69.78,0.045899999999999996
2026-03-18 04:20:28.875393,0.0,69.78,0.058399999999999994
2026-03-18 04:20:29.924527,0.0,69.78,0.0574
2026-03-18 04:20:30.976332,0.0,69.77,0.0696
2026-03-18 04:20:32.033274,0.0,69.77,0.0603
2026-03-18 04:20:33.085180,0.0,69.77,0.0605
2026-03-18 04:20:34.118152,0.0,69.77,0.0485
2026-03-18 04:20:35.175212,0.0,69.77,0.0502
2026-03-18 04:20:36.218716,0.0,69.77,0.0654
2026-03-18 04:20:37.316646,0.0,69.77,0.07050000000000001
2026-03-18 04:20:38.366850,0.0,69.77,0.0689
2026-03-18 04:20:39.397855,0.0,69.77,0.0475
2026-03-18 04:20:40.445584,0.0,69.77,0.057100000000000005
2026-03-18 04:20:41.490542,0.0,69.77,0.047
2026-03-18 04:20:42.541093,0.0,69.77,0.0741
2026-03-18 04:20:43.602630,0.0,69.76,0.0763
2026-03-18 04:20:44.660833,0.0,69.76,0.07100000000000001
2026-03-18 04:20:45.712757,0.0,69.76,0.0668
2026-03-18 04:20:46.762827,0.0,69.76,0.06849999999999999
2026-03-18 04:20:47.808546,0.0,69.76,0.0677
2026-03-18 04:20:48.866691,0.0,69.76,0.0815
2026-03-18 04:20:49.916282,0.0,69.76,0.0748
2026-03-18 04:20:50.967538,0.0,69.76,0.068
2026-03-18 04:20:52.014358,0.0,69.76,0.0496
2026-03-18 04:20:53.065852,0.0,69.76,0.046
2026-03-18 04:20:54.119068,0.0,69.76,0.058699999999999995
2026-03-18 04:20:55.176995,0.0,69.76,0.0767
2026-03-18 04:20:56.230174,0.0,69.75,0.047599999999999996
2026-03-18 04:20:57.353272,0.0,69.75,0.07
2026-03-18 04:20:58.408264,0.0,69.75,0.0547
2026-03-18 04:20:59.436417,0.0,69.75,0.0526
2026-03-18 04:21:00.490155,0.0,69.75,0.0552
2026-03-18 04:21:01.542105,0.0,69.75,0.0666
2026-03-18 04:21:02.591962,0.0,69.75,0.0673
2026-03-18 04:21:03.900478,0.0,69.75,0.0634
2026-03-18 04:21:05.381840,0.0,69.75,0.0523
2026-03-18 04:21:06.428606,0.0,69.75,0.0598
2026-03-18 04:21:07.478441,0.0,69.75,0.058
2026-03-18 04:21:08.506127,0.0,69.75,0.0575
2026-03-18 04:21:09.547535,0.0,69.75,0.0735
2026-03-18 04:21:10.608105,0.0,69.74,0.076
2026-03-18 04:21:11.659182,0.0,69.74,0.0462
2026-03-18 04:21:12.705200,0.0,69.74,0.061
2026-03-18 04:21:13.757215,0.0,69.74,0.0794
2026-03-18 04:21:14.817769,0.0,69.74,0.0732
2026-03-18 04:21:15.883209,0.0,69.74,0.0508
2026-03-18 04:21:16.928148,0.0,69.74,0.0539
2026-03-18 04:21:18.345931,0.0,69.74,0.0487
2026-03-18 04:21:19.392325,0.0,69.74,0.0848
2026-03-18 04:21:20.442691,0.0,69.74,0.075
2026-03-18 04:21:21.485943,0.0,69.74,0.06
2026-03-18 04:21:22.535932,0.0,69.74,0.0543
2026-03-18 04:21:23.598300,0.0,69.73,0.054400000000000004
2026-03-18 04:21:24.652205,0.0,69.73,0.0574
2026-03-18 04:21:25.706778,0.0,69.73,0.06409999999999999
2026-03-18 04:21:26.763515,0.0,69.73,0.0716
2026-03-18 04:21:27.813940,0.0,69.73,0.0645
2026-03-18 04:21:28.870877,0.0,69.73,0.0732
2026-03-18 04:21:29.920534,0.0,69.73,0.0548
2026-03-18 04:21:30.972854,0.0,69.73,0.0628
2026-03-18 04:21:32.026126,0.0,69.73,0.0715
2026-03-18 04:21:33.074218,0.0,69.73,0.0707
2026-03-18 04:21:34.130111,0.0,69.73,0.058800000000000005
2026-03-18 04:21:35.181429,0.0,69.73,0.0602
2026-03-18 04:21:36.246280,0.0,69.72,0.0474
2026-03-18 04:21:37.310761,0.0,69.72,0.0736
2026-03-18 04:21:38.366449,0.0,69.72,0.0515
2026-03-18 04:21:39.392726,0.0,69.72,0.0525
2026-03-18 04:21:40.441177,0.0,69.72,0.0438
2026-03-18 04:21:41.492392,0.0,69.72,0.06749999999999999
2026-03-18 04:21:42.547621,0.0,69.72,0.068
2026-03-18 04:21:43.613831,0.0,69.72,0.0557
2026-03-18 04:21:44.671086,0.0,69.72,0.077
2026-03-18 04:21:45.722300,0.0,69.72,0.0525
2026-03-18 04:21:46.771782,0.0,69.72,0.07390000000000001
2026-03-18 04:21:47.821058,0.0,69.72,0.0714
2026-03-18 04:21:48.874465,0.0,69.72,0.044
2026-03-18 04:21:49.929492,0.0,69.71,0.0722
2026-03-18 04:21:50.984171,0.0,69.71,0.056
2026-03-18 04:21:52.030997,0.0,69.71,0.0662
2026-03-18 04:21:53.083159,0.0,69.71,0.0713
2026-03-18 04:21:54.135106,0.0,69.71,0.0685
2026-03-18 04:21:55.184182,0.0,69.71,0.0613
2026-03-18 04:21:56.234841,0.0,69.71,0.049999999999999996
2026-03-18 04:21:57.449013,0.0,69.71,0.0594
2026-03-18 04:21:58.512710,0.0,69.71,0.0775
2026-03-18 04:21:59.550711,0.0,69.71,0.0721
2026-03-18 04:22:00.601147,0.0,69.71,0.0514
2026-03-18 04:22:01.651118,0.0,69.71,0.0607
2026-03-18 04:22:02.686804,0.0,69.7,0.069
2026-03-18 04:22:03.814203,0.0,69.7,0.0573
2026-03-18 04:22:05.353776,0.0,69.7,0.0702
2026-03-18 04:22:06.396866,0.0,69.7,0.0682
2026-03-18 04:22:07.481581,0.0,69.7,0.0426
2026-03-18 04:22:08.528307,0.0,69.7,0.0697
2026-03-18 04:22:09.570935,0.0,69.7,0.0567
2026-03-18 04:22:10.621841,0.0,69.7,0.0594
2026-03-18 04:22:11.673193,0.0,69.7,0.0463
2026-03-18 04:22:12.725166,0.0,69.7,0.049
2026-03-18 04:22:13.774572,0.0,69.7,0.0562
2026-03-18 04:22:14.831114,0.0,69.7,0.0467
2026-03-18 04:22:15.881512,0.0,69.7,0.0598
2026-03-18 04:22:16.932883,0.0,69.69,0.0464
2026-03-18 04:22:18.307544,0.0,69.69,0.0654
2026-03-18 04:22:19.350763,0.0,69.69,0.0698
2026-03-18 04:22:20.400352,0.0,69.69,0.0554
2026-03-18 04:22:21.449264,0.0,69.69,0.07629999999999999
2026-03-18 04:22:22.484161,0.0,69.69,0.0509
2026-03-18 04:22:23.533128,0.0,69.69,0.0569
2026-03-18 04:22:24.588893,0.0,69.69,0.0753
2026-03-18 04:22:25.640957,0.0,69.69,0.0485
2026-03-18 04:22:26.688190,0.0,69.69,0.0763
2026-03-18 04:22:27.734961,0.0,69.69,0.0775
2026-03-18 04:22:28.786329,0.0,69.69,0.0643
2026-03-18 04:22:29.840139,0.0,69.68,0.0751
2026-03-18 04:22:30.867315,0.0,69.68,0.053
2026-03-18 04:22:31.922222,0.0,69.68,0.0806
2026-03-18 04:22:32.969049,0.0,69.68,0.0514
2026-03-18 04:22:34.021034,0.0,69.68,0.0586
2026-03-18 04:22:35.064900,0.0,69.68,0.0649
2026-03-18 04:22:36.105094,0.0,69.68,0.0484
2026-03-18 04:22:37.265831,0.0,69.68,0.0493
2026-03-18 04:22:38.311324,0.0,69.68,0.0664
2026-03-18 04:22:39.344194,0.0,69.68,0.0634
2026-03-18 04:22:40.409681,0.0,69.68,0.056100000000000004
2026-03-18 04:22:41.463090,0.0,69.68,0.0636
2026-03-18 04:22:42.512085,0.0,69.68,0.0603
2026-03-18 04:22:43.552819,0.0,69.67,0.0789
2026-03-18 04:22:44.615082,0.0,69.67,0.059899999999999995
2026-03-18 04:22:45.678878,0.0,69.67,0.057800000000000004
2026-03-18 04:22:46.722131,0.0,69.67,0.0548
2026-03-18 04:22:47.771768,0.0,69.67,0.053099999999999994
2026-03-18 04:22:48.827178,0.0,69.67,0.0492
2026-03-18 04:22:49.872632,0.0,69.67,0.07819999999999999
2026-03-18 04:22:50.926932,0.0,69.67,0.0773
2026-03-18 04:22:51.975680,0.0,69.67,0.0797
2026-03-18 04:22:53.001207,0.0,69.67,0.0582
2026-03-18 04:22:54.027968,0.0,69.67,0.0646
2026-03-18 04:22:55.083019,0.0,69.67,0.0646
2026-03-18 04:22:56.119414,0.0,69.66,0.0568
2026-03-18 04:22:57.443829,0.0,69.66,0.0553
2026-03-18 04:22:58.484280,0.0,69.66,0.0724
2026-03-18 04:22:59.515768,0.0,69.66,0.0787
2026-03-18 04:23:00.568308,0.0,69.66,0.0659
2026-03-18 04:23:01.609352,0.0,69.66,0.0714
2026-03-18 04:23:02.680423,0.0,69.66,0.0582
2026-03-18 04:23:04.126149,0.0,69.66,0.0619
2026-03-18 04:23:05.756884,0.0,69.66,0.0528
2026-03-18 04:23:06.829570,0.0,69.66,0.07680000000000001
2026-03-18 04:23:08.671767,0.0,69.65,0.07680000000000001
2026-03-18 04:23:09.737159,0.0,69.65,0.0736
2026-03-18 04:23:10.803796,0.0,69.65,0.076
2026-03-18 04:23:11.846561,0.0,69.65,0.0638
2026-03-18 04:23:12.915763,0.0,69.65,0.0606
2026-03-18 04:23:13.984566,0.0,69.65,0.0605
2026-03-18 04:23:15.054217,0.0,69.65,0.0485
2026-03-18 04:23:16.119754,0.0,69.65,0.0849
2026-03-18 04:23:17.358038,0.0,69.65,0.0595
2026-03-18 04:23:18.407349,0.0,69.65,0.07200000000000001
2026-03-18 04:23:19.472552,0.0,69.65,0.0502
2026-03-18 04:23:20.528228,0.0,69.64,0.0613
2026-03-18 04:23:21.563299,0.0,69.64,0.0492
2026-03-18 04:23:22.610146,0.0,69.64,0.0514
2026-03-18 04:23:23.648764,0.0,69.64,0.0632
2026-03-18 04:23:24.676904,0.0,69.64,0.0791
2026-03-18 04:23:25.720034,0.0,69.64,0.0769
2026-03-18 04:23:28.156708,0.0,69.96,0.0599
2026-03-18 04:23:29.999878,0.0,69.96,0.0544
2026-03-18 04:23:31.037278,0.0,69.95,0.0616
2026-03-18 04:23:32.087111,0.0,69.95,0.0596
2026-03-18 04:23:34.795157,0.0,69.96,0.059
2026-03-18 04:23:35.831500,0.0,69.96,0.0713
2026-03-18 04:23:36.890824,0.0,69.96,0.048799999999999996
2026-03-18 04:23:38.722798,0.0,69.95,0.0634
2026-03-18 04:23:39.755722,0.0,69.95,0.0775
2026-03-18 04:23:40.790012,0.0,69.95,0.0638
2026-03-18 04:23:41.851839,0.0,69.95,0.0589
2026-03-18 04:23:42.922169,0.0,69.95,0.0479
2026-03-18 04:23:43.965643,0.0,69.95,0.0415
2026-03-18 04:23:45.009185,0.0,69.95,0.0712
2026-03-18 04:23:46.042786,0.0,69.95,0.0559
2026-03-18 04:23:47.089573,0.0,69.95,0.0766
2026-03-18 04:23:48.990439,0.0,69.95,0.07769999999999999
2026-03-18 04:23:50.034526,0.0,69.95,0.0635
2026-03-18 04:23:51.079559,0.0,69.94,0.0677
2026-03-18 04:23:52.130085,0.0,69.94,0.0505
2026-03-18 04:23:53.181161,0.0,69.94,0.0508
2026-03-18 04:23:54.245308,0.0,69.94,0.0674
2026-03-18 04:23:55.283096,0.0,69.94,0.07830000000000001
2026-03-18 04:23:56.311868,0.0,69.94,0.0541
2026-03-18 04:23:57.958995,0.0,69.94,0.045
2026-03-18 04:23:59.039996,0.0,69.94,0.0558
2026-03-18 04:24:00.071450,0.0,69.94,0.0632
2026-03-18 04:24:01.117002,0.0,69.94,0.0799
2026-03-18 04:24:02.158580,0.0,69.94,0.0608
2026-03-18 04:24:03.287890,0.0,69.94,0.0418
2026-03-18 04:24:06.275715,0.0,69.93,0.056
2026-03-18 04:24:08.297310,0.0,69.93,0.0514
2026-03-18 04:24:09.354047,0.0,69.93,0.0463
2026-03-18 04:24:10.389214,0.0,69.93,0.056299999999999996
2026-03-18 04:24:11.440246,0.0,69.93,0.0788
2026-03-18 04:24:12.487616,0.0,69.93,0.0547
2026-03-18 04:24:13.517192,0.0,69.93,0.0547
2026-03-18 04:24:14.551813,0.0,69.93,0.0489
2026-03-18 04:24:15.580374,0.0,69.93,0.053200000000000004
2026-03-18 04:24:16.612327,0.0,69.93,0.0653
2026-03-18 04:24:17.727951,0.0,69.93,0.0549
2026-03-18 04:24:18.776376,0.0,69.92,0.06080000000000001
2026-03-18 04:24:19.826235,0.0,69.92,0.0696
2026-03-18 04:24:20.876816,0.0,69.92,0.0679
2026-03-18 04:24:21.907264,0.0,69.92,0.0605
2026-03-18 04:24:22.957912,0.0,69.92,0.0508
2026-03-18 04:24:24.010745,0.0,69.92,0.0772
2026-03-18 04:24:25.068983,0.0,69.92,0.07139999999999999
2026-03-18 04:24:26.123148,0.0,69.92,0.06459999999999999
2026-03-18 04:24:27.399914,0.0,69.92,0.0548
2026-03-18 04:24:28.448797,0.0,69.92,0.0795
2026-03-18 04:24:29.481815,0.0,69.92,0.0618
2026-03-18 04:24:30.534674,0.0,69.92,0.054799999999999995
2026-03-18 04:24:31.562030,0.0,69.91,0.0751
2026-03-18 04:24:32.618978,0.0,69.91,0.0581
2026-03-18 04:24:33.736162,0.0,69.91,0.0651
2026-03-18 04:24:34.788443,0.0,69.91,0.058899999999999994
2026-03-18 04:24:35.837322,0.0,69.91,0.0708
2026-03-18 04:24:36.869847,0.0,69.91,0.0536
2026-03-18 04:24:38.440253,0.0,69.91,0.0541
2026-03-18 04:24:39.482804,0.0,69.91,0.0605
2026-03-18 04:24:40.530828,0.0,69.91,0.078
2026-03-18 04:24:41.581484,0.0,69.91,0.0731
2026-03-18 04:24:42.609189,0.0,69.91,0.0745
2026-03-18 04:24:43.644203,0.0,69.91,0.0498
2026-03-18 04:24:44.699136,0.0,69.9,0.0755
2026-03-18 04:24:45.764116,0.0,69.9,0.0542
2026-03-18 04:24:46.814870,0.0,69.9,0.0681
2026-03-18 04:24:48.315895,0.0,69.9,0.0753
2026-03-18 04:24:49.361483,0.0,69.9,0.0733
2026-03-18 04:24:50.410306,0.0,69.9,0.0767
2026-03-18 04:24:51.437050,0.0,69.9,0.0777
2026-03-18 04:24:52.464847,0.0,69.9,0.043
2026-03-18 04:24:53.507100,0.0,69.9,0.0501
2026-03-18 04:24:54.573720,0.0,69.9,0.0701
2026-03-18 04:24:55.631285,0.0,69.9,0.0682
2026-03-18 04:24:56.673406,0.0,69.89,0.0592
2026-03-18 04:24:57.745820,0.0,69.89,0.07339999999999999
2026-03-18 04:24:58.914296,0.0,69.89,0.0805
2026-03-18 04:24:59.987720,0.0,69.89,0.068
2026-03-18 04:25:01.405092,0.0,69.89,0.0717
2026-03-18 04:25:02.431481,0.0,69.89,0.0814
2026-03-18 04:25:03.862560,0.0,69.89,0.0557
2026-03-18 04:25:05.392292,0.0,69.89,0.0478
2026-03-18 04:25:06.425263,0.0,69.89,0.0515
2026-03-18 04:25:07.586123,0.0,69.89,0.0679
2026-03-18 04:25:08.663475,0.0,69.89,0.0585
2026-03-18 04:25:09.739706,0.0,69.88,0.06559999999999999
2026-03-18 04:25:10.796259,0.0,69.88,0.0685
2026-03-18 04:25:12.613292,0.0,69.88,0.0749
2026-03-18 04:25:13.678194,0.0,69.88,0.0513
2026-03-18 04:25:14.741740,0.0,69.88,0.0706
2026-03-18 04:25:15.783225,0.0,69.88,0.0593
2026-03-18 04:25:16.819431,0.0,69.88,0.0718
2026-03-18 04:25:18.500900,0.0,69.88,0.061
2026-03-18 04:25:19.767199,0.0,69.88,0.0565
2026-03-18 04:25:20.829258,0.0,69.88,0.0651
2026-03-18 04:25:21.857263,0.0,69.88,0.053000000000000005
2026-03-18 04:25:22.888809,0.0,69.87,0.0621
2026-03-18 04:25:23.914682,0.0,69.87,0.0537
2026-03-18 04:25:24.963833,0.0,69.87,0.048299999999999996
2026-03-18 04:25:25.992679,0.0,69.87,0.059300000000000005
2026-03-18 04:25:27.853954,0.0,69.87,0.0736
2026-03-18 04:25:28.906594,0.0,69.87,0.0742
2026-03-18 04:25:29.943698,0.0,69.87,0.0523
2026-03-18 04:25:30.971837,0.0,69.87,0.069
2026-03-18 04:25:32.014080,0.0,69.87,0.062
2026-03-18 04:25:33.051733,0.0,69.87,0.0743
2026-03-18 04:25:34.085301,0.0,69.87,0.0778
2026-03-18 04:25:35.123103,0.0,69.86,0.077
2026-03-18 04:25:36.180184,0.0,69.86,0.0664
2026-03-18 04:25:37.616012,0.0,69.86,0.0591
2026-03-18 04:25:38.683690,0.0,69.86,0.0516
2026-03-18 04:25:39.735941,0.0,69.86,0.0464
2026-03-18 04:25:40.792372,0.0,69.86,0.0739
2026-03-18 04:25:41.854861,0.0,69.86,0.0737
2026-03-18 04:25:42.912612,0.0,69.86,0.056
2026-03-18 04:25:43.973642,0.0,69.86,0.060300000000000006
2026-03-18 04:25:45.032454,0.0,69.86,0.0612
2026-03-18 04:25:46.090572,0.0,69.86,0.0707
2026-03-18 04:25:47.479080,0.0,69.86,0.0633
2026-03-18 04:25:48.538595,0.0,69.85,0.0592
2026-03-18 04:25:49.577228,0.0,69.85,0.061900000000000004
2026-03-18 04:25:50.645464,0.0,69.85,0.0531
2026-03-18 04:25:51.691638,0.0,69.85,0.06420000000000001
2026-03-18 04:25:52.749201,0.0,69.85,0.0496
2026-03-18 04:25:53.822221,0.0,69.85,0.0614
2026-03-18 04:25:54.881169,0.0,69.85,0.064
2026-03-18 04:25:55.940162,0.0,69.85,0.0595
2026-03-18 04:25:57.387999,0.0,69.85,0.0569
2026-03-18 04:25:58.429525,0.0,69.85,0.05279999999999999
2026-03-18 04:25:59.476680,0.0,69.85,0.06509999999999999
2026-03-18 04:26:00.515455,0.0,69.85,0.0628
2026-03-18 04:26:01.568143,0.0,69.84,0.0833
2026-03-18 04:26:02.620992,0.0,69.84,0.0495
2026-03-18 04:26:03.688382,0.0,69.84,0.0696
2026-03-18 04:26:05.258439,0.0,69.84,0.0479
2026-03-18 04:26:06.333179,0.0,69.84,0.052700000000000004
2026-03-18 04:26:07.458920,0.0,69.84,0.0754
2026-03-18 04:26:08.498203,0.0,69.84,0.0679
2026-03-18 04:26:09.567763,0.0,69.84,0.07730000000000001
2026-03-18 04:26:10.632256,0.0,69.84,0.0475
2026-03-18 04:26:11.684345,0.0,69.84,0.0595
2026-03-18 04:26:12.735206,0.0,69.84,0.0615
2026-03-18 04:26:13.786065,0.0,69.84,0.045399999999999996
2026-03-18 04:26:14.829906,0.0,69.84,0.0706
2026-03-18 04:26:15.882023,0.0,69.83,0.08499999999999999
2026-03-18 04:26:16.940999,0.0,69.83,0.0698
2026-03-18 04:26:17.995517,0.0,69.83,0.0648
2026-03-18 04:26:19.049542,0.0,69.83,0.0621
2026-03-18 04:26:20.102071,0.0,69.83,0.0686
2026-03-18 04:26:21.155320,0.0,69.83,0.06939999999999999
2026-03-18 04:26:22.206211,0.0,69.83,0.0657
2026-03-18 04:26:23.257806,0.0,69.83,0.0445
2026-03-18 04:26:24.312388,0.0,69.83,0.07200000000000001
2026-03-18 04:26:25.356606,0.0,69.83,0.0629
2026-03-18 04:26:26.409747,0.0,69.83,0.0593
2026-03-18 04:26:27.460005,0.0,69.82,0.0664
2026-03-18 04:26:28.509004,0.0,69.82,0.0773
2026-03-18 04:26:29.560253,0.0,69.82,0.056100000000000004
2026-03-18 04:26:30.610392,0.0,69.82,0.0503
2026-03-18 04:26:31.663828,0.0,69.82,0.0659
2026-03-18 04:26:32.716179,0.0,69.82,0.0691
2026-03-18 04:26:33.771175,0.0,69.82,0.062400000000000004
2026-03-18 04:26:34.823714,0.0,69.82,0.0725
2026-03-18 04:26:35.876285,0.0,69.82,0.057600000000000005
2026-03-18 04:26:36.928409,0.0,69.82,0.0515
2026-03-18 04:26:37.980346,0.0,69.82,0.0564
2026-03-18 04:26:39.026402,0.0,69.82,0.05
2026-03-18 04:26:40.072327,0.0,69.82,0.0759
2026-03-18 04:26:41.126958,0.0,69.81,0.0804
2026-03-18 04:26:42.186601,0.0,69.81,0.0487
2026-03-18 04:26:43.245474,0.0,69.81,0.0483
2026-03-18 04:26:44.291878,0.0,69.81,0.0684
2026-03-18 04:26:45.341780,0.0,69.81,0.058800000000000005
2026-03-18 04:26:46.394291,0.0,69.81,0.0759
2026-03-18 04:26:47.449178,0.0,69.81,0.0523
2026-03-18 04:26:48.502698,0.0,69.81,0.06799999999999999
2026-03-18 04:26:49.554979,0.0,69.81,0.0594
2026-03-18 04:26:50.605187,0.0,69.81,0.051500000000000004
2026-03-18 04:26:51.655152,0.0,69.81,0.0527
2026-03-18 04:26:52.706040,0.0,69.81,0.0472
2026-03-18 04:26:53.755189,0.0,69.81,0.0448
2026-03-18 04:26:54.806405,0.0,69.8,0.054400000000000004
2026-03-18 04:26:55.860790,0.0,69.8,0.0524
2026-03-18 04:26:56.910559,0.0,69.8,0.0542
2026-03-18 04:26:57.958980,0.0,69.8,0.0622
2026-03-18 04:26:59.011690,0.0,69.8,0.047599999999999996
2026-03-18 04:27:00.065070,0.0,69.8,0.0798
2026-03-18 04:27:01.115836,0.0,69.8,0.0586
2026-03-18 04:27:02.169122,0.0,69.8,0.0623
2026-03-18 04:27:03.218216,0.0,69.8,0.06670000000000001
2026-03-18 04:27:04.681477,0.0,69.8,0.041299999999999996
2026-03-18 04:27:05.725872,0.0,69.8,0.0641
2026-03-18 04:27:06.758412,0.0,69.8,0.0541
2026-03-18 04:27:07.788104,0.0,69.8,0.0694
2026-03-18 04:27:08.845496,0.0,69.79,0.056799999999999996
2026-03-18 04:27:09.904448,0.0,69.79,0.0543
2026-03-18 04:27:10.969274,0.0,69.79,0.0625
2026-03-18 04:27:12.024228,0.0,69.79,0.0751
2026-03-18 04:27:13.076646,0.0,69.79,0.0691
2026-03-18 04:27:14.133117,0.0,69.79,0.069
2026-03-18 04:27:15.186995,0.0,69.79,0.0471
2026-03-18 04:27:16.243249,0.0,69.79,0.0572
2026-03-18 04:27:17.288784,0.0,69.79,0.0645
2026-03-18 04:27:18.351058,0.0,69.79,0.0694
2026-03-18 04:27:19.400388,0.0,69.79,0.07050000000000001
2026-03-18 04:27:20.445462,0.0,69.79,0.07579999999999999
2026-03-18 04:27:21.503044,0.0,69.79,0.054
2026-03-18 04:27:22.555354,0.0,69.78,0.0571
2026-03-18 04:27:23.605840,0.0,69.78,0.058300000000000005
2026-03-18 04:27:24.655168,0.0,69.78,0.0635
2026-03-18 04:27:25.723190,0.0,69.78,0.0487
2026-03-18 04:27:26.784459,0.0,69.78,0.0773
2026-03-18 04:27:27.836109,0.0,69.78,0.0726
2026-03-18 04:27:28.891150,0.0,69.78,0.0767
2026-03-18 04:27:29.944541,0.0,69.78,0.0535
2026-03-18 04:27:30.996772,0.0,69.78,0.0458
2026-03-18 04:27:32.052093,0.0,69.78,0.0721
2026-03-18 04:27:33.104502,0.0,69.78,0.0769
2026-03-18 04:27:34.157230,0.0,69.77,0.0836
2026-03-18 04:27:35.207318,0.0,69.77,0.0674
2026-03-18 04:27:36.235591,0.0,69.77,0.068
2026-03-18 04:27:37.288698,0.0,69.77,0.0804
2026-03-18 04:27:38.319183,0.0,69.77,0.0727
2026-03-18 04:27:39.370053,0.0,69.77,0.0529
2026-03-18 04:27:40.420226,0.0,69.77,0.062
2026-03-18 04:27:41.469019,0.0,69.77,0.0626
2026-03-18 04:27:42.518999,0.0,69.77,0.079
2026-03-18 04:27:43.581808,0.0,69.77,0.047099999999999996
2026-03-18 04:27:44.624084,0.0,69.77,0.0673
2026-03-18 04:27:45.675198,0.0,69.77,0.0515
2026-03-18 04:27:46.726158,0.0,69.77,0.068
2026-03-18 04:27:47.775096,0.0,69.76,0.0641
2026-03-18 04:27:48.823450,0.0,69.76,0.07619999999999999
2026-03-18 04:27:49.887563,0.0,69.76,0.063
2026-03-18 04:27:50.948214,0.0,69.76,0.044
2026-03-18 04:27:52.002160,0.0,69.76,0.0571
2026-03-18 04:27:53.041374,0.0,69.76,0.057999999999999996
2026-03-18 04:27:54.096448,0.0,69.76,0.0528
2026-03-18 04:27:55.149389,0.0,69.76,0.0553
2026-03-18 04:27:56.200552,0.0,69.76,0.052
2026-03-18 04:27:57.252797,0.0,69.76,0.0667
2026-03-18 04:27:58.302687,0.0,69.76,0.0603
2026-03-18 04:27:59.355211,0.0,69.76,0.0552
2026-03-18 04:28:00.410995,0.0,69.76,0.0555
2026-03-18 04:28:01.469173,0.0,69.75,0.0561
2026-03-18 04:28:02.524405,0.0,69.75,0.0603
2026-03-18 04:28:03.855523,0.0,69.75,0.07629999999999999
2026-03-18 04:28:05.522083,0.0,69.75,0.057100000000000005
2026-03-18 04:28:06.580463,0.0,69.75,0.0503
2026-03-18 04:28:07.635017,0.0,69.75,0.0812
2026-03-18 04:28:08.691374,0.0,69.75,0.0771
2026-03-18 04:28:09.884600,0.0,69.75,0.0664
2026-03-18 04:28:10.932137,0.0,69.75,0.0576
2026-03-18 04:28:11.998431,0.0,69.75,0.0516
2026-03-18 04:28:13.052232,0.0,69.75,0.0606
2026-03-18 04:28:14.102451,0.0,69.74,0.0504
2026-03-18 04:28:15.153095,0.0,69.74,0.0575
2026-03-18 04:28:16.217197,0.0,69.74,0.0707
2026-03-18 04:28:17.271328,0.0,69.74,0.052
2026-03-18 04:28:18.327219,0.0,69.74,0.0663
2026-03-18 04:28:19.378810,0.0,69.74,0.0729
2026-03-18 04:28:20.432044,0.0,69.74,0.08
2026-03-18 04:28:21.481199,0.0,69.74,0.0586
2026-03-18 04:28:22.532219,0.0,69.74,0.0438
2026-03-18 04:28:23.584763,0.0,69.74,0.0712
2026-03-18 04:28:24.635941,0.0,69.74,0.0538
2026-03-18 04:28:25.686517,0.0,69.74,0.0738
2026-03-18 04:28:26.737583,0.0,69.74,0.0641
2026-03-18 04:28:27.797900,0.0,69.73,0.0547
2026-03-18 04:28:28.858098,0.0,69.73,0.0558
2026-03-18 04:28:29.915140,0.0,69.73,0.0527
2026-03-18 04:28:30.970102,0.0,69.73,0.0724
2026-03-18 04:28:32.019166,0.0,69.73,0.053599999999999995
2026-03-18 04:28:33.076948,0.0,69.73,0.056999999999999995
2026-03-18 04:28:34.136416,0.0,69.73,0.0466
2026-03-18 04:28:35.185617,0.0,69.73,0.0642
2026-03-18 04:28:36.241121,0.0,69.73,0.0515
2026-03-18 04:28:37.293515,0.0,69.73,0.062
2026-03-18 04:28:38.346112,0.0,69.73,0.0725
2026-03-18 04:28:39.398534,0.0,69.73,0.054
2026-03-18 04:28:40.455373,0.0,69.73,0.06570000000000001
2026-03-18 04:28:41.505807,0.0,69.72,0.0659
2026-03-18 04:28:42.567326,0.0,69.72,0.0684
2026-03-18 04:28:43.616071,0.0,69.72,0.060200000000000004
2026-03-18 04:28:44.671818,0.0,69.72,0.07100000000000001
2026-03-18 04:28:45.724432,0.0,69.72,0.05
2026-03-18 04:28:46.776769,0.0,69.72,0.0738
2026-03-18 04:28:47.832387,0.0,69.72,0.055400000000000005
2026-03-18 04:28:48.883756,0.0,69.72,0.07479999999999999
2026-03-18 04:28:49.944110,0.0,69.72,0.0459
2026-03-18 04:28:50.995379,0.0,69.72,0.0666
2026-03-18 04:28:52.036145,0.0,69.72,0.0625
2026-03-18 04:28:53.087206,0.0,69.72,0.0682
2026-03-18 04:28:54.141201,0.0,69.71,0.0601
2026-03-18 04:28:55.189954,0.0,69.71,0.0769
2026-03-18 04:28:56.249052,0.0,69.71,0.0477
2026-03-18 04:28:57.305172,0.0,69.71,0.0684
2026-03-18 04:28:58.360275,0.0,69.71,0.0669
2026-03-18 04:28:59.409252,0.0,69.71,0.0577
2026-03-18 04:29:00.468779,0.0,69.71,0.0485
2026-03-18 04:29:01.518091,0.0,69.71,0.0703
2026-03-18 04:29:02.575856,0.0,69.71,0.0536
2026-03-18 04:29:03.869810,0.0,69.71,0.054
2026-03-18 04:29:05.423595,0.0,69.71,0.0833
2026-03-18 04:29:06.487751,0.0,69.71,0.0491
2026-03-18 04:29:07.535855,0.0,69.7,0.0637
2026-03-18 04:29:08.587286,0.0,69.7,0.058899999999999994
2026-03-18 04:29:09.638323,0.0,69.7,0.0772
2026-03-18 04:29:10.691900,0.0,69.7,0.0581
2026-03-18 04:29:11.742064,0.0,69.7,0.0553
2026-03-18 04:29:12.777727,0.0,69.7,0.0562
2026-03-18 04:29:13.833129,0.0,69.7,0.0443
2026-03-18 04:29:14.892954,0.0,69.7,0.0714
2026-03-18 04:29:15.944395,0.0,69.7,0.0755
2026-03-18 04:29:16.997192,0.0,69.7,0.07479999999999999
2026-03-18 04:29:18.061975,0.0,69.7,0.0477
2026-03-18 04:29:19.113821,0.0,69.7,0.0605
2026-03-18 04:29:20.173809,0.0,69.7,0.0644
2026-03-18 04:29:21.225095,0.0,69.69,0.057100000000000005
2026-03-18 04:29:22.274793,0.0,69.69,0.0713
2026-03-18 04:29:23.327435,0.0,69.69,0.0621
2026-03-18 04:29:24.376965,0.0,69.69,0.0455
2026-03-18 04:29:25.436734,0.0,69.69,0.0559
2026-03-18 04:29:26.486803,0.0,69.69,0.0796
2026-03-18 04:29:27.541577,0.0,69.69,0.0611
2026-03-18 04:29:28.599782,0.0,69.69,0.0437
2026-03-18 04:29:29.655323,0.0,69.69,0.0661
2026-03-18 04:29:30.702852,0.0,69.69,0.0822
2026-03-18 04:29:31.756221,0.0,69.69,0.0565
2026-03-18 04:29:32.808377,0.0,69.69,0.0558
2026-03-18 04:29:33.868994,0.0,69.68,0.0791
2026-03-18 04:29:34.919712,0.0,69.68,0.05500000000000001
2026-03-18 04:29:35.966086,0.0,69.68,0.0693
2026-03-18 04:29:37.014666,0.0,69.68,0.0633
2026-03-18 04:29:38.059270,0.0,69.68,0.0765
2026-03-18 04:29:39.110156,0.0,69.68,0.0769
2026-03-18 04:29:40.140565,0.0,69.68,0.0532
2026-03-18 04:29:41.192849,0.0,69.68,0.0492
2026-03-18 04:29:42.243329,0.0,69.68,0.049600000000000005
2026-03-18 04:29:43.295088,0.0,69.68,0.0663
2026-03-18 04:29:44.359633,0.0,69.68,0.0594
2026-03-18 04:29:45.395357,0.0,69.68,0.0703
2026-03-18 04:29:46.447284,0.0,69.68,0.0524
2026-03-18 04:29:47.501642,0.0,69.67,0.0797
2026-03-18 04:29:48.549446,0.0,69.67,0.0602
2026-03-18 04:29:49.598781,0.0,69.67,0.0516
2026-03-18 04:29:50.649704,0.0,69.67,0.0635
2026-03-18 04:29:51.706943,0.0,69.67,0.049
2026-03-18 04:29:52.760417,0.0,69.67,0.06709999999999999
2026-03-18 04:29:53.809166,0.0,69.67,0.0759
2026-03-18 04:29:54.869275,0.0,69.67,0.0621
2026-03-18 04:29:55.935111,0.0,69.67,0.06709999999999999
2026-03-18 04:29:56.986545,0.0,69.67,0.0572
2026-03-18 04:29:58.039180,0.0,69.67,0.0804
2026-03-18 04:29:59.086869,0.0,69.67,0.0509
2026-03-18 04:30:00.133269,0.0,69.66,0.0509
2026-03-18 04:30:01.193280,0.0,69.66,0.0557
2026-03-18 04:30:02.259003,0.0,69.66,0.0519
2026-03-18 04:30:03.303357,0.0,69.66,0.064
2026-03-18 04:30:04.404673,0.0,69.66,0.0745
2026-03-18 04:30:05.439514,0.0,69.66,0.06999999999999999
2026-03-18 04:30:06.490223,0.0,69.66,0.0709
2026-03-18 04:30:07.542680,0.0,69.66,0.078
2026-03-18 04:30:08.575572,0.0,69.66,0.0569
2026-03-18 04:30:09.628171,0.0,69.66,0.0789
2026-03-18 04:30:10.695821,0.0,69.66,0.0533
2026-03-18 04:30:11.748964,0.0,69.66,0.0741
2026-03-18 04:30:12.801635,0.0,69.65,0.0698
2026-03-18 04:30:13.859350,0.0,69.65,0.068
2026-03-18 04:30:14.904026,0.0,69.65,0.0695
2026-03-18 04:30:15.930348,0.0,69.65,0.061099999999999995
2026-03-18 04:30:16.980260,0.0,69.65,0.0518
2026-03-18 04:30:18.042137,0.0,69.65,0.0749
2026-03-18 04:30:19.090564,0.0,69.65,0.07930000000000001
2026-03-18 04:30:20.141542,0.0,69.65,0.0587
2026-03-18 04:30:21.202581,0.0,69.65,0.06599999999999999
2026-03-18 04:30:22.254916,0.0,69.65,0.0597
2026-03-18 04:30:23.309355,0.0,69.65,0.0646
2026-03-18 04:30:24.354868,0.0,69.65,0.0519
2026-03-18 04:30:25.386235,0.0,69.64,0.0744
2026-03-18 04:30:26.447790,0.0,69.64,0.0657
2026-03-18 04:30:27.495242,0.0,69.64,0.054
2026-03-18 04:30:28.546440,0.0,69.64,0.0508
2026-03-18 04:30:29.600120,0.0,69.64,0.0533
2026-03-18 04:30:30.656019,0.0,69.64,0.0738
2026-03-18 04:30:31.709303,0.0,69.64,0.064
2026-03-18 04:30:32.763932,0.0,69.64,0.0723
2026-03-18 04:30:33.814742,0.0,69.64,0.0484
2026-03-18 04:30:34.870549,0.0,69.64,0.0495
2026-03-18 04:30:35.919786,0.0,69.64,0.0803
2026-03-18 04:30:36.974142,0.0,69.64,0.0844
2026-03-18 04:30:38.024774,0.0,69.63,0.0507
2026-03-18 04:30:39.080223,0.0,69.63,0.0596
2026-03-18 04:30:40.131422,0.0,69.63,0.0663
2026-03-18 04:30:41.182940,0.0,69.63,0.0634
2026-03-18 04:30:42.232543,0.0,69.63,0.0555
2026-03-18 04:30:43.285232,0.0,69.63,0.0651
2026-03-18 04:30:44.340602,0.0,69.63,0.0756
2026-03-18 04:30:45.375077,0.0,69.63,0.0481
2026-03-18 04:30:46.433569,0.0,69.63,0.0519
2026-03-18 04:30:47.477647,0.0,69.63,0.0663
2026-03-18 04:30:48.506993,0.0,69.63,0.0703
2026-03-18 04:30:49.563571,0.0,69.63,0.0679
2026-03-18 04:30:50.627083,0.0,69.62,0.0765
2026-03-18 04:30:51.682826,0.0,69.62,0.0562
2026-03-18 04:30:52.749074,0.0,69.62,0.076
2026-03-18 04:30:53.800376,0.0,69.62,0.0747
2026-03-18 04:30:54.856199,0.0,69.62,0.0583
2026-03-18 04:30:55.902065,0.0,69.62,0.059500000000000004
2026-03-18 04:30:56.950755,0.0,69.62,0.0744
2026-03-18 04:30:58.007213,0.0,69.62,0.0741
2026-03-18 04:30:59.061340,0.0,69.62,0.0543
2026-03-18 04:31:00.115930,0.0,69.62,0.0618
2026-03-18 04:31:01.166253,0.0,69.62,0.0768
2026-03-18 04:31:02.227446,0.0,69.62,0.06079999999999999
2026-03-18 04:31:03.278188,0.0,69.61,0.0754
2026-03-18 04:31:04.714056,0.0,69.61,0.0562
2026-03-18 04:31:05.748818,0.0,69.61,0.06130000000000001
2026-03-18 04:31:06.794695,0.0,69.61,0.0652
2026-03-18 04:31:07.861440,0.0,69.61,0.06369999999999999
2026-03-18 04:31:08.917282,0.0,69.61,0.0456
2026-03-18 04:31:09.971056,0.0,69.61,0.0647
2026-03-18 04:31:11.020760,0.0,69.61,0.075
2026-03-18 04:31:12.070200,0.0,69.61,0.0641
2026-03-18 04:31:13.125887,0.0,69.61,0.0682
2026-03-18 04:31:14.187006,0.0,69.61,0.0727
2026-03-18 04:31:15.237779,0.0,69.61,0.0639
2026-03-18 04:31:16.282789,0.0,69.6,0.0556
2026-03-18 04:31:17.338078,0.0,69.6,0.0676
2026-03-18 04:31:18.392388,0.0,69.6,0.0536
2026-03-18 04:31:19.440250,0.0,69.6,0.0504
2026-03-18 04:31:20.506857,0.0,69.6,0.0692
2026-03-18 04:31:21.557088,0.0,69.6,0.064
2026-03-18 04:31:22.608617,0.0,69.6,0.0702
2026-03-18 04:31:23.663180,0.0,69.6,0.0511
2026-03-18 04:31:24.724241,0.0,69.6,0.06659999999999999
2026-03-18 04:31:25.784944,0.0,69.6,0.055799999999999995
2026-03-18 04:31:26.838289,0.0,69.6,0.0598
2026-03-18 04:31:27.890210,0.0,69.6,0.0702
2026-03-18 04:31:28.947222,0.0,69.6,0.0684
2026-03-18 04:31:30.002713,0.0,69.59,0.0678
2026-03-18 04:31:31.053595,0.0,69.59,0.0759
2026-03-18 04:31:32.102982,0.0,69.59,0.0621
2026-03-18 04:31:33.161069,0.0,69.59,0.0811
2026-03-18 04:31:34.213240,0.0,69.59,0.0769
2026-03-18 04:31:35.260806,0.0,69.59,0.0497
2026-03-18 04:31:36.315304,0.0,69.59,0.054400000000000004
2026-03-18 04:31:37.368197,0.0,69.59,0.0689
2026-03-18 04:31:38.425911,0.0,69.59,0.0567
2026-03-18 04:31:39.480319,0.0,69.59,0.0741
2026-03-18 04:31:40.532062,0.0,69.59,0.0636
2026-03-18 04:31:41.592970,0.0,69.58,0.0656
2026-03-18 04:31:42.648798,0.0,69.58,0.053
2026-03-18 04:31:43.701040,0.0,69.58,0.047
2026-03-18 04:31:44.755558,0.0,69.58,0.0636
2026-03-18 04:31:45.800700,0.0,69.58,0.0775
2026-03-18 04:31:46.861071,0.0,69.58,0.059399999999999994
2026-03-18 04:31:47.917878,0.0,69.58,0.0605
2026-03-18 04:31:48.970802,0.0,69.58,0.07160000000000001
2026-03-18 04:31:50.023212,0.0,69.58,0.063
2026-03-18 04:31:51.076854,0.0,69.58,0.0572
2026-03-18 04:31:52.137791,0.0,69.58,0.0727
2026-03-18 04:31:53.190029,0.0,69.58,0.0522
2026-03-18 04:31:54.251338,0.0,69.58,0.0728
2026-03-18 04:31:55.308614,0.0,69.57,0.0684
2026-03-18 04:31:56.360173,0.0,69.57,0.0572
2026-03-18 04:31:57.416047,0.0,69.57,0.0518
2026-03-18 04:31:58.468648,0.0,69.57,0.058399999999999994
2026-03-18 04:31:59.516095,0.0,69.57,0.0625
2026-03-18 04:32:00.572098,0.0,69.57,0.0783
2026-03-18 04:32:01.620289,0.0,69.57,0.0765
2026-03-18 04:32:02.675129,0.0,69.57,0.0628
2026-03-18 04:32:04.050586,0.0,69.57,0.0502
2026-03-18 04:32:05.765527,0.0,69.57,0.0567
2026-03-18 04:32:06.815301,0.0,69.57,0.0655
2026-03-18 04:32:07.871564,0.0,69.57,0.0498
2026-03-18 04:32:08.926577,0.0,69.56,0.07
2026-03-18 04:32:09.982043,0.0,69.56,0.0526
2026-03-18 04:32:11.032820,0.0,69.56,0.0707
2026-03-18 04:32:12.081188,0.0,69.56,0.0637
2026-03-18 04:32:13.141960,0.0,69.56,0.0815
2026-03-18 04:32:14.196028,0.0,69.56,0.0678
2026-03-18 04:32:15.244101,0.0,69.56,0.0842
2026-03-18 04:32:16.294888,0.0,69.56,0.0709
2026-03-18 04:32:17.345162,0.0,69.56,0.0574
2026-03-18 04:32:18.398812,0.0,69.56,0.0625
2026-03-18 04:32:19.448801,0.0,69.56,0.058800000000000005
2026-03-18 04:32:20.497013,0.0,69.55,0.0523
2026-03-18 04:32:21.545851,0.0,69.55,0.0686
2026-03-18 04:32:22.609575,0.0,69.55,0.0672
2026-03-18 04:32:23.664252,0.0,69.55,0.0455
2026-03-18 04:32:24.721760,0.0,69.55,0.051000000000000004
2026-03-18 04:32:25.776297,0.0,69.55,0.0552
2026-03-18 04:32:26.834114,0.0,69.55,0.0656
2026-03-18 04:32:27.897990,0.0,69.55,0.0668
2026-03-18 04:32:28.950517,0.0,69.55,0.0543
2026-03-18 04:32:30.002557,0.0,69.55,0.055099999999999996
2026-03-18 04:32:31.057280,0.0,69.55,0.06459999999999999
2026-03-18 04:32:32.109956,0.0,69.55,0.0776
2026-03-18 04:32:33.159400,0.0,69.55,0.0829
2026-03-18 04:32:34.204522,0.0,69.54,0.0513
2026-03-18 04:32:35.249801,0.0,69.54,0.0448
2026-03-18 04:32:36.312899,0.0,69.54,0.0786
2026-03-18 04:32:37.362971,0.0,69.54,0.0666
2026-03-18 04:32:38.418210,0.0,69.54,0.0563
2026-03-18 04:32:39.471180,0.0,69.54,0.0776
2026-03-18 04:32:40.512478,0.0,69.54,0.061599999999999995
2026-03-18 04:32:41.564986,0.0,69.54,0.06849999999999999
2026-03-18 04:32:42.619577,0.0,69.54,0.0406
2026-03-18 04:32:43.681942,0.0,69.54,0.0724
2026-03-18 04:32:44.730190,0.0,69.54,0.0753
2026-03-18 04:32:45.778731,0.0,69.54,0.051399999999999994
2026-03-18 04:32:46.840195,0.0,69.54,0.0483
2026-03-18 04:32:47.909338,0.0,69.53,0.0519
2026-03-18 04:32:48.975738,0.0,69.53,0.0555
2026-03-18 04:32:50.653089,0.0,69.53,0.0605
2026-03-18 04:32:51.706205,0.0,69.53,0.07730000000000001
2026-03-18 04:32:52.754126,0.0,69.53,0.055400000000000005
2026-03-18 04:32:53.813035,0.0,69.53,0.055900000000000005
2026-03-18 04:32:54.862596,0.0,69.53,0.0643
2026-03-18 04:32:55.911068,0.0,69.53,0.0601
2026-03-18 04:32:56.992823,0.0,69.53,0.0575
2026-03-18 04:32:58.049958,0.0,69.53,0.0569
2026-03-18 04:32:59.186900,0.0,69.53,0.0448
2026-03-18 04:33:00.232064,0.0,69.53,0.069
2026-03-18 04:33:01.267544,0.0,69.52,0.082
2026-03-18 04:33:02.315371,0.0,69.52,0.06420000000000001
2026-03-18 04:33:03.367420,0.0,69.52,0.0696
2026-03-18 04:33:05.002111,0.0,69.52,0.0703
2026-03-18 04:33:06.046411,0.0,69.52,0.0711
2026-03-18 04:33:07.074806,0.0,69.52,0.065
2026-03-18 04:33:08.104199,0.0,69.52,0.0698
2026-03-18 04:33:09.163990,0.0,69.52,0.0496
2026-03-18 04:33:10.217550,0.0,69.52,0.061
2026-03-18 04:33:11.271109,0.0,69.52,0.0665
2026-03-18 04:33:12.330306,0.0,69.52,0.0701
2026-03-18 04:33:13.399750,0.0,69.51,0.0735
2026-03-18 04:33:14.453048,0.0,69.51,0.0637
2026-03-18 04:33:15.499267,0.0,69.51,0.0756
2026-03-18 04:33:16.524314,0.0,69.51,0.050800000000000005
2026-03-18 04:33:17.555706,0.0,69.51,0.0538
2026-03-18 04:33:18.611182,0.0,69.51,0.0707
2026-03-18 04:33:19.648111,0.0,69.51,0.0589
2026-03-18 04:33:20.699967,0.0,69.51,0.0537
2026-03-18 04:33:21.755071,0.0,69.51,0.0486
2026-03-18 04:33:22.805431,0.0,69.51,0.059300000000000005
2026-03-18 04:33:23.857169,0.0,69.51,0.0504
2026-03-18 04:33:24.906009,0.0,69.51,0.051699999999999996
2026-03-18 04:33:25.968280,0.0,69.51,0.0718
2026-03-18 04:33:27.020212,0.0,69.5,0.041100000000000005
2026-03-18 04:33:28.068247,0.0,69.5,0.06129999999999999
2026-03-18 04:33:29.131357,0.0,69.5,0.0599
2026-03-18 04:33:30.180256,0.0,69.5,0.06670000000000001
2026-03-18 04:33:31.234981,0.0,69.5,0.047400000000000005
2026-03-18 04:33:32.288627,0.0,69.5,0.0525
2026-03-18 04:33:33.344208,0.0,69.5,0.0455
2026-03-18 04:33:34.374271,0.0,69.5,0.0567
2026-03-18 04:33:35.408114,0.0,69.5,0.07450000000000001
2026-03-18 04:33:36.462245,0.0,69.5,0.06570000000000001
2026-03-18 04:33:37.520684,0.0,69.5,0.0691
2026-03-18 04:33:38.569809,0.0,69.5,0.0484
2026-03-18 04:33:39.605275,0.0,69.5,0.0561
2026-03-18 04:33:40.644152,0.0,69.5,0.0691
2026-03-18 04:33:41.714530,0.0,69.49,0.0659
2026-03-18 04:33:42.770992,0.0,69.49,0.0834
2026-03-18 04:33:43.796116,0.0,69.49,0.0557
2026-03-18 04:33:44.846326,0.0,69.49,0.06280000000000001
2026-03-18 04:33:45.892705,0.0,69.49,0.0635
2026-03-18 04:33:46.933274,0.0,69.49,0.064
2026-03-18 04:33:47.981873,0.0,69.49,0.0819
2026-03-18 04:33:49.029681,0.0,69.49,0.0686
2026-03-18 04:33:50.073878,0.0,69.49,0.0431
2026-03-18 04:33:51.129175,0.0,69.49,0.065
2026-03-18 04:33:52.177446,0.0,69.49,0.0693
2026-03-18 04:33:53.212946,0.0,69.49,0.050300000000000004
2026-03-18 04:33:54.285074,0.0,69.48,0.06709999999999999
2026-03-18 04:33:55.358722,0.0,69.48,0.0662
2026-03-18 04:33:56.430361,0.0,69.48,0.0625
2026-03-18 04:33:57.493634,0.0,69.48,0.0561
2026-03-18 04:33:58.555082,0.0,69.48,0.0755
2026-03-18 04:33:59.634963,0.0,69.48,0.07880000000000001
2026-03-18 04:34:00.680590,0.0,69.48,0.0557
2026-03-18 04:34:01.719904,0.0,69.48,0.0574
2026-03-18 04:34:02.760725,0.0,69.48,0.0699
2026-03-18 04:34:04.159682,0.0,69.48,0.0583
2026-03-18 04:34:05.979517,0.0,69.47,0.0839
2026-03-18 04:34:07.028443,0.0,69.47,0.06609999999999999
2026-03-18 04:34:08.094559,0.0,69.47,0.058800000000000005
2026-03-18 04:34:09.183580,0.0,69.47,0.0663
2026-03-18 04:34:10.251677,0.0,69.47,0.0575
2026-03-18 04:34:11.284798,0.0,69.47,0.0655
2026-03-18 04:34:12.359628,0.0,69.47,0.057499999999999996
2026-03-18 04:34:13.419160,0.0,69.47,0.0561
2026-03-18 04:34:14.495171,0.0,69.47,0.0769
2026-03-18 04:34:15.553026,0.0,69.47,0.068
2026-03-18 04:34:16.615076,0.0,69.47,0.0779
2026-03-18 04:34:17.678776,0.0,69.47,0.0748
2026-03-18 04:34:18.717476,0.0,69.46,0.0526
2026-03-18 04:34:19.798004,0.0,69.46,0.062299999999999994
2026-03-18 04:34:20.859088,0.0,69.46,0.07200000000000001
2026-03-18 04:34:21.924260,0.0,69.46,0.0711
2026-03-18 04:34:22.994956,0.0,69.46,0.0766
2026-03-18 04:34:24.055876,0.0,69.46,0.051000000000000004
2026-03-18 04:34:25.123135,0.0,69.46,0.0627
2026-03-18 04:34:26.182867,0.0,69.46,0.0455
2026-03-18 04:34:27.237132,0.0,69.46,0.07089999999999999
2026-03-18 04:34:28.286769,0.0,69.46,0.0755
2026-03-18 04:34:29.336414,0.0,69.46,0.0659
2026-03-18 04:34:30.412014,0.0,69.46,0.0681
2026-03-18 04:34:31.479834,0.0,69.45,0.08159999999999999
2026-03-18 04:34:32.557567,0.0,69.45,0.0854
2026-03-18 04:34:33.628225,0.0,69.45,0.0607
2026-03-18 04:34:34.669862,0.0,69.45,0.0692
2026-03-18 04:34:35.737238,0.0,69.45,0.0811
2026-03-18 04:34:36.801565,0.0,69.45,0.0632
2026-03-18 04:34:37.845948,0.0,69.45,0.057800000000000004
2026-03-18 04:34:38.870448,0.0,69.45,0.0816
2026-03-18 04:34:39.896473,0.0,69.45,0.057300000000000004
2026-03-18 04:34:40.940615,0.0,69.45,0.0513
2026-03-18 04:34:41.997178,0.0,69.45,0.0685
2026-03-18 04:34:43.034843,0.0,69.44,0.0513
2026-03-18 04:34:44.115724,0.0,69.44,0.0684
2026-03-18 04:34:45.146976,0.0,69.44,0.0728
2026-03-18 04:34:46.191728,0.0,69.44,0.055099999999999996
2026-03-18 04:34:47.244133,0.0,69.44,0.054200000000000005
2026-03-18 04:34:48.301165,0.0,69.44,0.054799999999999995
2026-03-18 04:34:49.329039,0.0,69.44,0.0441
2026-03-18 04:34:50.354919,0.0,69.44,0.058499999999999996
2026-03-18 04:34:51.406626,0.0,69.44,0.054700000000000006
2026-03-18 04:34:52.446954,0.0,69.44,0.0633
2026-03-18 04:34:53.479201,0.0,69.44,0.0486
2026-03-18 04:34:54.517445,0.0,69.44,0.050699999999999995
2026-03-18 04:34:55.551632,0.0,69.44,0.0775
2026-03-18 04:34:56.587346,0.0,69.44,0.06889999999999999
2026-03-18 04:34:57.622096,0.0,69.43,0.0566
2026-03-18 04:34:58.675228,0.0,69.43,0.0533
2026-03-18 04:34:59.729422,0.0,69.43,0.0653
2026-03-18 04:35:00.773635,0.0,69.43,0.0649
2026-03-18 04:35:01.808250,0.0,69.43,0.0528
2026-03-18 04:35:02.844872,0.0,69.43,0.0689
2026-03-18 04:35:04.192976,0.0,69.43,0.0459
2026-03-18 04:35:06.524164,0.0,69.43,0.0568
2026-03-18 04:35:07.562276,0.0,69.43,0.0587
2026-03-18 04:35:08.598631,0.0,69.43,0.0605
2026-03-18 04:35:09.634435,0.0,69.43,0.0738
2026-03-18 04:35:10.684472,0.0,69.43,0.0574
2026-03-18 04:35:11.740722,0.0,69.42,0.0755
2026-03-18 04:35:12.778253,0.0,69.42,0.0484
2026-03-18 04:35:13.814859,0.0,69.42,0.06409999999999999
2026-03-18 04:35:14.862361,0.0,69.42,0.0714
2026-03-18 04:35:15.897264,0.0,69.42,0.06799999999999999
2026-03-18 04:35:16.928258,0.0,69.42,0.06810000000000001
2026-03-18 04:35:17.967417,0.0,69.42,0.062299999999999994
2026-03-18 04:35:18.999874,0.0,69.42,0.0632
2026-03-18 04:35:20.030773,0.0,69.42,0.0625
2026-03-18 04:35:21.075044,0.0,69.42,0.052700000000000004
2026-03-18 04:35:22.128697,0.0,69.42,0.0448
2026-03-18 04:35:23.160359,0.0,69.42,0.044899999999999995
2026-03-18 04:35:24.194343,0.0,69.41,0.0676
2026-03-18 04:35:25.247063,0.0,69.41,0.0548
2026-03-18 04:35:26.290371,0.0,69.41,0.0742
2026-03-18 04:35:27.335368,0.0,69.41,0.0791
2026-03-18 04:35:28.376906,0.0,69.41,0.0773
2026-03-18 04:35:29.411256,0.0,69.41,0.0696
2026-03-18 04:35:30.447247,0.0,69.41,0.0482
2026-03-18 04:35:31.490573,0.0,69.41,0.0633
2026-03-18 04:35:32.525920,0.0,69.41,0.057999999999999996
2026-03-18 04:35:33.562623,0.0,69.41,0.0752
2026-03-18 04:35:34.601779,0.0,69.41,0.0587
2026-03-18 04:35:35.642906,0.0,69.41,0.0532
2026-03-18 04:35:36.686449,0.0,69.41,0.062
2026-03-18 04:35:37.718875,0.0,69.4,0.0574
2026-03-18 04:35:38.750903,0.0,69.4,0.0673
2026-03-18 04:35:39.798709,0.0,69.4,0.0717
2026-03-18 04:35:40.865563,0.0,69.4,0.072
2026-03-18 04:35:43.335177,0.0,69.4,0.0663
2026-03-18 04:35:44.413218,0.0,69.4,0.0683
2026-03-18 04:35:45.458582,0.0,69.4,0.0467
2026-03-18 04:35:46.495567,0.0,69.4,0.0644
2026-03-18 04:35:47.537648,0.0,69.4,0.06520000000000001
2026-03-18 04:35:48.579559,0.0,69.4,0.0618
2026-03-18 04:35:49.628645,0.0,69.4,0.0497
2026-03-18 04:35:50.692428,0.0,69.39,0.054
2026-03-18 04:35:51.832170,0.0,69.39,0.0395
2026-03-18 04:35:53.803867,0.0,69.39,0.0665
2026-03-18 04:35:54.852087,0.0,69.39,0.0553
2026-03-18 04:35:55.969314,0.0,69.39,0.0593
2026-03-18 04:35:57.052236,0.0,69.39,0.0513
2026-03-18 04:35:58.087293,0.0,69.39,0.0759
2026-03-18 04:35:59.119116,0.0,69.39,0.0419
2026-03-18 04:36:00.163181,0.0,69.39,0.0837
2026-03-18 04:36:01.224254,0.0,69.39,0.07390000000000001
2026-03-18 04:36:03.291089,0.0,69.39,0.061700000000000005
2026-03-18 04:36:05.493023,0.0,69.38,0.0685
2026-03-18 04:36:06.549536,0.0,69.38,0.0645
2026-03-18 04:36:07.597605,0.0,69.38,0.0545
2026-03-18 04:36:08.653859,0.0,69.38,0.0561
2026-03-18 04:36:09.685417,0.0,69.38,0.0465
2026-03-18 04:36:10.721920,0.0,69.38,0.0803
2026-03-18 04:36:11.912674,0.0,69.38,0.0455
2026-03-18 04:36:14.449581,0.0,69.38,0.0519
2026-03-18 04:36:15.492883,0.0,69.38,0.0605
2026-03-18 04:36:16.549876,0.0,69.38,0.0506
2026-03-18 04:36:17.608727,0.0,69.38,0.045399999999999996
2026-03-18 04:36:18.740888,0.0,69.37,0.0421
2026-03-18 04:36:19.848688,0.0,69.37,0.0684
2026-03-18 04:36:20.929206,0.0,69.37,0.0567
2026-03-18 04:36:22.872633,0.0,69.37,0.0673
2026-03-18 04:36:23.927289,0.0,69.37,0.0807
2026-03-18 04:36:25.002865,0.0,69.37,0.0631
2026-03-18 04:36:26.083713,0.0,69.37,0.0537
2026-03-18 04:36:27.122543,0.0,69.37,0.076
2026-03-18 04:36:28.174736,0.0,69.37,0.0676
2026-03-18 04:36:29.203766,0.0,69.37,0.0692
2026-03-18 04:36:30.238100,0.0,69.37,0.0786
2026-03-18 04:36:31.280334,0.0,69.36,0.0519
2026-03-18 04:36:32.745295,0.0,69.36,0.0595
2026-03-18 04:36:33.788059,0.0,69.36,0.0484
2026-03-18 04:36:34.855074,0.0,69.36,0.06770000000000001
2026-03-18 04:36:35.936859,0.0,69.36,0.0504
2026-03-18 04:36:36.979785,0.0,69.36,0.0855
2026-03-18 04:36:38.008596,0.0,69.36,0.06620000000000001
2026-03-18 04:36:39.043303,0.0,69.36,0.0749
2026-03-18 04:36:40.085593,0.0,69.36,0.0613
2026-03-18 04:36:41.124486,0.0,69.36,0.0492
2026-03-18 04:36:42.151827,0.0,69.36,0.0531
2026-03-18 04:36:43.184185,0.0,69.36,0.0577
2026-03-18 04:36:44.257610,0.0,69.35,0.078
2026-03-18 04:36:45.311642,0.0,69.35,0.0746
2026-03-18 04:36:46.364444,0.0,69.35,0.0599
2026-03-18 04:36:47.418125,0.0,69.35,0.0649
2026-03-18 04:36:48.470471,0.0,69.35,0.0811
2026-03-18 04:36:49.503306,0.0,69.35,0.08170000000000001
2026-03-18 04:36:50.559590,0.0,69.35,0.0554
2026-03-18 04:36:51.624372,0.0,69.35,0.06459999999999999
2026-03-18 04:36:52.673238,0.0,69.35,0.055600000000000004
2026-03-18 04:36:53.726547,0.0,69.35,0.0799
2026-03-18 04:36:54.779548,0.0,69.35,0.0538
2026-03-18 04:36:55.832577,0.0,69.35,0.0613
2026-03-18 04:36:56.888105,0.0,69.34,0.0674
2026-03-18 04:36:57.920141,0.0,69.34,0.0737
2026-03-18 04:36:58.971755,0.0,69.34,0.052
2026-03-18 04:37:00.024939,0.0,69.34,0.046700000000000005
2026-03-18 04:37:01.070629,0.0,69.34,0.07780000000000001
2026-03-18 04:37:02.138298,0.0,69.34,0.052700000000000004
2026-03-18 04:37:03.199811,0.0,69.34,0.0774
2026-03-18 04:37:04.598106,0.0,69.34,0.0454
2026-03-18 04:37:06.262911,0.0,69.34,0.048600000000000004
2026-03-18 04:37:07.310598,0.0,69.34,0.0521
2026-03-18 04:37:08.362416,0.0,69.34,0.0693
2026-03-18 04:37:09.406148,0.0,69.34,0.0591
2026-03-18 04:37:10.461555,0.0,69.33,0.0612
2026-03-18 04:37:11.516464,0.0,69.33,0.0634
2026-03-18 04:37:12.571335,0.0,69.33,0.055400000000000005
2026-03-18 04:37:13.624039,0.0,69.33,0.0652
2026-03-18 04:37:14.686244,0.0,69.33,0.054299999999999994
2026-03-18 04:37:15.733166,0.0,69.33,0.0631
2026-03-18 04:37:16.782757,0.0,69.33,0.0827
2026-03-18 04:37:17.811174,0.0,69.33,0.063
2026-03-18 04:37:18.888142,0.0,69.33,0.084
2026-03-18 04:37:19.938973,0.0,69.33,0.062000000000000006
2026-03-18 04:37:20.988091,0.0,69.33,0.06520000000000001
2026-03-18 04:37:22.042580,0.0,69.33,0.0735
2026-03-18 04:37:23.100497,0.0,69.32,0.0665
2026-03-18 04:37:24.149635,0.0,69.32,0.0659
2026-03-18 04:37:25.204089,0.0,69.32,0.0419
2026-03-18 04:37:26.260070,0.0,69.32,0.0479
2026-03-18 04:37:27.314920,0.0,69.32,0.0495
2026-03-18 04:37:28.348185,0.0,69.32,0.0748
2026-03-18 04:37:29.401936,0.0,69.32,0.0658
2026-03-18 04:37:30.455096,0.0,69.32,0.0699
2026-03-18 04:37:31.521693,0.0,69.32,0.0696
2026-03-18 04:37:32.573751,0.0,69.32,0.0544
2026-03-18 04:37:33.623552,0.0,69.32,0.0589
2026-03-18 04:37:34.651772,0.0,69.32,0.058800000000000005
2026-03-18 04:37:35.704275,0.0,69.31,0.0756
2026-03-18 04:37:36.739144,0.0,69.31,0.071
2026-03-18 04:37:37.790178,0.0,69.31,0.0711
2026-03-18 04:37:38.841596,0.0,69.31,0.057100000000000005
2026-03-18 04:37:39.895464,0.0,69.31,0.0446
2026-03-18 04:37:40.946592,0.0,69.31,0.06
2026-03-18 04:37:41.999218,0.0,69.31,0.0453
2026-03-18 04:37:43.050172,0.0,69.31,0.0675
2026-03-18 04:37:44.098816,0.0,69.31,0.0719
2026-03-18 04:37:45.144176,0.0,69.31,0.0696
2026-03-18 04:37:46.195449,0.0,69.31,0.0555
2026-03-18 04:37:47.241473,0.0,69.31,0.0495
2026-03-18 04:37:48.301546,0.0,69.31,0.0543
2026-03-18 04:37:49.353590,0.0,69.3,0.06420000000000001
2026-03-18 04:37:50.405154,0.0,69.3,0.0565
2026-03-18 04:37:51.465361,0.0,69.3,0.0541
2026-03-18 04:37:52.496737,0.0,69.3,0.078
2026-03-18 04:37:53.547125,0.0,69.3,0.06369999999999999
2026-03-18 04:37:54.598531,0.0,69.3,0.0644
2026-03-18 04:37:55.662256,0.0,69.3,0.051899999999999995
2026-03-18 04:37:56.714586,0.0,69.3,0.0591
2026-03-18 04:37:57.765930,0.0,69.3,0.0706
2026-03-18 04:37:58.826812,0.0,69.3,0.0747
2026-03-18 04:37:59.879944,0.0,69.3,0.0594
2026-03-18 04:38:00.930278,0.0,69.3,0.0737
2026-03-18 04:38:01.981574,0.0,69.3,0.0547
2026-03-18 04:38:03.036279,0.0,69.29,0.0638
2026-03-18 04:38:04.345899,0.0,69.29,0.0645
2026-03-18 04:38:06.031173,0.0,69.29,0.0456
2026-03-18 04:38:07.092685,0.0,69.29,0.0674
2026-03-18 04:38:08.158423,0.0,69.29,0.0597
2026-03-18 04:38:09.205610,0.0,69.29,0.0856
2026-03-18 04:38:10.259195,0.0,69.29,0.0821
2026-03-18 04:38:11.307002,0.0,69.29,0.0536
2026-03-18 04:38:12.366359,0.0,69.29,0.0591
2026-03-18 04:38:13.419837,0.0,69.29,0.0719
2026-03-18 04:38:14.472471,0.0,69.29,0.0512
2026-03-18 04:38:15.523158,0.0,69.28,0.06910000000000001
2026-03-18 04:38:16.573076,0.0,69.28,0.0519
2026-03-18 04:38:17.621203,0.0,69.28,0.07440000000000001
2026-03-18 04:38:18.649891,0.0,69.28,0.06509999999999999
2026-03-18 04:38:19.699473,0.0,69.28,0.0615
2026-03-18 04:38:20.749200,0.0,69.28,0.0475
2026-03-18 04:38:21.808767,0.0,69.28,0.058300000000000005
2026-03-18 04:38:22.855930,0.0,69.28,0.0635
2026-03-18 04:38:23.909086,0.0,69.28,0.0518
2026-03-18 04:38:24.959176,0.0,69.28,0.0762
2026-03-18 04:38:26.010293,0.0,69.28,0.07619999999999999
2026-03-18 04:38:27.060146,0.0,69.28,0.0807
2026-03-18 04:38:28.108446,0.0,69.27,0.0691
2026-03-18 04:38:29.160783,0.0,69.27,0.0702
2026-03-18 04:38:30.212795,0.0,69.27,0.067
2026-03-18 04:38:31.272127,0.0,69.27,0.06520000000000001
2026-03-18 04:38:32.319428,0.0,69.27,0.0645
2026-03-18 04:38:33.353187,0.0,69.27,0.05790000000000001
2026-03-18 04:38:34.403360,0.0,69.27,0.06620000000000001
2026-03-18 04:38:35.438557,0.0,69.27,0.0413
2026-03-18 04:38:36.493809,0.0,69.27,0.0583
2026-03-18 04:38:37.686156,0.0,69.27,0.0701
2026-03-18 04:38:38.750359,0.0,69.27,0.049800000000000004
2026-03-18 04:38:39.813510,0.0,69.27,0.0697
2026-03-18 04:38:40.862726,0.0,69.27,0.0529
2026-03-18 04:38:41.893389,0.0,69.26,0.06609999999999999
2026-03-18 04:38:42.945008,0.0,69.26,0.0596
2026-03-18 04:38:43.998165,0.0,69.26,0.07529999999999999
2026-03-18 04:38:45.055208,0.0,69.26,0.0693
2026-03-18 04:38:46.107132,0.0,69.26,0.0572
2026-03-18 04:38:47.155809,0.0,69.26,0.0713
2026-03-18 04:38:48.218564,0.0,69.26,0.0553
2026-03-18 04:38:49.272343,0.0,69.26,0.0619
2026-03-18 04:38:50.319074,0.0,69.26,0.0482
2026-03-18 04:38:51.375241,0.0,69.26,0.0585
2026-03-18 04:38:52.425849,0.0,69.26,0.0661
2026-03-18 04:38:53.473827,0.0,69.26,0.0734
2026-03-18 04:38:54.525116,0.0,69.25,0.0661
2026-03-18 04:38:55.586881,0.0,69.25,0.0685
2026-03-18 04:38:56.621831,0.0,69.25,0.0706
2026-03-18 04:38:57.688885,0.0,69.25,0.056299999999999996
2026-03-18 04:38:58.737605,0.0,69.25,0.0557
2026-03-18 04:38:59.786175,0.0,69.25,0.0615
2026-03-18 04:39:00.838386,0.0,69.25,0.0717
2026-03-18 04:39:01.887479,0.0,69.25,0.0562
2026-03-18 04:39:02.918155,0.0,69.25,0.0721
2026-03-18 04:39:04.418017,0.0,69.25,0.0448
2026-03-18 04:39:06.086306,0.0,69.25,0.0584
2026-03-18 04:39:07.134844,0.0,69.25,0.049800000000000004
2026-03-18 04:39:08.190426,0.0,69.24,0.0617
2026-03-18 04:39:09.241490,0.0,69.24,0.0569
2026-03-18 04:39:10.291122,0.0,69.24,0.054900000000000004
2026-03-18 04:39:11.339698,0.0,69.24,0.0626
2026-03-18 04:39:12.405488,0.0,69.24,0.057499999999999996
2026-03-18 04:39:13.447210,0.0,69.24,0.0751
2026-03-18 04:39:14.493220,0.0,69.24,0.0692
2026-03-18 04:39:15.558921,0.0,69.24,0.0557
2026-03-18 04:39:16.612997,0.0,69.24,0.0589
2026-03-18 04:39:17.678129,0.0,69.24,0.069
2026-03-18 04:39:18.737536,0.0,69.24,0.057499999999999996
2026-03-18 04:39:19.788786,0.0,69.24,0.051000000000000004
2026-03-18 04:39:20.857453,0.0,69.24,0.0651
2026-03-18 04:39:21.912891,0.0,69.23,0.0725
2026-03-18 04:39:22.964283,0.0,69.23,0.0635
2026-03-18 04:39:24.018252,0.0,69.23,0.044700000000000004
2026-03-18 04:39:25.071906,0.0,69.23,0.0598
2026-03-18 04:39:26.128139,0.0,69.23,0.0455
2026-03-18 04:39:27.188353,0.0,69.23,0.058300000000000005
2026-03-18 04:39:28.270277,0.0,69.23,0.0683
2026-03-18 04:39:29.336073,0.0,69.23,0.0779
2026-03-18 04:39:30.386164,0.0,69.23,0.054
2026-03-18 04:39:31.434809,0.0,69.23,0.0699
2026-03-18 04:39:32.486486,0.0,69.23,0.0766
2026-03-18 04:39:33.536157,0.0,69.23,0.0638
2026-03-18 04:39:34.592508,0.0,69.22,0.0716
2026-03-18 04:39:35.654740,0.0,69.22,0.0756
2026-03-18 04:39:36.702459,0.0,69.22,0.06259999999999999
2026-03-18 04:39:37.735160,0.0,69.22,0.0512
2026-03-18 04:39:38.789179,0.0,69.22,0.0498
2026-03-18 04:39:39.841284,0.0,69.22,0.0586
2026-03-18 04:39:40.894107,0.0,69.22,0.0588
2026-03-18 04:39:41.944496,0.0,69.22,0.0624
2026-03-18 04:39:42.996950,0.0,69.22,0.0561
2026-03-18 04:39:44.060361,0.0,69.22,0.0582
2026-03-18 04:39:45.110074,0.0,69.22,0.07980000000000001
2026-03-18 04:39:46.174069,0.0,69.22,0.06720000000000001
2026-03-18 04:39:47.217812,0.0,69.22,0.0647
2026-03-18 04:39:48.268168,0.0,69.21,0.0682
2026-03-18 04:39:49.320615,0.0,69.21,0.0676
2026-03-18 04:39:50.371123,0.0,69.21,0.0804
2026-03-18 04:39:51.398798,0.0,69.21,0.0738
2026-03-18 04:39:52.456271,0.0,69.21,0.06620000000000001
2026-03-18 04:39:53.507904,0.0,69.21,0.0799
2026-03-18 04:39:54.556838,0.0,69.21,0.0538
2026-03-18 04:39:55.608973,0.0,69.21,0.0558
2026-03-18 04:39:56.664147,0.0,69.21,0.0678
2026-03-18 04:39:57.718817,0.0,69.21,0.0714
2026-03-18 04:39:58.789061,0.0,69.21,0.0477
2026-03-18 04:39:59.837744,0.0,69.21,0.0433
2026-03-18 04:40:00.893291,0.0,69.2,0.057300000000000004
2026-03-18 04:40:01.941472,0.0,69.2,0.0449
2026-03-18 04:40:02.989236,0.0,69.2,0.0714
2026-03-18 04:40:04.454539,0.0,69.2,0.0469
2026-03-18 04:40:06.169715,0.0,69.2,0.049699999999999994
2026-03-18 04:40:07.218720,0.0,69.2,0.0639
2026-03-18 04:40:08.265153,0.0,69.2,0.0697
2026-03-18 04:40:09.316964,0.0,69.2,0.0584
2026-03-18 04:40:10.364858,0.0,69.2,0.0645
2026-03-18 04:40:11.406808,0.0,69.2,0.0489
2026-03-18 04:40:12.450631,0.0,69.2,0.0641
2026-03-18 04:40:13.489887,0.0,69.2,0.076
2026-03-18 04:40:14.526555,0.0,69.19,0.0628
2026-03-18 04:40:15.573493,0.0,69.19,0.068
2026-03-18 04:40:16.645134,0.0,69.19,0.0665
2026-03-18 04:40:17.698160,0.0,69.19,0.0579
2026-03-18 04:40:18.748636,0.0,69.19,0.0638
2026-03-18 04:40:19.801160,0.0,69.19,0.0603
2026-03-18 04:40:20.853213,0.0,69.19,0.0457
2026-03-18 04:40:21.904190,0.0,69.19,0.0668
2026-03-18 04:40:22.957103,0.0,69.19,0.0521
2026-03-18 04:40:24.009131,0.0,69.19,0.0654
2026-03-18 04:40:25.068833,0.0,69.19,0.054400000000000004
2026-03-18 04:40:26.116149,0.0,69.19,0.0558
2026-03-18 04:40:27.167177,0.0,69.19,0.0857
2026-03-18 04:40:28.220254,0.0,69.18,0.0821
2026-03-18 04:40:29.276159,0.0,69.18,0.0622
2026-03-18 04:40:30.336007,0.0,69.18,0.0686
2026-03-18 04:40:31.397173,0.0,69.18,0.0523
2026-03-18 04:40:32.452991,0.0,69.18,0.0492
2026-03-18 04:40:33.501941,0.0,69.18,0.041800000000000004
2026-03-18 04:40:34.562910,0.0,69.18,0.0819
2026-03-18 04:40:35.611994,0.0,69.18,0.0508
2026-03-18 04:40:36.672190,0.0,69.18,0.06659999999999999
2026-03-18 04:40:37.727273,0.0,69.18,0.0615
2026-03-18 04:40:38.778572,0.0,69.18,0.064
2026-03-18 04:40:39.842574,0.0,69.18,0.08510000000000001
2026-03-18 04:40:41.954031,0.0,69.17,0.0466
2026-03-18 04:40:43.002406,0.0,69.17,0.078
2026-03-18 04:40:44.054825,0.0,69.17,0.0524
2026-03-18 04:40:45.110003,0.0,69.17,0.0645
2026-03-18 04:40:46.161845,0.0,69.17,0.0478
2026-03-18 04:40:47.231601,0.0,69.17,0.0762
2026-03-18 04:40:48.288066,0.0,69.17,0.056100000000000004
2026-03-18 04:40:49.337806,0.0,69.17,0.0834
2026-03-18 04:40:50.721969,0.0,69.17,0.0676
2026-03-18 04:40:51.760489,0.0,69.17,0.0492
2026-03-18 04:40:52.835194,0.0,69.17,0.056
2026-03-18 04:40:53.888436,0.0,69.16,0.0723
2026-03-18 04:40:54.937018,0.0,69.16,0.0707
2026-03-18 04:40:55.979119,0.0,69.16,0.059800000000000006
2026-03-18 04:40:57.039887,0.0,69.16,0.0723
2026-03-18 04:40:58.089733,0.0,69.16,0.0471
2026-03-18 04:40:59.138102,0.0,69.16,0.0846
2026-03-18 04:41:00.204184,0.0,69.16,0.0707
2026-03-18 04:41:01.870081,0.0,69.16,0.0587
2026-03-18 04:41:02.916432,0.0,69.16,0.0503
2026-03-18 04:41:04.237016,0.0,69.16,0.0719
2026-03-18 04:41:05.922072,0.0,69.15,0.0741
2026-03-18 04:41:06.969189,0.0,69.15,0.0544
2026-03-18 04:41:08.020083,0.0,69.15,0.0628
2026-03-18 04:41:09.070017,0.0,69.15,0.0508
2026-03-18 04:41:10.131468,0.0,69.15,0.0601
2026-03-18 04:41:11.753299,0.0,69.15,0.0725
2026-03-18 04:41:12.804039,0.0,69.15,0.0808
2026-03-18 04:41:13.862747,0.0,69.15,0.0674
2026-03-18 04:41:14.918495,0.0,69.15,0.0686
2026-03-18 04:41:15.968523,0.0,69.15,0.0436
2026-03-18 04:41:17.017986,0.0,69.15,0.0578
2026-03-18 04:41:18.068895,0.0,69.15,0.0698
2026-03-18 04:41:19.118644,0.0,69.14,0.0679
2026-03-18 04:41:20.625195,0.0,69.14,0.0703
2026-03-18 04:41:21.667704,0.0,69.14,0.0667
2026-03-18 04:41:22.726388,0.0,69.14,0.049999999999999996
2026-03-18 04:41:23.783060,0.0,69.14,0.06520000000000001
2026-03-18 04:41:24.831798,0.0,69.14,0.0584
2026-03-18 04:41:25.885256,0.0,69.14,0.0596
2026-03-18 04:41:26.939160,0.0,69.14,0.0761
2026-03-18 04:41:27.990185,0.0,69.14,0.0678
2026-03-18 04:41:29.042568,0.0,69.14,0.0464
2026-03-18 04:41:30.114648,0.0,69.14,0.0651
2026-03-18 04:41:31.741550,0.0,69.13,0.0669
2026-03-18 04:41:32.793688,0.0,69.13,0.044899999999999995
2026-03-18 04:41:33.843180,0.0,69.13,0.0687
2026-03-18 04:41:34.891571,0.0,69.13,0.06
2026-03-18 04:41:35.959647,0.0,69.13,0.063
2026-03-18 04:41:37.015523,0.0,69.13,0.0628
2026-03-18 04:41:38.062940,0.0,69.13,0.0563
2026-03-18 04:41:39.114218,0.0,69.13,0.0458
2026-03-18 04:41:40.153886,0.0,69.13,0.0605
2026-03-18 04:41:41.726365,0.0,69.13,0.076
2026-03-18 04:41:42.777152,0.0,69.13,0.06520000000000001
2026-03-18 04:41:43.837802,0.0,69.13,0.052000000000000005
2026-03-18 04:41:44.888317,0.0,69.13,0.050600000000000006
2026-03-18 04:41:45.942567,0.0,69.12,0.0511
2026-03-18 04:41:46.997140,0.0,69.12,0.06999999999999999
2026-03-18 04:41:48.047152,0.0,69.12,0.0742
2026-03-18 04:41:49.099560,0.0,69.12,0.0697
2026-03-18 04:41:50.640734,0.0,69.12,0.0659
2026-03-18 04:41:51.679252,0.0,69.12,0.074
2026-03-18 04:41:52.732143,0.0,69.12,0.0542
2026-03-18 04:41:53.782516,0.0,69.12,0.0764
2026-03-18 04:41:54.836207,0.0,69.12,0.0726
2026-03-18 04:41:55.894402,0.0,69.12,0.0584
2026-03-18 04:41:56.941921,0.0,69.12,0.0747
2026-03-18 04:41:57.992214,0.0,69.11,0.0717
2026-03-18 04:41:59.045066,0.0,69.11,0.0708
2026-03-18 04:42:00.109020,0.0,69.11,0.0702
2026-03-18 04:42:01.708223,0.0,69.11,0.0688
2026-03-18 04:42:02.760423,0.0,69.11,0.0648
2026-03-18 04:42:04.285724,0.0,69.11,0.061900000000000004
2026-03-18 04:42:06.006402,0.0,69.11,0.0764
2026-03-18 04:42:07.041200,0.0,69.11,0.07880000000000001
2026-03-18 04:42:08.091986,0.0,69.11,0.076
2026-03-18 04:42:09.141313,0.0,69.11,0.0521
2026-03-18 04:42:10.628180,0.0,69.1,0.0691
2026-03-18 04:42:11.676390,0.0,69.1,0.0661
2026-03-18 04:42:12.726077,0.0,69.1,0.0767
2026-03-18 04:42:13.778589,0.0,69.1,0.0599
2026-03-18 04:42:14.833727,0.0,69.1,0.06420000000000001
2026-03-18 04:42:15.896103,0.0,69.1,0.0686
2026-03-18 04:42:16.956027,0.0,69.1,0.0738
2026-03-18 04:42:18.006890,0.0,69.1,0.08499999999999999
2026-03-18 04:42:19.060109,0.0,69.1,0.0539
2026-03-18 04:42:20.121241,0.0,69.1,0.0508
2026-03-18 04:42:21.768392,0.0,69.1,0.0485
2026-03-18 04:42:22.822208,0.0,69.09,0.046400000000000004
2026-03-18 04:42:23.871331,0.0,69.09,0.0639
2026-03-18 04:42:24.937601,0.0,69.09,0.0829
2026-03-18 04:42:25.988292,0.0,69.09,0.0693
2026-03-18 04:42:27.037730,0.0,69.09,0.0634
2026-03-18 04:42:28.101174,0.0,69.09,0.0661
2026-03-18 04:42:29.135326,0.0,69.09,0.0663
2026-03-18 04:42:30.203286,0.0,69.09,0.0697
2026-03-18 04:42:31.808181,0.0,69.09,0.0505
2026-03-18 04:42:32.860786,0.0,69.09,0.076
2026-03-18 04:42:33.913547,0.0,69.09,0.0611
2026-03-18 04:42:34.964076,0.0,69.09,0.053700000000000005
2026-03-18 04:42:36.016411,0.0,69.08,0.0643
2026-03-18 04:42:37.080277,0.0,69.08,0.0628
2026-03-18 04:42:38.134989,0.0,69.08,0.0645
2026-03-18 04:42:39.186981,0.0,69.08,0.0574
2026-03-18 04:42:40.715753,0.0,69.08,0.06659999999999999
2026-03-18 04:42:41.754069,0.0,69.08,0.0582
2026-03-18 04:42:42.807538,0.0,69.08,0.07050000000000001
2026-03-18 04:42:43.857229,0.0,69.08,0.0659
2026-03-18 04:42:44.909566,0.0,69.08,0.0704
2026-03-18 04:42:45.962094,0.0,69.08,0.0605
2026-03-18 04:42:47.012559,0.0,69.08,0.0617
2026-03-18 04:42:48.061040,0.0,69.07,0.071
2026-03-18 04:42:49.109400,0.0,69.07,0.0625
2026-03-18 04:42:50.639610,0.0,69.07,0.060399999999999995
2026-03-18 04:42:51.689261,0.0,69.07,0.0802
2026-03-18 04:42:52.757877,0.0,69.07,0.0742
2026-03-18 04:42:53.806494,0.0,69.07,0.07039999999999999
2026-03-18 04:42:54.858070,0.0,69.07,0.077
2026-03-18 04:42:55.913172,0.0,69.07,0.0475
2026-03-18 04:42:56.968846,0.0,69.07,0.0738
2026-03-18 04:42:58.019267,0.0,69.07,0.0627
2026-03-18 04:42:59.077778,0.0,69.07,0.0485
2026-03-18 04:43:00.147133,0.0,69.07,0.0758
2026-03-18 04:43:01.818788,0.0,69.06,0.0604
2026-03-18 04:43:02.882909,0.0,69.06,0.0562
2026-03-18 04:43:04.261269,0.0,69.06,0.0613
2026-03-18 04:43:05.990536,0.0,69.06,0.0753
2026-03-18 04:43:07.041541,0.0,69.06,0.0488
2026-03-18 04:43:08.096838,0.0,69.06,0.0735
2026-03-18 04:43:09.147056,0.0,69.06,0.0635
2026-03-18 04:43:10.207101,0.0,69.06,0.0712
2026-03-18 04:43:11.255802,0.0,69.06,0.072
2026-03-18 04:43:12.293302,0.0,69.06,0.0642
2026-03-18 04:43:13.349825,0.0,69.05,0.0409
2026-03-18 04:43:14.400472,0.0,69.05,0.0677
2026-03-18 04:43:15.434962,0.0,69.05,0.053500000000000006
2026-03-18 04:43:16.490820,0.0,69.05,0.07730000000000001
2026-03-18 04:43:17.543352,0.0,69.05,0.0603
2026-03-18 04:43:18.595167,0.0,69.05,0.0644
2026-03-18 04:43:19.647984,0.0,69.05,0.0733
2026-03-18 04:43:20.708550,0.0,69.05,0.0721
2026-03-18 04:43:21.762807,0.0,69.05,0.045
2026-03-18 04:43:22.804771,0.0,69.05,0.068
2026-03-18 04:43:23.866264,0.0,69.05,0.0786
2026-03-18 04:43:24.919182,0.0,69.05,0.0465
2026-03-18 04:43:25.969608,0.0,69.05,0.0612
2026-03-18 04:43:27.024529,0.0,69.04,0.046400000000000004
2026-03-18 04:43:28.097043,0.0,69.04,0.05500000000000001
2026-03-18 04:43:29.154877,0.0,69.04,0.0707
2026-03-18 04:43:30.191009,0.0,69.04,0.059
2026-03-18 04:43:31.221512,0.0,69.04,0.0571
2026-03-18 04:43:32.267523,0.0,69.04,0.0514
2026-03-18 04:43:33.318541,0.0,69.04,0.0526
2026-03-18 04:43:34.404127,0.0,69.04,0.058300000000000005
2026-03-18 04:43:35.438807,0.0,69.04,0.0654
2026-03-18 04:43:36.492344,0.0,69.04,0.0479
2026-03-18 04:43:37.548344,0.0,69.04,0.0751
2026-03-18 04:43:38.595516,0.0,69.04,0.06620000000000001
2026-03-18 04:43:39.646982,0.0,69.04,0.0672
2026-03-18 04:43:40.712174,0.0,69.03,0.06760000000000001
2026-03-18 04:43:41.764425,0.0,69.03,0.0536
2026-03-18 04:43:42.829014,0.0,69.03,0.074
2026-03-18 04:43:43.889485,0.0,69.03,0.07100000000000001
2026-03-18 04:43:44.947232,0.0,69.03,0.06609999999999999
2026-03-18 04:43:46.008622,0.0,69.03,0.0681
2026-03-18 04:43:47.065479,0.0,69.03,0.076
2026-03-18 04:43:48.116857,0.0,69.03,0.0772
2026-03-18 04:43:49.171202,0.0,69.03,0.0602
2026-03-18 04:43:50.228561,0.0,69.03,0.061099999999999995
2026-03-18 04:43:51.279008,0.0,69.03,0.0464
2026-03-18 04:43:52.333943,0.0,69.03,0.049100000000000005
2026-03-18 04:43:53.373360,0.0,69.02,0.052199999999999996
2026-03-18 04:43:54.426061,0.0,69.02,0.0606
2026-03-18 04:43:55.464221,0.0,69.02,0.068
2026-03-18 04:43:56.509933,0.0,69.02,0.0658
2026-03-18 04:43:57.564250,0.0,69.02,0.0568
2026-03-18 04:43:58.616087,0.0,69.02,0.07150000000000001
2026-03-18 04:43:59.677844,0.0,69.02,0.0796
2026-03-18 04:44:00.734428,0.0,69.02,0.0481
2026-03-18 04:44:01.788408,0.0,69.02,0.0601
2026-03-18 04:44:02.817419,0.0,69.02,0.06609999999999999
2026-03-18 04:44:04.375557,0.0,69.02,0.048299999999999996
2026-03-18 04:44:06.022052,0.0,69.02,0.0408
2026-03-18 04:44:07.077209,0.0,69.01,0.055099999999999996
2026-03-18 04:44:08.129759,0.0,69.01,0.0685
2026-03-18 04:44:09.180451,0.0,69.01,0.08120000000000001
2026-03-18 04:44:10.232841,0.0,69.01,0.0406
2026-03-18 04:44:11.283552,0.0,69.01,0.0637
2026-03-18 04:44:12.343255,0.0,69.01,0.0606
2026-03-18 04:44:13.409240,0.0,69.01,0.0754
2026-03-18 04:44:14.469874,0.0,69.01,0.0703
2026-03-18 04:44:15.523545,0.0,69.01,0.0523
2026-03-18 04:44:16.592685,0.0,69.01,0.0727
2026-03-18 04:44:17.650222,0.0,69.01,0.058300000000000005
2026-03-18 04:44:18.712104,0.0,69.01,0.050499999999999996
2026-03-18 04:44:19.768723,0.0,69.0,0.0681
2026-03-18 04:44:20.810465,0.0,69.0,0.0664
2026-03-18 04:44:21.872034,0.0,69.0,0.076
2026-03-18 04:44:22.924691,0.0,69.0,0.0474
2026-03-18 04:44:23.989165,0.0,69.0,0.0687
2026-03-18 04:44:25.050518,0.0,69.0,0.0623
2026-03-18 04:44:26.098178,0.0,69.0,0.0732
2026-03-18 04:44:27.158129,0.0,69.0,0.0593
2026-03-18 04:44:28.209416,0.0,69.0,0.0758
2026-03-18 04:44:29.233450,0.0,69.0,0.0735
2026-03-18 04:44:30.278035,0.0,69.0,0.0562
2026-03-18 04:44:31.334048,0.0,69.0,0.0538
2026-03-18 04:44:32.372284,0.0,68.99,0.0724
2026-03-18 04:44:33.428699,0.0,68.99,0.0591
2026-03-18 04:44:34.486195,0.0,68.99,0.058
2026-03-18 04:44:35.533967,0.0,68.99,0.06420000000000001
2026-03-18 04:44:36.591444,0.0,68.99,0.0608
2026-03-18 04:44:37.661157,0.0,68.99,0.0551
2026-03-18 04:44:38.714224,0.0,68.99,0.054099999999999995
2026-03-18 04:44:39.767840,0.0,68.99,0.0704
2026-03-18 04:44:40.811514,0.0,68.99,0.0562
2026-03-18 04:44:41.854244,0.0,68.99,0.0676
2026-03-18 04:44:42.899001,0.0,68.99,0.0539
2026-03-18 04:44:43.940790,0.0,68.99,0.0757
2026-03-18 04:44:44.992019,0.0,68.99,0.0588
2026-03-18 04:44:46.043362,0.0,68.98,0.07110000000000001
2026-03-18 04:44:47.099072,0.0,68.98,0.0682
2026-03-18 04:44:48.149199,0.0,68.98,0.0621
2026-03-18 04:44:49.201594,0.0,68.98,0.0569
2026-03-18 04:44:50.266041,0.0,68.98,0.0558
2026-03-18 04:44:51.305805,0.0,68.98,0.0681
2026-03-18 04:44:52.358534,0.0,68.98,0.0792
2026-03-18 04:44:53.429575,0.0,68.98,0.0503
2026-03-18 04:44:54.490928,0.0,68.98,0.0656
2026-03-18 04:44:55.563040,0.0,68.98,0.0641
2026-03-18 04:44:56.639826,0.0,68.98,0.0731
2026-03-18 04:44:57.704122,0.0,68.98,0.0589
2026-03-18 04:44:58.803598,0.0,68.97,0.0531
2026-03-18 04:44:59.871046,0.0,68.97,0.05550000000000001
2026-03-18 04:45:00.905748,0.0,68.97,0.057300000000000004
2026-03-18 04:45:01.933673,0.0,68.97,0.0766
2026-03-18 04:45:02.964991,0.0,68.97,0.0646
2026-03-18 04:45:04.006508,0.0,68.97,0.0668
2026-03-18 04:45:07.012150,0.0,68.97,0.0815
2026-03-18 04:45:08.180606,0.0,68.97,0.07830000000000001
2026-03-18 04:45:09.245783,0.0,68.97,0.0544
2026-03-18 04:45:10.277403,0.0,68.97,0.0749
2026-03-18 04:45:11.315708,0.0,68.96,0.0659
2026-03-18 04:45:12.352973,0.0,68.96,0.0582
2026-03-18 04:45:13.376623,0.0,68.96,0.0448
2026-03-18 04:45:14.405993,0.0,68.96,0.0819
2026-03-18 04:45:15.453643,0.0,68.96,0.0649
2026-03-18 04:45:16.507481,0.0,68.96,0.0463
2026-03-18 04:45:17.555648,0.0,68.96,0.0593
2026-03-18 04:45:18.595593,0.0,68.96,0.0656
2026-03-18 04:45:19.655729,0.0,68.96,0.0401
2026-03-18 04:45:20.714637,0.0,68.96,0.0474
2026-03-18 04:45:21.757893,0.0,68.96,0.06760000000000001
2026-03-18 04:45:22.792109,0.0,68.96,0.0572
2026-03-18 04:45:23.842810,0.0,68.96,0.0814
2026-03-18 04:45:24.868557,0.0,68.95,0.0479
2026-03-18 04:45:25.909409,0.0,68.95,0.0486
2026-03-18 04:45:26.952105,0.0,68.95,0.0466
2026-03-18 04:45:28.009965,0.0,68.95,0.0505
2026-03-18 04:45:29.057013,0.0,68.95,0.0516
2026-03-18 04:45:30.091989,0.0,68.95,0.0607
2026-03-18 04:45:31.152510,0.0,68.95,0.0762
2026-03-18 04:45:32.184313,0.0,68.95,0.0455
2026-03-18 04:45:33.236330,0.0,68.95,0.0559
2026-03-18 04:45:34.289802,0.0,68.95,0.0739
2026-03-18 04:45:35.338403,0.0,68.95,0.0701
2026-03-18 04:45:36.402170,0.0,68.95,0.0559
2026-03-18 04:45:37.452053,0.0,68.95,0.0766
2026-03-18 04:45:38.500748,0.0,68.94,0.054000000000000006
2026-03-18 04:45:39.539334,0.0,68.94,0.06470000000000001
2026-03-18 04:45:40.581744,0.0,68.94,0.0476
2026-03-18 04:45:41.639807,0.0,68.94,0.0676
2026-03-18 04:45:42.692879,0.0,68.94,0.0761
2026-03-18 04:45:43.743028,0.0,68.94,0.0752
2026-03-18 04:45:44.793836,0.0,68.94,0.0606
2026-03-18 04:45:45.844412,0.0,68.94,0.0711
2026-03-18 04:45:46.889742,0.0,68.94,0.0475
2026-03-18 04:45:47.945622,0.0,68.94,0.0614
2026-03-18 04:45:49.001832,0.0,68.94,0.0706
2026-03-18 04:45:50.040772,0.0,68.94,0.0799
2026-03-18 04:45:51.065534,0.0,68.93,0.0523
2026-03-18 04:45:52.114725,0.0,68.93,0.062
2026-03-18 04:45:53.158548,0.0,68.93,0.0859
2026-03-18 04:45:54.193144,0.0,68.93,0.0487
2026-03-18 04:45:55.247982,0.0,68.93,0.0738
2026-03-18 04:45:56.305806,0.0,68.93,0.06609999999999999
2026-03-18 04:45:57.359158,0.0,68.93,0.048600000000000004
2026-03-18 04:45:58.409766,0.0,68.93,0.0739
2026-03-18 04:45:59.468345,0.0,68.93,0.074
2026-03-18 04:46:00.524959,0.0,68.93,0.0673
2026-03-18 04:46:01.574624,0.0,68.93,0.0719
2026-03-18 04:46:02.616504,0.0,68.93,0.058300000000000005
2026-03-18 04:46:03.664210,0.0,68.92,0.0704
2026-03-18 04:46:05.806803,0.0,68.92,0.0699
2026-03-18 04:46:06.839935,0.0,68.92,0.0574
2026-03-18 04:46:07.879812,0.0,68.92,0.0552
2026-03-18 04:46:08.929481,0.0,68.92,0.0557
2026-03-18 04:46:09.993289,0.0,68.92,0.0523
2026-03-18 04:46:11.049465,0.0,68.92,0.057499999999999996
2026-03-18 04:46:12.113591,0.0,68.92,0.0557
2026-03-18 04:46:13.164210,0.0,68.92,0.0574
2026-03-18 04:46:14.214963,0.0,68.92,0.0594
2026-03-18 04:46:15.269035,0.0,68.92,0.0857
2026-03-18 04:46:16.308561,0.0,68.91,0.0726
2026-03-18 04:46:17.362105,0.0,68.91,0.0675
2026-03-18 04:46:18.416061,0.0,68.91,0.0657
2026-03-18 04:46:19.481287,0.0,68.91,0.0503
2026-03-18 04:46:20.534588,0.0,68.91,0.0647
2026-03-18 04:46:21.583285,0.0,68.91,0.068
2026-03-18 04:46:22.637919,0.0,68.91,0.0577
2026-03-18 04:46:23.697228,0.0,68.91,0.0678
2026-03-18 04:46:24.759797,0.0,68.91,0.06130000000000001
2026-03-18 04:46:25.821182,0.0,68.91,0.0692
2026-03-18 04:46:26.870000,0.0,68.91,0.06509999999999999
2026-03-18 04:46:27.923940,0.0,68.91,0.0702
2026-03-18 04:46:28.978754,0.0,68.9,0.0707
2026-03-18 04:46:30.034242,0.0,68.9,0.07869999999999999
2026-03-18 04:46:31.081534,0.0,68.9,0.048
2026-03-18 04:46:32.139625,0.0,68.9,0.0606
2026-03-18 04:46:33.189610,0.0,68.9,0.0649
2026-03-18 04:46:34.243010,0.0,68.9,0.0645
2026-03-18 04:46:35.292936,0.0,68.9,0.0527
2026-03-18 04:46:36.330168,0.0,68.9,0.0461
2026-03-18 04:46:37.382266,0.0,68.9,0.0442
2026-03-18 04:46:38.437368,0.0,68.9,0.0526
2026-03-18 04:46:39.501410,0.0,68.9,0.0769
2026-03-18 04:46:40.560370,0.0,68.9,0.0734
2026-03-18 04:46:41.629082,0.0,68.9,0.0716
2026-03-18 04:46:42.679824,0.0,68.89,0.059199999999999996
2026-03-18 04:46:43.730439,0.0,68.89,0.0577
2026-03-18 04:46:44.785183,0.0,68.89,0.0653
2026-03-18 04:46:45.842533,0.0,68.89,0.053
2026-03-18 04:46:46.874983,0.0,68.89,0.048299999999999996
2026-03-18 04:46:47.926583,0.0,68.89,0.0738
2026-03-18 04:46:48.979285,0.0,68.89,0.0787
2026-03-18 04:46:50.012556,0.0,68.89,0.0836
2026-03-18 04:46:51.067115,0.0,68.89,0.0705
2026-03-18 04:46:52.117107,0.0,68.89,0.0465
2026-03-18 04:46:53.162781,0.0,68.89,0.0596
2026-03-18 04:46:54.219298,0.0,68.89,0.0752
2026-03-18 04:46:55.275375,0.0,68.88,0.0512
2026-03-18 04:46:56.323551,0.0,68.88,0.0677
2026-03-18 04:46:57.379335,0.0,68.88,0.0823
2026-03-18 04:46:58.431728,0.0,68.88,0.0672
2026-03-18 04:46:59.485152,0.0,68.88,0.0625
2026-03-18 04:47:00.538079,0.0,68.88,0.0708
2026-03-18 04:47:01.596944,0.0,68.88,0.0633
2026-03-18 04:47:02.650505,0.0,68.88,0.0699
2026-03-18 04:47:03.820502,0.0,68.88,0.07
2026-03-18 04:47:05.763595,0.0,68.88,0.0531
2026-03-18 04:47:06.811874,0.0,68.88,0.0691
2026-03-18 04:47:07.851316,0.0,68.87,0.0559
2026-03-18 04:47:08.909328,0.0,68.87,0.0511
2026-03-18 04:47:09.964209,0.0,68.87,0.0641
2026-03-18 04:47:11.025617,0.0,68.87,0.0481
2026-03-18 04:47:12.076703,0.0,68.87,0.0468
2026-03-18 04:47:13.133872,0.0,68.87,0.06620000000000001
2026-03-18 04:47:14.181349,0.0,68.87,0.044700000000000004
2026-03-18 04:47:15.236143,0.0,68.87,0.0701
2026-03-18 04:47:16.302017,0.0,68.87,0.0742
2026-03-18 04:47:17.348196,0.0,68.87,0.0572
2026-03-18 04:47:18.401117,0.0,68.87,0.06280000000000001
2026-03-18 04:47:19.454523,0.0,68.87,0.060200000000000004
2026-03-18 04:47:20.512515,0.0,68.87,0.0419
2026-03-18 04:47:21.564521,0.0,68.87,0.0765
2026-03-18 04:47:22.615204,0.0,68.86,0.0697
2026-03-18 04:47:23.665825,0.0,68.86,0.0492
2026-03-18 04:47:24.699287,0.0,68.86,0.0774
2026-03-18 04:47:25.773251,0.0,68.86,0.0629
2026-03-18 04:47:26.844726,0.0,68.86,0.0584
2026-03-18 04:47:27.911074,0.0,68.86,0.0451
2026-03-18 04:47:28.945825,0.0,68.86,0.06319999999999999
2026-03-18 04:47:29.973613,0.0,68.86,0.0711
2026-03-18 04:47:31.030721,0.0,68.86,0.0783
2026-03-18 04:47:32.079124,0.0,68.86,0.0629
2026-03-18 04:47:33.106259,0.0,68.86,0.0445
2026-03-18 04:47:34.160118,0.0,68.86,0.047200000000000006
2026-03-18 04:47:35.189610,0.0,68.86,0.0474
2026-03-18 04:47:36.249812,0.0,68.85,0.07390000000000001
2026-03-18 04:47:37.288164,0.0,68.85,0.0512
2026-03-18 04:47:38.325685,0.0,68.85,0.0451
2026-03-18 04:47:39.354913,0.0,68.85,0.0775
2026-03-18 04:47:40.389926,0.0,68.85,0.0535
2026-03-18 04:47:41.423473,0.0,68.85,0.0482
2026-03-18 04:47:42.452281,0.0,68.85,0.0444
2026-03-18 04:47:43.516678,0.0,68.85,0.0479
2026-03-18 04:47:44.549576,0.0,68.85,0.044
2026-03-18 04:47:45.582863,0.0,68.85,0.060899999999999996
2026-03-18 04:47:46.613891,0.0,68.85,0.0715
2026-03-18 04:47:47.642818,0.0,68.85,0.0767
2026-03-18 04:47:48.671601,0.0,68.85,0.0509
2026-03-18 04:47:49.716544,0.0,68.84,0.0828
2026-03-18 04:47:50.775338,0.0,68.84,0.0501
2026-03-18 04:47:51.805006,0.0,68.84,0.0463
2026-03-18 04:47:52.835903,0.0,68.84,0.0623
2026-03-18 04:47:53.860506,0.0,68.84,0.062
2026-03-18 04:47:54.889744,0.0,68.84,0.0613
2026-03-18 04:47:55.919845,0.0,68.84,0.0492
2026-03-18 04:47:56.957056,0.0,68.84,0.0564
2026-03-18 04:47:57.991714,0.0,68.84,0.062299999999999994
2026-03-18 04:47:59.051441,0.0,68.84,0.054599999999999996
2026-03-18 04:48:00.119688,0.0,68.84,0.0507
2026-03-18 04:48:01.155989,0.0,68.84,0.0508
2026-03-18 04:48:02.189215,0.0,68.84,0.0574
2026-03-18 04:48:03.226559,0.0,68.84,0.0608
2026-03-18 04:48:04.816045,0.0,68.83,0.0446
2026-03-18 04:48:06.678801,0.0,68.83,0.052199999999999996
2026-03-18 04:48:07.709348,0.0,68.83,0.0636
2026-03-18 04:48:08.742825,0.0,68.83,0.0696
2026-03-18 04:48:09.787798,0.0,68.83,0.0572
2026-03-18 04:48:10.819111,0.0,68.83,0.0611
2026-03-18 04:48:11.846723,0.0,68.83,0.055600000000000004
2026-03-18 04:48:12.877422,0.0,68.83,0.0606
2026-03-18 04:48:13.927147,0.0,68.83,0.0674
2026-03-18 04:48:14.971816,0.0,68.83,0.0672
2026-03-18 04:48:16.003524,0.0,68.83,0.0737
2026-03-18 04:48:17.036195,0.0,68.83,0.0611
2026-03-18 04:48:18.068441,0.0,68.82,0.08689999999999999
2026-03-18 04:48:19.097015,0.0,68.82,0.0729
2026-03-18 04:48:20.132692,0.0,68.82,0.0706
2026-03-18 04:48:21.155693,0.0,68.82,0.0695
2026-03-18 04:48:22.182572,0.0,68.82,0.0704
2026-03-18 04:48:23.218089,0.0,68.82,0.0622
2026-03-18 04:48:24.248732,0.0,68.82,0.056900000000000006
2026-03-18 04:48:25.276357,0.0,68.82,0.0825
2026-03-18 04:48:26.310058,0.0,68.82,0.0707
2026-03-18 04:48:27.344986,0.0,68.82,0.066
2026-03-18 04:48:28.394546,0.0,68.82,0.0699
2026-03-18 04:48:29.423451,0.0,68.81,0.065
2026-03-18 04:48:30.462239,0.0,68.81,0.06520000000000001
2026-03-18 04:48:31.488372,0.0,68.81,0.057699999999999994
2026-03-18 04:48:32.514647,0.0,68.81,0.0598
2026-03-18 04:48:33.550248,0.0,68.81,0.0698
2026-03-18 04:48:34.628388,0.0,68.81,0.0762
2026-03-18 04:48:35.703402,0.0,68.81,0.057100000000000005
2026-03-18 04:48:36.738522,0.0,68.81,0.0547
2026-03-18 04:48:37.768855,0.0,68.81,0.0675
2026-03-18 04:48:38.805485,0.0,68.81,0.0574
2026-03-18 04:48:39.837339,0.0,68.81,0.0523
2026-03-18 04:48:40.871157,0.0,68.81,0.0825
2026-03-18 04:48:41.974123,0.0,68.81,0.063
2026-03-18 04:48:43.014896,0.0,68.8,0.0556
2026-03-18 04:48:46.864765,0.0,69.95,0.0622
2026-03-18 04:48:47.920819,0.0,69.95,0.075
2026-03-18 04:48:48.951198,0.0,69.95,0.0759
2026-03-18 04:48:51.314457,0.0,69.96,0.049
2026-03-18 04:48:53.895335,0.0,69.95,0.0626
2026-03-18 04:48:54.953143,0.0,69.95,0.0779
2026-03-18 04:48:55.994781,0.0,69.95,0.0676
2026-03-18 04:48:57.026862,0.0,69.95,0.0566
2026-03-18 04:48:58.070249,0.0,69.95,0.0669
2026-03-18 04:48:59.104515,0.0,69.95,0.0678
2026-03-18 04:49:00.152608,0.0,69.95,0.0868
2026-03-18 04:49:01.184720,0.0,69.95,0.0568
2026-03-18 04:49:02.221577,0.0,69.95,0.068
2026-03-18 04:49:04.700749,0.0,69.96,0.052000000000000005
2026-03-18 04:49:07.528271,0.0,69.96,0.0669
2026-03-18 04:49:08.569826,0.0,69.96,0.06609999999999999
2026-03-18 04:49:09.609313,0.0,69.96,0.0701
2026-03-18 04:49:10.633625,0.0,69.96,0.056
2026-03-18 04:49:11.658453,0.0,69.96,0.06129999999999999
2026-03-18 04:49:12.694606,0.0,69.96,0.060899999999999996
2026-03-18 04:49:13.737945,0.0,69.95,0.0726
2026-03-18 04:49:14.761695,0.0,69.95,0.0707
2026-03-18 04:49:15.793143,0.0,69.95,0.0461
2026-03-18 04:49:16.818794,0.0,69.95,0.0682
2026-03-18 04:49:17.850222,0.0,69.95,0.057300000000000004
2026-03-18 04:49:18.882380,0.0,69.95,0.0755
2026-03-18 04:49:19.912488,0.0,69.95,0.0511
2026-03-18 04:49:20.936845,0.0,69.95,0.0718
2026-03-18 04:49:21.971316,0.0,69.95,0.0573
2026-03-18 04:49:23.005603,0.0,69.95,0.059000000000000004
2026-03-18 04:49:24.033428,0.0,69.95,0.0574
2026-03-18 04:49:25.064747,0.0,69.95,0.0738
2026-03-18 04:49:26.090843,0.0,69.95,0.0475
2026-03-18 04:49:27.146206,0.0,69.94,0.051500000000000004
2026-03-18 04:49:28.197237,0.0,69.94,0.0821
2026-03-18 04:49:29.245995,0.0,69.94,0.0825
2026-03-18 04:49:30.271942,0.0,69.94,0.052399999999999995
2026-03-18 04:49:31.297996,0.0,69.94,0.0727
2026-03-18 04:49:32.331064,0.0,69.94,0.0685
2026-03-18 04:49:33.367614,0.0,69.94,0.0421
2026-03-18 04:49:34.407237,0.0,69.94,0.0735
2026-03-18 04:49:35.441855,0.0,69.94,0.07819999999999999
2026-03-18 04:49:36.476164,0.0,69.94,0.06620000000000001
2026-03-18 04:49:37.520247,0.0,69.94,0.0638
2026-03-18 04:49:38.572057,0.0,69.94,0.0524
2026-03-18 04:49:39.605581,0.0,69.94,0.0427
2026-03-18 04:49:40.638218,0.0,69.93,0.0545
2026-03-18 04:49:41.671121,0.0,69.93,0.0429
2026-03-18 04:49:42.704361,0.0,69.93,0.07139999999999999
2026-03-18 04:49:43.737843,0.0,69.93,0.0644
2026-03-18 04:49:44.774261,0.0,69.93,0.0427
2026-03-18 04:49:45.832699,0.0,69.93,0.0591
2026-03-18 04:49:46.867275,0.0,69.93,0.0607
2026-03-18 04:49:47.902509,0.0,69.93,0.0554
2026-03-18 04:49:48.940742,0.0,69.93,0.0723
2026-03-18 04:49:49.980844,0.0,69.93,0.0727
2026-03-18 04:49:51.022320,0.0,69.93,0.059199999999999996
2026-03-18 04:49:52.063608,0.0,69.93,0.0635
2026-03-18 04:49:53.120604,0.0,69.93,0.0726
2026-03-18 04:49:54.154412,0.0,69.92,0.059800000000000006
2026-03-18 04:49:55.188088,0.0,69.92,0.0746
2026-03-18 04:49:56.231550,0.0,69.92,0.0788
2026-03-18 04:49:57.260696,0.0,69.92,0.0645
2026-03-18 04:49:58.297821,0.0,69.92,0.0579
2026-03-18 04:49:59.338399,0.0,69.92,0.0679
2026-03-18 04:50:00.373161,0.0,69.92,0.0517
2026-03-18 04:50:01.411388,0.0,69.92,0.0619
2026-03-18 04:50:02.472798,0.0,69.92,0.0659
2026-03-18 04:50:03.521084,0.0,69.92,0.0636
2026-03-18 04:50:06.192179,0.0,69.92,0.0476
2026-03-18 04:50:07.248147,0.0,69.91,0.0475
2026-03-18 04:50:08.283252,0.0,69.91,0.0611
2026-03-18 04:50:09.321918,0.0,69.91,0.0771
2026-03-18 04:50:10.361769,0.0,69.91,0.06839999999999999
2026-03-18 04:50:11.405066,0.0,69.91,0.0701
2026-03-18 04:50:12.446377,0.0,69.91,0.064
2026-03-18 04:50:13.482511,0.0,69.91,0.053899999999999997
2026-03-18 04:50:14.552713,0.0,69.91,0.069
2026-03-18 04:50:15.595069,0.0,69.91,0.0427
2026-03-18 04:50:16.632915,0.0,69.91,0.0834
2026-03-18 04:50:17.689751,0.0,69.91,0.0862
2026-03-18 04:50:18.741290,0.0,69.91,0.0652
2026-03-18 04:50:19.780495,0.0,69.9,0.0706
2026-03-18 04:50:20.818113,0.0,69.9,0.0581
2026-03-18 04:50:21.852349,0.0,69.9,0.0456
2026-03-18 04:50:22.893145,0.0,69.9,0.057999999999999996
2026-03-18 04:50:23.949736,0.0,69.9,0.0696
2026-03-18 04:50:25.001199,0.0,69.9,0.0664
2026-03-18 04:50:26.038462,0.0,69.9,0.0564
2026-03-18 04:50:27.079860,0.0,69.9,0.0727
2026-03-18 04:50:28.111179,0.0,69.9,0.0504
2026-03-18 04:50:29.156923,0.0,69.9,0.0754
2026-03-18 04:50:30.225273,0.0,69.9,0.0586
2026-03-18 04:50:31.299789,0.0,69.9,0.0438
2026-03-18 04:50:32.348275,0.0,69.9,0.0697
2026-03-18 04:50:33.387727,0.0,69.89,0.0651
2026-03-18 04:50:34.461643,0.0,69.89,0.0605
2026-03-18 04:50:35.514115,0.0,69.89,0.0761
2026-03-18 04:50:36.587757,0.0,69.89,0.0464
2026-03-18 04:50:37.614296,0.0,69.89,0.0547
2026-03-18 04:50:38.651942,0.0,69.89,0.061900000000000004
2026-03-18 04:50:39.690564,0.0,69.89,0.0634
2026-03-18 04:50:40.728211,0.0,69.89,0.0736
2026-03-18 04:50:41.781677,0.0,69.89,0.0686
2026-03-18 04:50:42.821252,0.0,69.89,0.0653
2026-03-18 04:50:43.875538,0.0,69.89,0.0758
2026-03-18 04:50:44.946809,0.0,69.89,0.0582
2026-03-18 04:50:45.983971,0.0,69.88,0.0737
2026-03-18 04:50:47.035379,0.0,69.88,0.0594
2026-03-18 04:50:48.086809,0.0,69.88,0.051
2026-03-18 04:50:49.142097,0.0,69.88,0.0717
2026-03-18 04:50:50.196053,0.0,69.88,0.0632
2026-03-18 04:50:51.249411,0.0,69.88,0.048
2026-03-18 04:50:52.297255,0.0,69.88,0.0562
2026-03-18 04:50:53.356085,0.0,69.88,0.06820000000000001
2026-03-18 04:50:54.404820,0.0,69.88,0.0702
2026-03-18 04:50:55.439058,0.0,69.88,0.07390000000000001
2026-03-18 04:50:56.491391,0.0,69.88,0.0677
2026-03-18 04:50:57.561439,0.0,69.88,0.0667
2026-03-18 04:50:58.605837,0.0,69.87,0.0751
2026-03-18 04:50:59.645640,0.0,69.87,0.0648
2026-03-18 04:51:00.701071,0.0,69.87,0.0498
2026-03-18 04:51:01.757958,0.0,69.87,0.0493
2026-03-18 04:51:02.807222,0.0,69.87,0.0644
2026-03-18 04:51:03.866374,0.0,69.87,0.07390000000000001
2026-03-18 04:51:05.824970,0.0,69.87,0.0655
2026-03-18 04:51:06.883268,0.0,69.87,0.0674
2026-03-18 04:51:07.923803,0.0,69.87,0.0456
2026-03-18 04:51:08.990473,0.0,69.87,0.0511
2026-03-18 04:51:10.040584,0.0,69.87,0.047599999999999996
2026-03-18 04:51:11.096275,0.0,69.87,0.0434
2026-03-18 04:51:12.146605,0.0,69.87,0.0566
2026-03-18 04:51:13.203817,0.0,69.86,0.0738
2026-03-18 04:51:14.240465,0.0,69.86,0.0679
2026-03-18 04:51:15.289906,0.0,69.86,0.0863
2026-03-18 04:51:16.349100,0.0,69.86,0.07390000000000001
2026-03-18 04:51:17.415969,0.0,69.86,0.0678
2026-03-18 04:51:18.465015,0.0,69.86,0.0531
2026-03-18 04:51:19.516735,0.0,69.86,0.052
2026-03-18 04:51:20.569217,0.0,69.86,0.046
2026-03-18 04:51:21.626134,0.0,69.86,0.0697
2026-03-18 04:51:22.675267,0.0,69.86,0.0644
2026-03-18 04:51:23.725114,0.0,69.86,0.062
2026-03-18 04:51:24.776238,0.0,69.86,0.0383
2026-03-18 04:51:25.827066,0.0,69.85,0.0687
2026-03-18 04:51:26.894280,0.0,69.85,0.07239999999999999
2026-03-18 04:51:27.952452,0.0,69.85,0.064
2026-03-18 04:51:29.003281,0.0,69.85,0.0717
2026-03-18 04:51:30.059955,0.0,69.85,0.0527
2026-03-18 04:51:31.112796,0.0,69.85,0.0633
2026-03-18 04:51:32.168073,0.0,69.85,0.0805
2026-03-18 04:51:33.235110,0.0,69.85,0.0562
2026-03-18 04:51:34.284539,0.0,69.85,0.0743
2026-03-18 04:51:35.312149,0.0,69.85,0.0591
2026-03-18 04:51:36.373867,0.0,69.85,0.0454
2026-03-18 04:51:37.422777,0.0,69.85,0.0465
2026-03-18 04:51:38.464943,0.0,69.85,0.0429
2026-03-18 04:51:39.517145,0.0,69.84,0.039
2026-03-18 04:51:40.578275,0.0,69.84,0.0635
2026-03-18 04:51:41.632268,0.0,69.84,0.0431
2026-03-18 04:51:42.680461,0.0,69.84,0.07880000000000001
2026-03-18 04:51:43.736400,0.0,69.84,0.0699
2026-03-18 04:51:44.768014,0.0,69.84,0.0658
2026-03-18 04:51:45.810606,0.0,69.84,0.062200000000000005
2026-03-18 04:51:46.849335,0.0,69.84,0.0722
2026-03-18 04:51:47.912457,0.0,69.84,0.0617
2026-03-18 04:51:48.968314,0.0,69.84,0.0646
2026-03-18 04:51:50.026995,0.0,69.84,0.0628
2026-03-18 04:51:51.082897,0.0,69.84,0.059699999999999996
2026-03-18 04:51:52.131852,0.0,69.83,0.0511
2026-03-18 04:51:53.177238,0.0,69.83,0.0722
2026-03-18 04:51:54.230467,0.0,69.83,0.072
2026-03-18 04:51:55.285244,0.0,69.83,0.0647
2026-03-18 04:51:56.311875,0.0,69.83,0.064
2026-03-18 04:51:57.357847,0.0,69.83,0.0582
2026-03-18 04:51:58.393409,0.0,69.83,0.0518
2026-03-18 04:51:59.441050,0.0,69.83,0.0601
2026-03-18 04:52:00.485057,0.0,69.83,0.049999999999999996
2026-03-18 04:52:01.532610,0.0,69.83,0.046400000000000004
2026-03-18 04:52:02.584435,0.0,69.83,0.0439
2026-03-18 04:52:03.638892,0.0,69.83,0.0637
2026-03-18 04:52:05.338946,0.0,69.83,0.0757
2026-03-18 04:52:06.388556,0.0,69.82,0.0432
2026-03-18 04:52:07.444550,0.0,69.82,0.0441
2026-03-18 04:52:08.493506,0.0,69.82,0.0436
2026-03-18 04:52:09.545842,0.0,69.82,0.057
2026-03-18 04:52:10.606169,0.0,69.82,0.07089999999999999
2026-03-18 04:52:11.658806,0.0,69.82,0.062200000000000005
2026-03-18 04:52:12.714203,0.0,69.82,0.0485
2026-03-18 04:52:13.785813,0.0,69.82,0.0518
2026-03-18 04:52:14.838229,0.0,69.82,0.0629
2026-03-18 04:52:15.886435,0.0,69.82,0.0531
2026-03-18 04:52:16.937243,0.0,69.82,0.0529
2026-03-18 04:52:17.996206,0.0,69.82,0.0618
2026-03-18 04:52:19.049942,0.0,69.82,0.056499999999999995
2026-03-18 04:52:20.094210,0.0,69.82,0.0659
2026-03-18 04:52:21.119302,0.0,69.81,0.0505
2026-03-18 04:52:22.169645,0.0,69.81,0.0641
2026-03-18 04:52:23.232617,0.0,69.81,0.0604
2026-03-18 04:52:24.283954,0.0,69.81,0.0709
2026-03-18 04:52:25.335096,0.0,69.81,0.0572
2026-03-18 04:52:26.393468,0.0,69.81,0.0706
2026-03-18 04:52:27.455966,0.0,69.81,0.0503
2026-03-18 04:52:28.529825,0.0,69.81,0.0653
2026-03-18 04:52:29.579579,0.0,69.81,0.0675
2026-03-18 04:52:30.634645,0.0,69.81,0.0708
2026-03-18 04:52:31.687411,0.0,69.81,0.048100000000000004
2026-03-18 04:52:32.743273,0.0,69.81,0.0631
2026-03-18 04:52:33.797069,0.0,69.8,0.0596
2026-03-18 04:52:34.849274,0.0,69.8,0.077
2026-03-18 04:52:35.903842,0.0,69.8,0.0682
2026-03-18 04:52:36.974305,0.0,69.8,0.0608
2026-03-18 04:52:38.030984,0.0,69.8,0.07200000000000001
2026-03-18 04:52:39.078987,0.0,69.8,0.054
2026-03-18 04:52:40.131174,0.0,69.8,0.07769999999999999
2026-03-18 04:52:41.180216,0.0,69.8,0.062299999999999994
2026-03-18 04:52:42.231493,0.0,69.8,0.0478
2026-03-18 04:52:43.279988,0.0,69.8,0.0769
2026-03-18 04:52:44.330539,0.0,69.8,0.0692
2026-03-18 04:52:45.365709,0.0,69.8,0.0465
2026-03-18 04:52:46.406134,0.0,69.8,0.0476
2026-03-18 04:52:47.455149,0.0,69.79,0.0589
2026-03-18 04:52:48.505817,0.0,69.79,0.0698
2026-03-18 04:52:49.554561,0.0,69.79,0.0602
2026-03-18 04:52:50.611489,0.0,69.79,0.06960000000000001
2026-03-18 04:52:51.694781,0.0,69.79,0.061
2026-03-18 04:52:52.737797,0.0,69.79,0.0523
2026-03-18 04:52:53.790032,0.0,69.79,0.0583
2026-03-18 04:52:54.845559,0.0,69.79,0.0787
2026-03-18 04:52:55.888026,0.0,69.79,0.0741
2026-03-18 04:52:56.940789,0.0,69.79,0.0721
2026-03-18 04:52:57.991206,0.0,69.79,0.0448
2026-03-18 04:52:59.035148,0.0,69.79,0.0474
2026-03-18 04:53:00.092288,0.0,69.78,0.058800000000000005
2026-03-18 04:53:01.152042,0.0,69.78,0.07150000000000001
2026-03-18 04:53:02.205239,0.0,69.78,0.061900000000000004
2026-03-18 04:53:03.255277,0.0,69.78,0.0879
2026-03-18 04:53:04.421728,0.0,69.78,0.0514
2026-03-18 04:53:06.254011,0.0,69.78,0.0564
2026-03-18 04:53:07.303500,0.0,69.78,0.0817
2026-03-18 04:53:08.353720,0.0,69.78,0.0711
2026-03-18 04:53:09.408856,0.0,69.78,0.07680000000000001
2026-03-18 04:53:10.437000,0.0,69.78,0.0581
2026-03-18 04:53:11.470068,0.0,69.78,0.0745
2026-03-18 04:53:12.502487,0.0,69.77,0.0406
2026-03-18 04:53:13.552055,0.0,69.77,0.0714
2026-03-18 04:53:14.606189,0.0,69.77,0.0484
2026-03-18 04:53:15.658231,0.0,69.77,0.0675
2026-03-18 04:53:16.694855,0.0,69.77,0.0615
2026-03-18 04:53:17.736116,0.0,69.77,0.0601
2026-03-18 04:53:18.798225,0.0,69.77,0.0504
2026-03-18 04:53:19.855037,0.0,69.77,0.06960000000000001
2026-03-18 04:53:20.908207,0.0,69.77,0.0528
2026-03-18 04:53:21.954699,0.0,69.77,0.0751
2026-03-18 04:53:22.982900,0.0,69.77,0.054099999999999995
2026-03-18 04:53:24.027044,0.0,69.77,0.0853
2026-03-18 04:53:25.070575,0.0,69.77,0.0746
2026-03-18 04:53:26.143192,0.0,69.76,0.0599
2026-03-18 04:53:27.203680,0.0,69.76,0.0811
2026-03-18 04:53:28.239894,0.0,69.76,0.0683
2026-03-18 04:53:29.266178,0.0,69.76,0.051500000000000004
2026-03-18 04:53:30.292914,0.0,69.76,0.060700000000000004
2026-03-18 04:53:31.320764,0.0,69.76,0.059
2026-03-18 04:53:32.348541,0.0,69.76,0.06760000000000001
2026-03-18 04:53:33.392156,0.0,69.76,0.0681
2026-03-18 04:53:34.424536,0.0,69.76,0.0521
2026-03-18 04:53:35.463451,0.0,69.76,0.0716
2026-03-18 04:53:36.496441,0.0,69.76,0.0634
2026-03-18 04:53:39.526343,0.0,69.96,0.0609
2026-03-18 04:53:41.334022,0.0,69.95,0.0658
2026-03-18 04:53:42.369778,0.0,69.95,0.07
2026-03-18 04:53:43.430758,0.0,69.95,0.0688
2026-03-18 04:53:44.481646,0.0,69.95,0.0612
2026-03-18 04:53:45.556400,0.0,69.95,0.0666
2026-03-18 04:53:46.585157,0.0,69.95,0.055900000000000005
2026-03-18 04:53:47.616933,0.0,69.95,0.0392
2026-03-18 04:53:48.666323,0.0,69.95,0.0559
2026-03-18 04:53:49.722814,0.0,69.95,0.064
2026-03-18 04:53:50.755711,0.0,69.94,0.0766
2026-03-18 04:53:51.796987,0.0,69.94,0.0654
2026-03-18 04:53:52.832927,0.0,69.94,0.0788
2026-03-18 04:53:53.882686,0.0,69.94,0.048100000000000004
2026-03-18 04:53:54.935049,0.0,69.94,0.0713
2026-03-18 04:53:55.988260,0.0,69.94,0.0632
2026-03-18 04:53:57.035362,0.0,69.94,0.0528
2026-03-18 04:53:58.085413,0.0,69.94,0.0646
2026-03-18 04:53:59.143382,0.0,69.94,0.0605
2026-03-18 04:54:00.202006,0.0,69.94,0.0779
2026-03-18 04:54:01.255822,0.0,69.94,0.0812
2026-03-18 04:54:02.310518,0.0,69.94,0.0742
2026-03-18 04:54:03.363547,0.0,69.93,0.07050000000000001
2026-03-18 04:54:05.444549,0.0,69.93,0.0744
2026-03-18 04:54:06.473406,0.0,69.93,0.052
2026-03-18 04:54:07.501101,0.0,69.93,0.048
2026-03-18 04:54:08.549537,0.0,69.93,0.0616
2026-03-18 04:54:09.598942,0.0,69.93,0.0613
2026-03-18 04:54:10.638467,0.0,69.93,0.0442
2026-03-18 04:54:11.689878,0.0,69.93,0.0774
2026-03-18 04:54:12.744828,0.0,69.93,0.0786
2026-03-18 04:54:13.777214,0.0,69.93,0.0455
2026-03-18 04:54:14.837575,0.0,69.93,0.0709
2026-03-18 04:54:15.887471,0.0,69.92,0.0614
2026-03-18 04:54:16.937258,0.0,69.92,0.0529
2026-03-18 04:54:17.995185,0.0,69.92,0.0572
2026-03-18 04:54:19.054100,0.0,69.92,0.0748
2026-03-18 04:54:20.095206,0.0,69.92,0.0634
2026-03-18 04:54:21.147808,0.0,69.92,0.0649
2026-03-18 04:54:22.202232,0.0,69.92,0.0643
2026-03-18 04:54:23.257366,0.0,69.92,0.043500000000000004
2026-03-18 04:54:24.312225,0.0,69.92,0.047099999999999996
2026-03-18 04:54:25.359211,0.0,69.92,0.0632
2026-03-18 04:54:26.413111,0.0,69.92,0.0536
2026-03-18 04:54:27.462145,0.0,69.92,0.046
2026-03-18 04:54:28.513866,0.0,69.92,0.0703
2026-03-18 04:54:29.578837,0.0,69.91,0.0737
2026-03-18 04:54:30.631537,0.0,69.91,0.0495
2026-03-18 04:54:31.684757,0.0,69.91,0.0573
2026-03-18 04:54:32.716311,0.0,69.91,0.0648
2026-03-18 04:54:33.762439,0.0,69.91,0.0528
2026-03-18 04:54:34.815414,0.0,69.91,0.0443
2026-03-18 04:54:35.876127,0.0,69.91,0.056400000000000006
2026-03-18 04:54:36.932635,0.0,69.91,0.0568
2026-03-18 04:54:37.985565,0.0,69.91,0.05840000000000001
2026-03-18 04:54:39.043238,0.0,69.91,0.07930000000000001
2026-03-18 04:54:40.101869,0.0,69.91,0.0687
2026-03-18 04:54:41.154996,0.0,69.91,0.0619
2026-03-18 04:54:42.205603,0.0,69.91,0.056400000000000006
2026-03-18 04:54:43.273794,0.0,69.91,0.06369999999999999
2026-03-18 04:54:44.318918,0.0,69.9,0.0805
2026-03-18 04:54:45.380583,0.0,69.9,0.0534
2026-03-18 04:54:46.437176,0.0,69.9,0.0649
2026-03-18 04:54:47.487396,0.0,69.9,0.0681
2026-03-18 04:54:48.537993,0.0,69.9,0.0559
2026-03-18 04:54:49.601113,0.0,69.9,0.0654
2026-03-18 04:54:50.655774,0.0,69.9,0.0665
2026-03-18 04:54:51.684495,0.0,69.9,0.0811
2026-03-18 04:54:52.738487,0.0,69.9,0.0737
2026-03-18 04:54:53.793576,0.0,69.9,0.0737
2026-03-18 04:54:54.858684,0.0,69.9,0.0482
2026-03-18 04:54:55.918050,0.0,69.89,0.051699999999999996
2026-03-18 04:54:56.971397,0.0,69.89,0.0736
2026-03-18 04:54:58.024949,0.0,69.89,0.0725
2026-03-18 04:54:59.077288,0.0,69.89,0.0503
2026-03-18 04:55:00.111728,0.0,69.89,0.0668
2026-03-18 04:55:01.150049,0.0,69.89,0.0681
2026-03-18 04:55:02.211796,0.0,69.89,0.0479
2026-03-18 04:55:03.241563,0.0,69.89,0.0545
2026-03-18 04:55:04.623078,0.0,69.89,0.0704
2026-03-18 04:55:06.762555,0.0,69.89,0.045200000000000004
2026-03-18 04:55:07.802006,0.0,69.89,0.0715
2026-03-18 04:55:08.835120,0.0,69.89,0.08689999999999999
2026-03-18 04:55:09.871212,0.0,69.88,0.0741
2026-03-18 04:55:10.916209,0.0,69.88,0.0497
2026-03-18 04:55:11.977370,0.0,69.88,0.0766
2026-03-18 04:55:13.022816,0.0,69.88,0.0528
2026-03-18 04:55:14.070392,0.0,69.88,0.074
2026-03-18 04:55:15.130241,0.0,69.88,0.0472
2026-03-18 04:55:16.184163,0.0,69.88,0.06709999999999999
2026-03-18 04:55:17.237409,0.0,69.88,0.0671
2026-03-18 04:55:18.289564,0.0,69.88,0.0687
2026-03-18 04:55:19.342937,0.0,69.88,0.0688
2026-03-18 04:55:20.398374,0.0,69.88,0.081
2026-03-18 04:55:21.445592,0.0,69.88,0.0555
2026-03-18 04:55:22.500909,0.0,69.87,0.066
2026-03-18 04:55:23.553288,0.0,69.87,0.0497
2026-03-18 04:55:24.613527,0.0,69.87,0.0551
2026-03-18 04:55:25.647088,0.0,69.87,0.055999999999999994
2026-03-18 04:55:26.700007,0.0,69.87,0.0471
2026-03-18 04:55:27.759086,0.0,69.87,0.054599999999999996
2026-03-18 04:55:28.810008,0.0,69.87,0.049600000000000005
2026-03-18 04:55:29.868038,0.0,69.87,0.0556
2026-03-18 04:55:30.923518,0.0,69.87,0.0533
2026-03-18 04:55:31.973175,0.0,69.87,0.0426
2026-03-18 04:55:33.033183,0.0,69.87,0.056
2026-03-18 04:55:34.092125,0.0,69.87,0.0691
2026-03-18 04:55:35.144138,0.0,69.87,0.0524
2026-03-18 04:55:36.179772,0.0,69.87,0.0648
2026-03-18 04:55:37.232373,0.0,69.86,0.056
2026-03-18 04:55:38.287200,0.0,69.86,0.0735
2026-03-18 04:55:39.340883,0.0,69.86,0.0615
2026-03-18 04:55:40.377495,0.0,69.86,0.0715
2026-03-18 04:55:41.426780,0.0,69.86,0.0666
2026-03-18 04:55:42.490788,0.0,69.86,0.0513
2026-03-18 04:55:43.529072,0.0,69.86,0.069
2026-03-18 04:55:44.581732,0.0,69.86,0.0654
2026-03-18 04:55:45.616247,0.0,69.86,0.0682
2026-03-18 04:55:46.663206,0.0,69.86,0.0848
2026-03-18 04:55:47.713956,0.0,69.86,0.0543
2026-03-18 04:55:48.762341,0.0,69.86,0.047299999999999995
2026-03-18 04:55:49.816488,0.0,69.85,0.077
2026-03-18 04:55:50.864181,0.0,69.85,0.0742
2026-03-18 04:55:51.920251,0.0,69.85,0.07390000000000001
2026-03-18 04:55:52.964209,0.0,69.85,0.0514
2026-03-18 04:55:54.030501,0.0,69.85,0.0678
2026-03-18 04:55:55.060048,0.0,69.85,0.0539
2026-03-18 04:55:56.108800,0.0,69.85,0.0562
2026-03-18 04:55:57.163878,0.0,69.85,0.053899999999999997
2026-03-18 04:55:58.217381,0.0,69.85,0.0664
2026-03-18 04:55:59.271905,0.0,69.85,0.0692
2026-03-18 04:56:00.302244,0.0,69.85,0.0582
2026-03-18 04:56:01.356418,0.0,69.85,0.0665
2026-03-18 04:56:02.414586,0.0,69.84,0.0655
2026-03-18 04:56:03.468563,0.0,69.84,0.0804
2026-03-18 04:56:05.372627,0.0,69.84,0.0714
2026-03-18 04:56:06.419992,0.0,69.84,0.059199999999999996
2026-03-18 04:56:07.468500,0.0,69.84,0.0679
2026-03-18 04:56:08.520413,0.0,69.84,0.062200000000000005
2026-03-18 04:56:09.574744,0.0,69.84,0.066
2026-03-18 04:56:10.628989,0.0,69.84,0.0464
2026-03-18 04:56:11.672051,0.0,69.84,0.0619
2026-03-18 04:56:12.709404,0.0,69.84,0.0569
2026-03-18 04:56:13.737352,0.0,69.84,0.06
2026-03-18 04:56:14.793868,0.0,69.84,0.0581
2026-03-18 04:56:15.824161,0.0,69.83,0.0446
2026-03-18 04:56:16.863976,0.0,69.83,0.0812
2026-03-18 04:56:17.917635,0.0,69.83,0.0669
2026-03-18 04:56:18.962711,0.0,69.83,0.0577
2026-03-18 04:56:20.010214,0.0,69.83,0.0784
2026-03-18 04:56:21.075538,0.0,69.83,0.0591
2026-03-18 04:56:22.134230,0.0,69.83,0.0482
2026-03-18 04:56:23.160062,0.0,69.83,0.060899999999999996
2026-03-18 04:56:24.188218,0.0,69.83,0.0686
2026-03-18 04:56:25.215720,0.0,69.83,0.0663
2026-03-18 04:56:26.245142,0.0,69.83,0.0538
2026-03-18 04:56:27.272117,0.0,69.83,0.0565
2026-03-18 04:56:28.297129,0.0,69.83,0.0547
2026-03-18 04:56:29.331236,0.0,69.82,0.045899999999999996
2026-03-18 04:56:30.364421,0.0,69.82,0.048
2026-03-18 04:56:31.390349,0.0,69.82,0.0665
2026-03-18 04:56:32.415367,0.0,69.82,0.0813
2026-03-18 04:56:33.443725,0.0,69.82,0.0612
2026-03-18 04:56:34.482060,0.0,69.82,0.050199999999999995
2026-03-18 04:56:35.511967,0.0,69.82,0.0676
2026-03-18 04:56:36.546521,0.0,69.82,0.0456
2026-03-18 04:56:37.595015,0.0,69.82,0.0698
2026-03-18 04:56:38.649514,0.0,69.82,0.048299999999999996
2026-03-18 04:56:39.711318,0.0,69.82,0.06570000000000001
2026-03-18 04:56:40.768728,0.0,69.82,0.061200000000000004
2026-03-18 04:56:41.827801,0.0,69.82,0.0682
2026-03-18 04:56:42.880585,0.0,69.81,0.0656
2026-03-18 04:56:43.951418,0.0,69.81,0.072
2026-03-18 04:56:45.005987,0.0,69.81,0.0702
2026-03-18 04:56:46.054255,0.0,69.81,0.06760000000000001
2026-03-18 04:56:47.106898,0.0,69.81,0.0541
2026-03-18 04:56:48.163688,0.0,69.81,0.058
2026-03-18 04:56:49.219225,0.0,69.81,0.045
2026-03-18 04:56:50.269287,0.0,69.81,0.0596
2026-03-18 04:56:51.313424,0.0,69.81,0.0711
2026-03-18 04:56:52.358483,0.0,69.81,0.0666
2026-03-18 04:56:53.412379,0.0,69.81,0.0675
2026-03-18 04:56:54.461326,0.0,69.81,0.0676
2026-03-18 04:56:55.490885,0.0,69.8,0.0622
2026-03-18 04:56:56.536257,0.0,69.8,0.0626
2026-03-18 04:56:57.588926,0.0,69.8,0.0479
2026-03-18 04:56:58.642493,0.0,69.8,0.0663
2026-03-18 04:56:59.673187,0.0,69.8,0.0507
2026-03-18 04:57:00.722341,0.0,69.8,0.0596
2026-03-18 04:57:01.775427,0.0,69.8,0.0472
2026-03-18 04:57:02.837186,0.0,69.8,0.0681
2026-03-18 04:57:03.894382,0.0,69.8,0.0667
2026-03-18 04:57:05.801278,0.0,69.8,0.056
2026-03-18 04:57:06.842915,0.0,69.8,0.0602
2026-03-18 04:57:07.903057,0.0,69.8,0.0708
2026-03-18 04:57:08.955105,0.0,69.79,0.0621
2026-03-18 04:57:10.004121,0.0,69.79,0.0733
2026-03-18 04:57:11.051230,0.0,69.79,0.0634
2026-03-18 04:57:12.101455,0.0,69.79,0.0621
2026-03-18 04:57:13.154206,0.0,69.79,0.064
2026-03-18 04:57:14.201161,0.0,69.79,0.08059999999999999
2026-03-18 04:57:15.255821,0.0,69.79,0.0632
2026-03-18 04:57:16.314876,0.0,69.79,0.0541
2026-03-18 04:57:17.364598,0.0,69.79,0.0771
2026-03-18 04:57:18.428453,0.0,69.79,0.0547
2026-03-18 04:57:19.491230,0.0,69.79,0.054599999999999996
2026-03-18 04:57:20.548822,0.0,69.79,0.0723
2026-03-18 04:57:21.601598,0.0,69.78,0.052199999999999996
2026-03-18 04:57:22.647554,0.0,69.78,0.0484
2026-03-18 04:57:23.702512,0.0,69.78,0.0512
2026-03-18 04:57:24.756565,0.0,69.78,0.0679
2026-03-18 04:57:25.816162,0.0,69.78,0.0556
2026-03-18 04:57:26.882686,0.0,69.78,0.0503
2026-03-18 04:57:27.932773,0.0,69.78,0.0625
2026-03-18 04:57:28.985424,0.0,69.78,0.0535
2026-03-18 04:57:30.044104,0.0,69.78,0.0619
2026-03-18 04:57:31.099372,0.0,69.78,0.077
2026-03-18 04:57:32.154582,0.0,69.78,0.0739
2026-03-18 04:57:33.208441,0.0,69.78,0.0627
2026-03-18 04:57:34.262889,0.0,69.78,0.057499999999999996
2026-03-18 04:57:35.328761,0.0,69.77,0.0711
2026-03-18 04:57:36.372211,0.0,69.77,0.0596
2026-03-18 04:57:37.427533,0.0,69.77,0.049
2026-03-18 04:57:38.475851,0.0,69.77,0.0767
2026-03-18 04:57:39.530105,0.0,69.77,0.0473
2026-03-18 04:57:40.582221,0.0,69.77,0.055799999999999995
2026-03-18 04:57:41.636976,0.0,69.77,0.0804
2026-03-18 04:57:42.692085,0.0,69.77,0.0704
2026-03-18 04:57:43.749776,0.0,69.77,0.0735
2026-03-18 04:57:44.784610,0.0,69.77,0.0741
2026-03-18 04:57:45.821612,0.0,69.77,0.0742
2026-03-18 04:57:46.858806,0.0,69.77,0.0808
2026-03-18 04:57:47.922234,0.0,69.76,0.0557
2026-03-18 04:57:48.974120,0.0,69.76,0.051000000000000004
2026-03-18 04:57:50.025692,0.0,69.76,0.06470000000000001
2026-03-18 04:57:51.080983,0.0,69.76,0.058800000000000005
2026-03-18 04:57:52.141415,0.0,69.76,0.0834
2026-03-18 04:57:53.180575,0.0,69.76,0.0704
2026-03-18 04:57:54.237152,0.0,69.76,0.0586
2026-03-18 04:57:55.296907,0.0,69.76,0.0658
2026-03-18 04:57:56.339770,0.0,69.76,0.0477
2026-03-18 04:57:57.401635,0.0,69.76,0.0623
2026-03-18 04:57:58.454300,0.0,69.76,0.065
2026-03-18 04:57:59.509840,0.0,69.76,0.0784
2026-03-18 04:58:00.572516,0.0,69.75,0.0702
2026-03-18 04:58:01.629390,0.0,69.75,0.0737
2026-03-18 04:58:02.675575,0.0,69.75,0.0502
2026-03-18 04:58:03.726373,0.0,69.75,0.0533
2026-03-18 04:58:05.621061,0.0,69.75,0.0625
2026-03-18 04:58:06.666898,0.0,69.75,0.0484
2026-03-18 04:58:07.712250,0.0,69.75,0.0668
2026-03-18 04:58:08.763219,0.0,69.75,0.07350000000000001
2026-03-18 04:58:09.812468,0.0,69.75,0.0516
2026-03-18 04:58:10.848560,0.0,69.75,0.0755
2026-03-18 04:58:11.895500,0.0,69.75,0.0688
2026-03-18 04:58:12.949269,0.0,69.74,0.0688
2026-03-18 04:58:13.999886,0.0,69.74,0.0752
2026-03-18 04:58:15.053437,0.0,69.74,0.0664
2026-03-18 04:58:16.100489,0.0,69.74,0.0728
2026-03-18 04:58:17.149564,0.0,69.74,0.0517
2026-03-18 04:58:18.204964,0.0,69.74,0.066
2026-03-18 04:58:19.251704,0.0,69.74,0.0577
2026-03-18 04:58:20.301481,0.0,69.74,0.0768
2026-03-18 04:58:21.348122,0.0,69.74,0.07039999999999999
2026-03-18 04:58:22.402032,0.0,69.74,0.06570000000000001
2026-03-18 04:58:23.459824,0.0,69.74,0.081
2026-03-18 04:58:24.511343,0.0,69.74,0.0706
2026-03-18 04:58:25.540239,0.0,69.73,0.055
2026-03-18 04:58:26.603933,0.0,69.73,0.0522
2026-03-18 04:58:27.642337,0.0,69.73,0.065
2026-03-18 04:58:28.698894,0.0,69.73,0.0445
2026-03-18 04:58:29.751618,0.0,69.73,0.0547
2026-03-18 04:58:30.808819,0.0,69.73,0.0668
2026-03-18 04:58:31.859194,0.0,69.73,0.0718
2026-03-18 04:58:32.910543,0.0,69.73,0.0623
2026-03-18 04:58:33.964567,0.0,69.73,0.0543
2026-03-18 04:58:35.028029,0.0,69.73,0.0701
2026-03-18 04:58:36.072161,0.0,69.73,0.07239999999999999
2026-03-18 04:58:37.126799,0.0,69.73,0.0572
2026-03-18 04:58:38.181386,0.0,69.73,0.0694
2026-03-18 04:58:39.238035,0.0,69.72,0.0533
2026-03-18 04:58:40.291985,0.0,69.72,0.0729
2026-03-18 04:58:41.342248,0.0,69.72,0.0753
2026-03-18 04:58:42.376404,0.0,69.72,0.056999999999999995
2026-03-18 04:58:43.442752,0.0,69.72,0.048999999999999995
2026-03-18 04:58:44.487646,0.0,69.72,0.07529999999999999
2026-03-18 04:58:45.524103,0.0,69.72,0.06760000000000001
2026-03-18 04:58:46.585302,0.0,69.72,0.0679
2026-03-18 04:58:47.639131,0.0,69.72,0.0712
2026-03-18 04:58:48.692954,0.0,69.72,0.0559
2026-03-18 04:58:49.742416,0.0,69.72,0.0808
2026-03-18 04:58:50.786784,0.0,69.72,0.0475
2026-03-18 04:58:51.838488,0.0,69.71,0.0583
2026-03-18 04:58:52.882611,0.0,69.71,0.0547
2026-03-18 04:58:53.931804,0.0,69.71,0.0618
2026-03-18 04:58:54.978290,0.0,69.71,0.0521
2026-03-18 04:58:56.034039,0.0,69.71,0.0781
2026-03-18 04:58:57.088996,0.0,69.71,0.059300000000000005
2026-03-18 04:58:58.137732,0.0,69.71,0.0714
2026-03-18 04:58:59.169301,0.0,69.71,0.0652
2026-03-18 04:59:00.218982,0.0,69.71,0.0584
2026-03-18 04:59:01.269936,0.0,69.71,0.0667
2026-03-18 04:59:02.322649,0.0,69.71,0.056600000000000004
2026-03-18 04:59:03.372072,0.0,69.71,0.0489
2026-03-18 04:59:05.563055,0.0,69.7,0.0592
2026-03-18 04:59:06.595684,0.0,69.7,0.0664
2026-03-18 04:59:07.623108,0.0,69.7,0.0682
2026-03-18 04:59:08.681319,0.0,69.7,0.0707
2026-03-18 04:59:09.730201,0.0,69.7,0.0761
2026-03-18 04:59:10.791361,0.0,69.7,0.0568
2026-03-18 04:59:11.837209,0.0,69.7,0.0639
2026-03-18 04:59:12.892850,0.0,69.7,0.0738
2026-03-18 04:59:13.942649,0.0,69.7,0.056
2026-03-18 04:59:15.006079,0.0,69.7,0.060399999999999995
2026-03-18 04:59:16.068266,0.0,69.7,0.058
2026-03-18 04:59:17.114221,0.0,69.7,0.0417
2026-03-18 04:59:18.167194,0.0,69.69,0.052
2026-03-18 04:59:19.214779,0.0,69.69,0.051000000000000004
2026-03-18 04:59:20.272507,0.0,69.69,0.06470000000000001
2026-03-18 04:59:21.325139,0.0,69.69,0.0515
2026-03-18 04:59:22.362570,0.0,69.69,0.0414
2026-03-18 04:59:23.401942,0.0,69.69,0.049100000000000005
2026-03-18 04:59:24.446474,0.0,69.69,0.0788
2026-03-18 04:59:25.482984,0.0,69.69,0.056400000000000006
2026-03-18 04:59:26.533274,0.0,69.69,0.0477
2026-03-18 04:59:27.595031,0.0,69.69,0.0701
2026-03-18 04:59:28.649786,0.0,69.69,0.059300000000000005
2026-03-18 04:59:29.707893,0.0,69.69,0.07769999999999999
2026-03-18 04:59:30.770516,0.0,69.69,0.0789
2026-03-18 04:59:31.819552,0.0,69.68,0.0711
2026-03-18 04:59:32.885057,0.0,69.68,0.0558
2026-03-18 04:59:33.934508,0.0,69.68,0.0628
2026-03-18 04:59:34.983920,0.0,69.68,0.064
2026-03-18 04:59:36.041792,0.0,69.68,0.0586
2026-03-18 04:59:37.101776,0.0,69.68,0.06420000000000001
2026-03-18 04:59:38.174121,0.0,69.68,0.049600000000000005
2026-03-18 04:59:39.224324,0.0,69.68,0.0597
2026-03-18 04:59:40.274872,0.0,69.68,0.0574
2026-03-18 04:59:41.339763,0.0,69.68,0.0659
2026-03-18 04:59:42.391989,0.0,69.68,0.0656
2026-03-18 04:59:43.446553,0.0,69.68,0.07669999999999999
2026-03-18 04:59:44.495031,0.0,69.68,0.0506
2026-03-18 04:59:45.525743,0.0,69.67,0.06
2026-03-18 04:59:46.576249,0.0,69.67,0.0424
2026-03-18 04:59:47.628804,0.0,69.67,0.0671
2026-03-18 04:59:48.679412,0.0,69.67,0.067
2026-03-18 04:59:49.731168,0.0,69.67,0.0573
2026-03-18 04:59:50.770784,0.0,69.67,0.0648
2026-03-18 04:59:51.819081,0.0,69.67,0.0649
2026-03-18 04:59:52.868175,0.0,69.67,0.0527
2026-03-18 04:59:53.927288,0.0,69.67,0.048
2026-03-18 04:59:54.985058,0.0,69.67,0.0509
2026-03-18 04:59:56.039114,0.0,69.67,0.0526
2026-03-18 04:59:57.094019,0.0,69.67,0.0515
2026-03-18 04:59:58.141818,0.0,69.67,0.0733
2026-03-18 04:59:59.194845,0.0,69.66,0.060399999999999995
2026-03-18 05:00:00.240921,0.0,69.66,0.08009999999999999
2026-03-18 05:00:01.296968,0.0,69.66,0.050499999999999996
2026-03-18 05:00:02.347120,0.0,69.66,0.0716
2026-03-18 05:00:03.408116,0.0,69.66,0.0625
2026-03-18 05:00:05.579307,0.0,69.66,0.0637
2026-03-18 05:00:06.623992,0.0,69.66,0.054099999999999995
2026-03-18 05:00:07.657775,0.0,69.66,0.049
2026-03-18 05:00:08.710433,0.0,69.66,0.0748
2026-03-18 05:00:09.775588,0.0,69.66,0.0713
2026-03-18 05:00:10.827189,0.0,69.66,0.0707
2026-03-18 05:00:11.881241,0.0,69.65,0.07300000000000001
2026-03-18 05:00:12.929700,0.0,69.65,0.0669
2026-03-18 05:00:13.990003,0.0,69.65,0.0761
2026-03-18 05:00:15.042271,0.0,69.65,0.0468
2026-03-18 05:00:16.096793,0.0,69.65,0.0698
2026-03-18 05:00:17.147539,0.0,69.65,0.0545
2026-03-18 05:00:18.202377,0.0,69.65,0.0578
2026-03-18 05:00:19.251759,0.0,69.65,0.064
2026-03-18 05:00:20.301062,0.0,69.65,0.0884
2026-03-18 05:00:21.349866,0.0,69.65,0.0667
2026-03-18 05:00:22.406413,0.0,69.65,0.0583
2026-03-18 05:00:23.455219,0.0,69.65,0.0703
2026-03-18 05:00:24.505283,0.0,69.64,0.054700000000000006
2026-03-18 05:00:25.537043,0.0,69.64,0.0691
2026-03-18 05:00:26.591080,0.0,69.64,0.0678
2026-03-18 05:00:27.647231,0.0,69.64,0.0606
2026-03-18 05:00:28.701118,0.0,69.64,0.0701
2026-03-18 05:00:29.760845,0.0,69.64,0.06470000000000001
2026-03-18 05:00:30.814450,0.0,69.64,0.0662
2026-03-18 05:00:31.875791,0.0,69.64,0.0776
2026-03-18 05:00:32.935064,0.0,69.64,0.0651
2026-03-18 05:00:33.987804,0.0,69.64,0.0545
2026-03-18 05:00:35.044533,0.0,69.64,0.0494
2026-03-18 05:00:36.096937,0.0,69.64,0.0554
2026-03-18 05:00:37.148417,0.0,69.64,0.0588
2026-03-18 05:00:38.194257,0.0,69.63,0.045899999999999996
2026-03-18 05:00:39.247190,0.0,69.63,0.055600000000000004
2026-03-18 05:00:40.311476,0.0,69.63,0.0776
2026-03-18 05:00:41.363484,0.0,69.63,0.0479
2026-03-18 05:00:42.413087,0.0,69.63,0.0545
2026-03-18 05:00:43.463106,0.0,69.63,0.0658
2026-03-18 05:00:44.514966,0.0,69.63,0.0619
2026-03-18 05:00:45.557190,0.0,69.63,0.0615
2026-03-18 05:00:46.609488,0.0,69.63,0.07050000000000001
2026-03-18 05:00:47.663942,0.0,69.63,0.0597
2026-03-18 05:00:48.725708,0.0,69.63,0.0713
2026-03-18 05:00:49.772877,0.0,69.63,0.0607
2026-03-18 05:00:50.811263,0.0,69.62,0.0672
2026-03-18 05:00:51.850243,0.0,69.62,0.0721
2026-03-18 05:00:52.917630,0.0,69.62,0.052199999999999996
2026-03-18 05:00:53.969261,0.0,69.62,0.057800000000000004
2026-03-18 05:00:55.029268,0.0,69.62,0.059
2026-03-18 05:00:56.081837,0.0,69.62,0.0581
2026-03-18 05:00:57.133245,0.0,69.62,0.0687
2026-03-18 05:00:58.187271,0.0,69.62,0.0655
2026-03-18 05:00:59.234395,0.0,69.62,0.0561
2026-03-18 05:01:00.274156,0.0,69.62,0.0512
2026-03-18 05:01:01.325556,0.0,69.62,0.0744
2026-03-18 05:01:02.373996,0.0,69.62,0.0487
2026-03-18 05:01:03.432114,0.0,69.62,0.044899999999999995
2026-03-18 05:01:05.632928,0.0,69.61,0.046599999999999996
2026-03-18 05:01:06.670617,0.0,69.61,0.0753
2026-03-18 05:01:07.719737,0.0,69.61,0.0574
2026-03-18 05:01:08.781807,0.0,69.61,0.0678
2026-03-18 05:01:09.845590,0.0,69.61,0.0601
2026-03-18 05:01:10.899340,0.0,69.61,0.0709
2026-03-18 05:01:11.954583,0.0,69.61,0.0856
2026-03-18 05:01:12.988492,0.0,69.61,0.062
2026-03-18 05:01:14.046265,0.0,69.61,0.052500000000000005
2026-03-18 05:01:15.097800,0.0,69.61,0.0623
2026-03-18 05:01:16.153263,0.0,69.61,0.0743
2026-03-18 05:01:17.200898,0.0,69.61,0.0639
2026-03-18 05:01:18.248374,0.0,69.6,0.0723
2026-03-18 05:01:19.300900,0.0,69.6,0.06570000000000001
2026-03-18 05:01:20.350825,0.0,69.6,0.061399999999999996
2026-03-18 05:01:21.411202,0.0,69.6,0.0694
2026-03-18 05:01:22.463054,0.0,69.6,0.0786
2026-03-18 05:01:23.520403,0.0,69.6,0.056
2026-03-18 05:01:24.571805,0.0,69.6,0.0616
2026-03-18 05:01:25.620006,0.0,69.6,0.0534
2026-03-18 05:01:26.686856,0.0,69.6,0.0693
2026-03-18 05:01:27.742213,0.0,69.6,0.0713
2026-03-18 05:01:28.790972,0.0,69.6,0.0641
2026-03-18 05:01:29.847197,0.0,69.59,0.06420000000000001
2026-03-18 05:01:30.899434,0.0,69.59,0.0745
2026-03-18 05:01:31.955735,0.0,69.59,0.0608
2026-03-18 05:01:33.019470,0.0,69.59,0.0619
2026-03-18 05:01:34.069300,0.0,69.59,0.0615
2026-03-18 05:01:35.095596,0.0,69.59,0.0566
2026-03-18 05:01:36.163728,0.0,69.59,0.0732
2026-03-18 05:01:37.226171,0.0,69.59,0.0842
2026-03-18 05:01:38.287292,0.0,69.59,0.0609
2026-03-18 05:01:39.342152,0.0,69.59,0.0656
2026-03-18 05:01:40.393485,0.0,69.59,0.0511
2026-03-18 05:01:41.454998,0.0,69.59,0.0607
2026-03-18 05:01:42.501245,0.0,69.59,0.0546
2026-03-18 05:01:43.552798,0.0,69.58,0.0609
2026-03-18 05:01:44.606642,0.0,69.58,0.0654
2026-03-18 05:01:45.653728,0.0,69.58,0.0762
2026-03-18 05:01:46.703439,0.0,69.58,0.049499999999999995
2026-03-18 05:01:47.756348,0.0,69.58,0.0614
2026-03-18 05:01:48.805211,0.0,69.58,0.0728
2026-03-18 05:01:49.862834,0.0,69.58,0.0501
2026-03-18 05:01:50.914201,0.0,69.58,0.051000000000000004
2026-03-18 05:01:51.957359,0.0,69.58,0.052500000000000005
2026-03-18 05:01:52.989342,0.0,69.58,0.0591
2026-03-18 05:01:54.042917,0.0,69.58,0.0779
2026-03-18 05:01:55.106096,0.0,69.58,0.072
2026-03-18 05:01:56.164801,0.0,69.57,0.061900000000000004
2026-03-18 05:01:57.215519,0.0,69.57,0.0555
2026-03-18 05:01:58.266581,0.0,69.57,0.0664
2026-03-18 05:01:59.315445,0.0,69.57,0.0845
2026-03-18 05:02:00.358299,0.0,69.57,0.0471
2026-03-18 05:02:01.390430,0.0,69.57,0.0687
2026-03-18 05:02:02.440054,0.0,69.57,0.0535
2026-03-18 05:02:03.490794,0.0,69.57,0.0562
2026-03-18 05:02:05.591797,0.0,69.57,0.050199999999999995
2026-03-18 05:02:06.629266,0.0,69.57,0.0791
2026-03-18 05:02:07.679619,0.0,69.57,0.0514
2026-03-18 05:02:08.730987,0.0,69.57,0.0571
2026-03-18 05:02:09.781201,0.0,69.56,0.0649
2026-03-18 05:02:10.818732,0.0,69.56,0.0528
2026-03-18 05:02:11.885132,0.0,69.56,0.0631
2026-03-18 05:02:12.942839,0.0,69.56,0.07780000000000001
2026-03-18 05:02:13.999494,0.0,69.56,0.0706
2026-03-18 05:02:15.061779,0.0,69.56,0.06420000000000001
2026-03-18 05:02:16.126806,0.0,69.56,0.043
2026-03-18 05:02:17.189495,0.0,69.56,0.0519
2026-03-18 05:02:18.248586,0.0,69.56,0.0621
2026-03-18 05:02:19.303813,0.0,69.56,0.07680000000000001
2026-03-18 05:02:20.361706,0.0,69.56,0.0528
2026-03-18 05:02:21.408234,0.0,69.56,0.07680000000000001
2026-03-18 05:02:22.459387,0.0,69.55,0.074
2026-03-18 05:02:23.512886,0.0,69.55,0.0533
2026-03-18 05:02:24.559429,0.0,69.55,0.0729
2026-03-18 05:02:25.594837,0.0,69.55,0.051500000000000004
2026-03-18 05:02:26.623147,0.0,69.55,0.0562
2026-03-18 05:02:27.681457,0.0,69.55,0.0683
2026-03-18 05:02:28.742879,0.0,69.55,0.0495
2026-03-18 05:02:29.791686,0.0,69.55,0.073
2026-03-18 05:02:30.844162,0.0,69.55,0.0619
2026-03-18 05:02:31.898157,0.0,69.55,0.05740000000000001
2026-03-18 05:02:32.948343,0.0,69.55,0.0698
2026-03-18 05:02:33.999406,0.0,69.55,0.07880000000000001
2026-03-18 05:02:35.054132,0.0,69.55,0.074
2026-03-18 05:02:36.105360,0.0,69.54,0.045700000000000005
2026-03-18 05:02:37.156878,0.0,69.54,0.046700000000000005
2026-03-18 05:02:38.209260,0.0,69.54,0.0707
2026-03-18 05:02:39.266608,0.0,69.54,0.0614
2026-03-18 05:02:40.312588,0.0,69.54,0.0551
2026-03-18 05:02:41.363755,0.0,69.54,0.0489
2026-03-18 05:02:42.413017,0.0,69.54,0.0806
2026-03-18 05:02:43.468244,0.0,69.54,0.0517
2026-03-18 05:02:44.531706,0.0,69.54,0.0718
2026-03-18 05:02:45.566274,0.0,69.54,0.0811
2026-03-18 05:02:46.620615,0.0,69.54,0.0648
2026-03-18 05:02:47.677471,0.0,69.54,0.0689
2026-03-18 05:02:48.730546,0.0,69.53,0.0651
2026-03-18 05:02:49.782529,0.0,69.53,0.0623
2026-03-18 05:02:50.841649,0.0,69.53,0.0773
2026-03-18 05:02:51.886734,0.0,69.53,0.06459999999999999
2026-03-18 05:02:52.942207,0.0,69.53,0.0478
2026-03-18 05:02:53.992085,0.0,69.53,0.0669
2026-03-18 05:02:55.043368,0.0,69.53,0.0696
2026-03-18 05:02:56.087161,0.0,69.53,0.0721
2026-03-18 05:02:57.136101,0.0,69.53,0.0651
2026-03-18 05:02:58.189160,0.0,69.53,0.057300000000000004
2026-03-18 05:02:59.240506,0.0,69.53,0.0739
2026-03-18 05:03:00.293983,0.0,69.53,0.0498
2026-03-18 05:03:01.359393,0.0,69.52,0.0489
2026-03-18 05:03:02.409030,0.0,69.52,0.0749
2026-03-18 05:03:03.455103,0.0,69.52,0.0461
2026-03-18 05:03:05.549166,0.0,69.52,0.08120000000000001
2026-03-18 05:03:06.601378,0.0,69.52,0.0678
2026-03-18 05:03:07.634687,0.0,69.52,0.055099999999999996
2026-03-18 05:03:08.683775,0.0,69.52,0.049
2026-03-18 05:03:09.736368,0.0,69.52,0.0667
2026-03-18 05:03:10.804132,0.0,69.52,0.0677
2026-03-18 05:03:11.856396,0.0,69.52,0.0738
2026-03-18 05:03:12.910368,0.0,69.52,0.0611
2026-03-18 05:03:13.951165,0.0,69.51,0.0661
2026-03-18 05:03:15.004764,0.0,69.51,0.0455
2026-03-18 05:03:16.054873,0.0,69.51,0.059800000000000006
2026-03-18 05:03:17.106574,0.0,69.51,0.0668
2026-03-18 05:03:18.134410,0.0,69.51,0.0437
2026-03-18 05:03:19.195041,0.0,69.51,0.0685
2026-03-18 05:03:20.247273,0.0,69.51,0.067
2026-03-18 05:03:21.308452,0.0,69.51,0.0527
2026-03-18 05:03:22.361602,0.0,69.51,0.068
2026-03-18 05:03:23.418411,0.0,69.51,0.0559
2026-03-18 05:03:24.470821,0.0,69.51,0.047
2026-03-18 05:03:25.504040,0.0,69.51,0.0569
2026-03-18 05:03:26.553670,0.0,69.51,0.0684
2026-03-18 05:03:27.597713,0.0,69.51,0.0514
2026-03-18 05:03:28.683715,0.0,69.5,0.0775
2026-03-18 05:03:29.760577,0.0,69.5,0.0518
2026-03-18 05:03:30.823349,0.0,69.5,0.0807
2026-03-18 05:03:31.866615,0.0,69.5,0.0571
2026-03-18 05:03:32.897627,0.0,69.5,0.0479
2026-03-18 05:03:33.929649,0.0,69.5,0.053
2026-03-18 05:03:34.961448,0.0,69.5,0.0482
2026-03-18 05:03:35.997978,0.0,69.5,0.0738
2026-03-18 05:03:37.029747,0.0,69.5,0.0781
2026-03-18 05:03:38.057022,0.0,69.5,0.052
2026-03-18 05:03:39.113857,0.0,69.5,0.06409999999999999
2026-03-18 05:03:40.153570,0.0,69.5,0.0467
2026-03-18 05:03:41.182186,0.0,69.5,0.0596
2026-03-18 05:03:42.232187,0.0,69.49,0.056400000000000006
2026-03-18 05:03:43.286438,0.0,69.49,0.057
2026-03-18 05:03:44.341048,0.0,69.49,0.059300000000000005
2026-03-18 05:03:45.421019,0.0,69.49,0.0461
2026-03-18 05:03:46.486184,0.0,69.49,0.0736
2026-03-18 05:03:47.538160,0.0,69.49,0.0615
2026-03-18 05:03:48.590940,0.0,69.49,0.0485
2026-03-18 05:03:49.638809,0.0,69.49,0.07400000000000001
2026-03-18 05:03:50.673818,0.0,69.49,0.0611
2026-03-18 05:03:51.699792,0.0,69.49,0.0687
2026-03-18 05:03:52.741838,0.0,69.49,0.06369999999999999
2026-03-18 05:03:53.773953,0.0,69.49,0.0516
2026-03-18 05:03:54.812849,0.0,69.49,0.0571
2026-03-18 05:03:55.867167,0.0,69.48,0.0856
2026-03-18 05:03:56.917632,0.0,69.48,0.0738
2026-03-18 05:03:57.975315,0.0,69.48,0.07780000000000001
2026-03-18 05:03:59.011207,0.0,69.48,0.0657
2026-03-18 05:04:00.053053,0.0,69.48,0.058499999999999996
2026-03-18 05:04:01.107382,0.0,69.48,0.0716
2026-03-18 05:04:02.162003,0.0,69.48,0.065
2026-03-18 05:04:03.213087,0.0,69.48,0.0799
2026-03-18 05:04:04.442727,0.0,69.48,0.0513
2026-03-18 05:04:06.342209,0.0,69.48,0.0477
2026-03-18 05:04:07.394469,0.0,69.48,0.0537
2026-03-18 06:22:47.000848,0.0893,69.98,0.1187
2026-03-18 06:23:47.060883,0.0932,69.95,0.1257
2026-03-18 10:57:48.051255,0.8671,100.0,0.2231
2026-03-18 10:58:48.113450,0.8681,100.0,0.2192
2026-03-18 10:59:48.256113,0.8691,100.0,0.2945
2026-03-18 11:00:48.317752,0.8701,100.0,0.2154
2026-03-18 11:01:48.369032,0.8711,100.0,0.2246
2026-03-18 11:02:48.426935,0.8721,100.0,0.2692
2026-03-18 11:03:48.476438,0.8731,100.0,0.1966
2026-03-18 11:04:48.537579,0.874,100.0,0.215
2026-03-18 11:05:48.591855,0.8749,100.0,0.2642
2026-03-18 11:06:48.653216,0.8759,100.0,0.2867
2026-03-18 11:07:48.724970,0.8768,100.0,0.2458
2026-03-18 11:08:48.776837,0.8776,100.0,0.1898
2026-03-18 11:09:48.826367,0.8785,100.0,0.2396
2026-03-18 11:10:48.874087,0.8793,100.0,0.2137
2026-03-18 11:11:48.937481,0.8802,100.0,0.29810000000000003
2026-03-19 05:35:44.881326,0.0,23.39,0.0949
2026-03-19 05:36:44.946659,0.0,23.3,0.1189
2026-03-19 05:37:45.009759,0.0,23.2,0.1308
2026-03-19 05:38:45.097260,0.0,23.12,0.1165
2026-03-19 05:39:45.166964,0.0,23.02,0.1266
2026-03-19 05:40:45.258727,0.0,22.95,0.10419999999999999
2026-03-19 05:41:45.312361,0.0,22.87,0.1075
2026-03-19 08:04:56.109467,0.4667,70.01,0.446
2026-03-19 08:05:56.398811,0.47,70.04,0.4313
2026-03-19 08:06:59.203091,0.4735,70.06,0.4482
2026-03-19 08:07:59.449686,0.4769,70.07,0.4505
2026-03-22 20:21:04.938314,0.0,69.66,0.4591
2026-03-22 20:21:06.142271,0.0,69.66,0.4331
2026-03-22 20:21:07.260765,0.0,69.65,0.42090000000000005
2026-03-22 20:21:09.448809,0.0,69.64,0.4373
2026-03-22 20:21:12.439830,0.0,69.62,0.4405
2026-03-22 20:21:13.484654,0.0,69.62,0.4355
2026-03-22 20:21:14.569275,0.0,69.61,0.4188
2026-03-22 20:21:15.730225,0.0,69.61,0.4401
2026-03-22 20:21:18.468141,0.0,69.59,0.4261
2026-03-22 20:21:25.226701,0.0,69.56,0.4537
2026-03-22 20:21:26.294211,0.0,69.55,0.4156
2026-03-22 20:21:27.603183,0.0,69.54,0.4274
2026-03-22 20:21:31.078127,0.0,69.52,0.4662
2026-03-22 20:21:37.007200,0.0,69.49,0.4317
2026-03-22 20:21:41.556195,0.0,69.47,0.45109999999999995
2026-03-22 20:21:42.617567,0.0,69.46,0.4516
2026-03-22 20:21:43.664072,0.0,69.46,0.4192
2026-03-22 20:21:44.719895,0.0,69.45,0.4623
2026-03-22 20:21:45.763006,0.0,69.44,0.4496
2026-03-22 20:21:46.806365,0.0,69.44,0.4616
2026-03-22 20:21:48.728210,0.0,69.43,0.4266
2026-03-22 20:21:51.361272,0.0,69.41,0.4317
2026-03-22 20:21:52.397647,0.0,69.41,0.44720000000000004
2026-03-22 20:21:53.450042,0.0,69.4,0.4358
2026-03-22 20:21:54.493755,0.0,69.4,0.4369
2026-03-22 20:21:55.531045,0.0,69.39,0.4403
2026-03-22 20:21:56.574797,0.0,69.39,0.462
2026-03-22 20:21:57.626345,0.0,69.38,0.417
2026-03-22 20:22:00.268706,0.0,69.37,0.4325
2026-03-22 20:22:01.312249,0.0,69.36,0.4597
2026-03-22 20:22:02.346718,0.0,69.36,0.4603
2026-03-22 20:22:03.394967,0.0,69.35,0.43770000000000003
2026-03-22 20:22:04.445621,0.0,69.34,0.4583
2026-03-22 20:22:05.487140,0.0,69.34,0.4401
2026-03-22 20:22:06.524269,0.0,69.33,0.43320000000000003
2026-03-22 20:22:07.568969,0.0,69.33,0.44989999999999997
2026-03-22 20:22:10.049325,0.0,69.31,0.4617
2026-03-22 20:22:11.108082,0.0,69.31,0.43920000000000003
2026-03-22 20:22:12.171562,0.0,69.3,0.4386
2026-03-22 20:22:13.223145,0.0,69.3,0.4476
2026-03-22 20:22:14.273760,0.0,69.29,0.4446
2026-03-22 20:22:15.332129,0.0,69.29,0.455
2026-03-22 20:22:16.392941,0.0,69.28,0.4492
2026-03-22 20:22:17.450612,0.0,69.27,0.43200000000000005
2026-03-22 20:22:19.626122,0.0,69.26,0.4647
2026-03-22 20:22:20.689352,0.0,69.26,0.4312
2026-03-22 20:22:21.744130,0.0,69.25,0.43779999999999997
2026-03-22 20:22:22.794006,0.0,69.24,0.4145
2026-03-22 20:22:23.835871,0.0,69.24,0.4322
2026-03-22 20:22:24.905557,0.0,69.23,0.4517
2026-03-22 20:22:25.964445,0.0,69.23,0.4475
2026-03-22 20:22:27.014999,0.0,69.22,0.4703
2026-03-22 20:22:28.710488,0.0,69.21,0.4388
2026-03-22 20:22:29.752278,0.0,69.21,0.4247
2026-03-22 20:22:30.806511,0.0,69.2,0.43979999999999997
2026-03-22 20:22:31.858769,0.0,69.2,0.4354
2026-03-22 20:22:32.922526,0.0,69.19,0.4576
2026-03-22 20:22:33.977894,0.0,69.18,0.43179999999999996
2026-03-22 20:22:35.044195,0.0,69.18,0.43279999999999996
2026-03-22 20:22:36.096970,0.0,69.17,0.47009999999999996
2026-03-22 20:22:37.144863,0.0,69.17,0.4514
2026-03-22 20:22:38.789839,0.0,69.16,0.42360000000000003
2026-03-22 20:22:39.824292,0.0,69.15,0.4678
2026-03-22 20:22:40.894816,0.0,69.15,0.4366
2026-03-22 20:22:41.958258,0.0,69.14,0.43520000000000003
2026-03-22 20:22:43.009069,0.0,69.14,0.45249999999999996
2026-03-22 20:22:44.073165,0.0,69.13,0.44129999999999997
2026-03-22 20:22:45.123487,0.0,69.12,0.4619
2026-03-22 20:22:46.184097,0.0,69.12,0.4105
2026-03-22 20:22:47.242932,0.0,69.11,0.4321
2026-03-22 20:22:48.935373,0.0,69.1,0.4128
2026-03-22 20:22:49.968944,0.0,69.1,0.4629
2026-03-22 20:22:51.025724,0.0,69.09,0.4504
2026-03-22 20:22:52.076021,0.0,69.09,0.43
2026-03-22 20:22:53.132077,0.0,69.08,0.4674
2026-03-22 20:22:54.204674,0.0,69.08,0.4223
2026-03-22 20:22:55.264112,0.0,69.07,0.4319
2026-03-22 20:22:56.334563,0.0,69.06,0.4186
2026-03-22 20:22:57.405219,0.0,69.06,0.46199999999999997
2026-03-22 20:23:00.213988,0.0,69.04,0.4325
2026-03-22 20:23:01.278347,0.0,69.04,0.44020000000000004
2026-03-22 20:23:02.336538,0.0,69.03,0.4138
2026-03-22 20:23:03.407825,0.0,69.03,0.4268
2026-03-22 20:23:04.453674,0.0,69.02,0.446
2026-03-22 20:23:05.501026,0.0,69.02,0.4741
2026-03-22 20:23:06.562641,0.0,69.01,0.4441
2026-03-22 20:23:07.624091,0.0,69.0,0.45139999999999997
2026-03-22 20:23:09.874823,0.0,69.0,0.0754
2026-03-22 20:23:10.941828,0.0,69.0,0.0717
2026-03-22 20:23:12.004446,0.0,69.0,0.0772
2026-03-22 20:23:13.073336,0.0,69.0,0.0722
2026-03-22 20:23:14.144037,0.0,69.0,0.0836
2026-03-22 20:23:15.198024,0.0,69.0,0.0826
2026-03-22 20:23:16.261345,0.0,69.0,0.0793
2026-03-22 20:23:17.313097,0.0,69.0,0.0714
2026-03-22 20:23:19.932062,0.0,68.99,0.0749
2026-03-22 20:23:20.989927,0.0,68.99,0.0676
2026-03-22 20:23:22.045828,0.0,68.99,0.0776
2026-03-22 20:23:23.097821,0.0,68.99,0.0723
2026-03-22 20:23:24.147601,0.0,68.99,0.0769
2026-03-22 20:23:25.204593,0.0,68.99,0.0685
2026-03-22 20:23:26.275943,0.0,68.99,0.0796
2026-03-22 20:23:27.328640,0.0,68.99,0.0806
2026-03-22 20:23:29.603944,0.0,68.98,0.0701
2026-03-22 20:23:30.655192,0.0,68.98,0.0796
2026-03-22 20:23:31.702716,0.0,68.98,0.0784
2026-03-22 20:23:32.756988,0.0,68.98,0.0801
2026-03-22 20:23:33.822061,0.0,68.98,0.074
2026-03-22 20:23:34.878515,0.0,68.98,0.0751
2026-03-22 20:23:35.938448,0.0,68.98,0.0725
2026-03-22 20:23:36.988711,0.0,68.98,0.0729
2026-03-22 20:23:38.759898,0.0,68.98,0.073
2026-03-22 20:23:39.793494,0.0,68.97,0.0752
2026-03-22 20:23:40.841032,0.0,68.97,0.0811
2026-03-22 20:23:41.901553,0.0,68.97,0.0803
2026-03-22 20:23:43.071032,0.0,68.97,0.0803
2026-03-22 20:23:44.136616,0.0,68.97,0.0754
2026-03-22 20:23:45.190338,0.0,68.97,0.0796
2026-03-22 20:23:46.243048,0.0,68.97,0.077
2026-03-22 20:23:47.295103,0.0,68.97,0.0826
2026-03-22 20:23:48.965195,0.0,68.97,0.0788
2026-03-22 20:23:50.002593,0.0,68.96,0.0714
2026-03-22 20:23:51.051876,0.0,68.96,0.0825
2026-03-22 20:23:52.103563,0.0,68.96,0.0755
2026-03-22 20:23:53.165790,0.0,68.96,0.0793
2026-03-22 20:23:54.242794,0.0,68.96,0.0832
2026-03-22 20:23:55.297958,0.0,68.96,0.0782
2026-03-22 20:23:56.358021,0.0,68.96,0.0709
2026-03-22 20:23:57.409474,0.0,68.96,0.072
2026-03-22 20:24:00.325293,0.0,68.95,0.0832
2026-03-22 20:24:01.392351,0.0,68.95,0.0777
2026-03-22 20:24:02.439914,0.0,68.95,0.0731
2026-03-22 20:24:03.497531,0.0,68.95,0.072
2026-03-22 20:24:04.547511,0.0,68.95,0.0822
2026-03-22 20:24:05.604018,0.0,68.95,0.0707
2026-03-22 20:24:06.652584,0.0,68.95,0.077
2026-03-22 20:24:08.693055,0.0,68.95,0.0739
2026-03-22 20:24:09.824978,0.0,68.95,0.075
2026-03-22 20:24:10.881490,0.0,68.95,0.0785
2026-03-22 20:24:11.931992,0.0,68.94,0.0767
2026-03-22 20:24:13.010770,0.0,68.94,0.0766
2026-03-22 20:24:14.106266,0.0,68.94,0.0783
2026-03-22 20:24:15.160438,0.0,68.94,0.0715
2026-03-22 20:24:16.225923,0.0,68.94,0.0784
2026-03-22 20:24:17.283875,0.0,68.94,0.0747
2026-03-22 20:24:18.553288,0.0,68.94,0.0708
2026-03-22 20:24:19.589849,0.0,68.94,0.0714
2026-03-22 20:24:20.639829,0.0,68.94,0.0707
2026-03-22 20:24:21.723181,0.0,68.94,0.0812
2026-03-22 20:24:22.793046,0.0,68.93,0.0814
2026-03-22 20:24:23.855774,0.0,68.93,0.08
2026-03-22 20:24:24.920089,0.0,68.93,0.0791
2026-03-22 20:24:25.967546,0.0,68.93,0.0719
2026-03-22 20:24:27.024325,0.0,68.93,0.0778
2026-03-22 20:24:28.611005,0.0,68.93,0.081
2026-03-22 20:24:29.645577,0.0,68.93,0.0723
2026-03-22 20:24:30.711897,0.0,68.93,0.0834
2026-03-22 20:24:31.769087,0.0,68.93,0.0745
2026-03-22 20:24:32.817039,0.0,68.92,0.0783
2026-03-22 20:24:33.877616,0.0,68.92,0.0788
2026-03-22 20:24:34.932140,0.0,68.92,0.0779
2026-03-22 20:24:35.985678,0.0,68.92,0.0707
2026-03-22 20:24:37.044088,0.0,68.92,0.0785
2026-03-22 20:24:39.027345,0.0,68.92,0.078
2026-03-22 20:24:40.070201,0.0,68.92,0.0704
2026-03-22 20:24:41.146628,0.0,68.92,0.0701
2026-03-22 20:24:42.202645,0.0,68.92,0.0778
2026-03-22 20:24:43.350159,0.0,68.92,0.0773
2026-03-22 20:24:44.448324,0.0,68.91,0.077
2026-03-22 20:24:45.546659,0.0,68.91,0.081
2026-03-22 20:24:46.604947,0.0,68.91,0.0748
2026-03-22 20:24:47.658734,0.0,68.91,0.0808
2026-03-22 20:24:49.957939,0.0,68.91,0.0787
2026-03-22 20:24:51.024827,0.0,68.91,0.075
2026-03-22 20:24:52.084749,0.0,68.91,0.0717
2026-03-22 20:24:53.145139,0.0,68.91,0.0762
2026-03-22 20:24:54.194933,0.0,68.9,0.0805
2026-03-22 20:24:55.259170,0.0,68.9,0.0861
2026-03-22 20:24:56.325347,0.0,68.9,0.0782
2026-03-22 20:24:57.384386,0.0,68.9,0.0709
2026-03-22 20:25:00.104197,0.0,68.9,0.0676
2026-03-22 20:25:01.161643,0.0,68.9,0.0682
2026-03-22 20:25:02.214681,0.0,68.9,0.0831
2026-03-22 20:25:03.273282,0.0,68.9,0.0718
2026-03-22 20:25:04.329773,0.0,68.9,0.081
2026-03-22 20:25:05.383114,0.0,68.89,0.0833
2026-03-22 20:25:06.438940,0.0,68.89,0.0838
2026-03-22 20:25:07.507506,0.0,68.89,0.0719
2026-03-22 20:25:09.836512,0.0,68.89,0.0789
2026-03-22 20:25:10.880289,0.0,68.89,0.0718
2026-03-22 20:25:11.933921,0.0,68.89,0.0747
2026-03-22 20:25:12.985569,0.0,68.89,0.0727
2026-03-22 20:25:14.040146,0.0,68.89,0.0835
2026-03-22 20:25:15.106039,0.0,68.89,0.0697
2026-03-22 20:25:16.157173,0.0,68.88,0.0669
2026-03-22 20:25:17.224692,0.0,68.88,0.0775
2026-03-22 20:25:18.569155,0.0,68.88,0.0812
2026-03-22 20:25:19.612618,0.0,68.88,0.0717
2026-03-22 20:25:20.678726,0.0,68.88,0.0753
2026-03-22 20:25:21.738699,0.0,68.88,0.0774
2026-03-22 20:25:22.803038,0.0,68.88,0.0817
2026-03-22 20:25:23.853762,0.0,68.88,0.0773
2026-03-22 20:25:24.906297,0.0,68.88,0.0794
2026-03-22 20:25:25.973140,0.0,68.88,0.0748
2026-03-22 20:25:27.022803,0.0,68.87,0.0794
2026-03-22 20:25:28.865375,0.0,68.87,0.0818
2026-03-22 20:25:29.897500,0.0,68.87,0.0737
2026-03-22 20:25:30.944535,0.0,68.87,0.0824
2026-03-22 20:25:32.005170,0.0,68.87,0.073
2026-03-22 20:25:33.063026,0.0,68.87,0.0773
2026-03-22 20:25:34.165767,0.0,68.87,0.074
2026-03-22 20:25:35.472899,0.0,68.87,0.0791
2026-03-22 20:25:36.557966,0.0,68.87,0.0807
2026-03-22 20:25:37.650178,0.0,68.86,0.0732
2026-03-22 20:25:40.778875,0.0,68.86,0.0795
2026-03-22 20:25:41.866754,0.0,68.86,0.074
2026-03-22 20:25:42.973275,0.0,68.86,0.0754
2026-03-22 20:25:44.030730,0.0,68.86,0.0744
2026-03-22 20:25:45.081173,0.0,68.86,0.0816
2026-03-22 20:25:46.146832,0.0,68.86,0.0847
2026-03-22 20:25:47.244445,0.0,68.86,0.074
2026-03-22 20:25:49.065536,0.0,68.85,0.0731
2026-03-22 20:25:50.130649,0.0,68.85,0.0767
2026-03-22 20:25:51.219430,0.0,68.85,0.0768
2026-03-22 20:25:52.306465,0.0,68.85,0.0724
2026-03-22 20:25:53.376804,0.0,68.85,0.0787
2026-03-22 20:25:54.432685,0.0,68.85,0.0761
2026-03-22 20:25:55.486733,0.0,68.85,0.0747
2026-03-22 20:25:56.546851,0.0,68.85,0.0831
2026-03-22 20:25:57.604785,0.0,68.85,0.0702
2026-03-22 20:26:00.064195,0.0,68.84,0.0728
2026-03-22 20:26:01.126717,0.0,68.84,0.0838
2026-03-22 20:26:02.194848,0.0,68.84,0.0815
2026-03-22 20:26:03.253856,0.0,68.84,0.0736
2026-03-22 20:26:04.308779,0.0,68.84,0.0798
2026-03-22 20:26:05.374541,0.0,68.84,0.0782
2026-03-22 20:26:06.430835,0.0,68.84,0.0735
2026-03-22 20:26:07.490065,0.0,68.84,0.0724
2026-03-22 20:26:09.750903,0.0,68.83,0.0834
2026-03-22 20:26:10.938861,0.0,68.83,0.075
2026-03-22 20:26:12.003985,0.0,68.83,0.0804
2026-03-22 20:26:13.098850,0.0,68.83,0.0702
2026-03-22 20:26:14.166132,0.0,68.83,0.0739
2026-03-22 20:26:15.227859,0.0,68.83,0.0784
2026-03-22 20:26:16.284341,0.0,68.83,0.0815
2026-03-22 20:26:17.341215,0.0,68.83,0.0734
2026-03-22 20:26:19.985959,0.0,68.82,0.0715
2026-03-22 20:26:21.077738,0.0,68.82,0.0725
2026-03-22 20:26:22.167112,0.0,68.82,0.0741
2026-03-22 20:26:23.276052,0.0,68.82,0.077
2026-03-22 20:26:24.331774,0.0,68.82,0.0726
2026-03-22 20:26:25.390459,0.0,68.82,0.0775
2026-03-22 20:26:26.442793,0.0,68.82,0.0768
2026-03-22 20:26:27.510717,0.0,68.82,0.0784
2026-03-22 20:26:29.927848,0.0,68.82,0.0693
2026-03-22 20:26:30.976889,0.0,68.81,0.0804
2026-03-22 20:26:32.034977,0.0,68.81,0.0778
2026-03-22 20:26:33.078087,0.0,68.81,0.075
2026-03-22 20:26:34.140050,0.0,68.81,0.0741
2026-03-22 20:26:35.202018,0.0,68.81,0.0767
2026-03-22 20:26:36.286609,0.0,68.81,0.0808
2026-03-22 20:26:37.349536,0.0,68.81,0.0757
2026-03-22 20:26:39.950069,0.0,68.81,0.0769
2026-03-22 20:26:40.991531,0.0,68.81,0.0828
2026-03-22 20:26:42.053520,0.0,68.8,0.0704
2026-03-22 20:26:43.104242,0.0,68.8,0.0761
2026-03-22 20:26:44.165183,0.0,68.8,0.0732
2026-03-22 20:26:45.248495,0.0,68.8,0.0787
2026-03-22 20:26:46.323159,0.0,68.8,0.0746
2026-03-22 20:26:47.403941,0.0,68.8,0.081
2026-03-22 20:26:50.227760,0.0,68.8,0.0791
2026-03-22 20:26:51.264032,0.0,68.8,0.0806
2026-03-22 20:26:52.342871,0.0,68.79,0.0787
2026-03-22 20:26:53.421982,0.0,68.79,0.0678
2026-03-22 20:26:54.499955,0.0,68.79,0.0716
2026-03-22 20:26:55.555319,0.0,68.79,0.0695
2026-03-22 20:26:56.631362,0.0,68.79,0.0676
2026-03-22 20:26:57.686103,0.0,68.79,0.0803
2026-03-22 20:27:00.087564,0.0,68.79,0.0726
2026-03-22 20:27:01.148935,0.0,68.79,0.0766
2026-03-22 20:27:02.199319,0.0,68.79,0.0761
2026-03-22 20:27:03.262027,0.0,68.78,0.0805
2026-03-22 20:27:04.324944,0.0,68.78,0.0717
2026-03-22 20:27:05.374698,0.0,68.78,0.0728
2026-03-22 20:27:06.432259,0.0,68.78,0.0807
2026-03-22 20:27:07.495243,0.0,68.78,0.0731
2026-03-22 20:27:09.867919,0.0,68.78,0.0749
2026-03-22 20:27:10.922765,0.0,68.78,0.0816
2026-03-22 20:27:11.985558,0.0,68.78,0.0706
2026-03-22 20:27:13.044555,0.0,68.78,0.0665
2026-03-22 20:27:14.108247,0.0,68.78,0.0744
2026-03-22 20:27:15.159802,0.0,68.77,0.0789
2026-03-22 20:27:16.215667,0.0,68.77,0.0785
2026-03-22 20:27:17.271242,0.0,68.77,0.0693
2026-03-22 20:27:18.774366,0.0,68.77,0.0761
2026-03-22 20:27:19.813019,0.0,68.77,0.0707
2026-03-22 20:27:20.867162,0.0,68.77,0.073
2026-03-22 20:27:21.935269,0.0,68.77,0.0701
2026-03-22 20:27:22.986096,0.0,68.77,0.0713
2026-03-22 20:27:24.055897,0.0,68.77,0.0796
2026-03-22 20:27:25.125712,0.0,68.77,0.0782
2026-03-22 20:27:26.172058,0.0,68.76,0.0782
2026-03-22 20:27:27.243988,0.0,68.76,0.0724
2026-03-22 20:27:29.197146,0.0,68.76,0.0831
2026-03-22 20:27:30.236191,0.0,68.76,0.0763
2026-03-22 20:27:31.294908,0.0,68.76,0.0811
2026-03-22 20:27:32.351564,0.0,68.76,0.0705
2026-03-22 20:27:33.390336,0.0,68.76,0.0758
2026-03-22 20:27:34.448266,0.0,68.76,0.0718
2026-03-22 20:27:35.503207,0.0,68.76,0.0774
2026-03-22 20:27:36.571745,0.0,68.75,0.0752
2026-03-22 20:27:37.622979,0.0,68.75,0.0678
2026-03-22 20:27:39.923624,0.0,68.75,0.0771
2026-03-22 20:27:40.966229,0.0,68.75,0.073
2026-03-22 20:27:42.036974,0.0,68.75,0.0774
2026-03-22 20:27:43.097809,0.0,68.75,0.0796
2026-03-22 20:27:44.148815,0.0,68.75,0.0696
2026-03-22 20:27:45.211871,0.0,68.75,0.078
2026-03-22 20:27:46.286549,0.0,68.75,0.074
2026-03-22 20:27:47.372994,0.0,68.74,0.077
2026-03-22 20:27:49.954458,0.0,68.74,0.0822
2026-03-22 20:27:51.009780,0.0,68.74,0.0802
2026-03-22 20:27:52.068012,0.0,68.74,0.0731
2026-03-22 20:27:53.126968,0.0,68.74,0.0751
2026-03-22 20:27:54.190034,0.0,68.74,0.0765
2026-03-22 20:27:55.250295,0.0,68.74,0.0779
2026-03-22 20:27:56.335561,0.0,68.74,0.0801
2026-03-22 20:27:57.406899,0.0,68.73,0.0784
2026-03-22 20:28:00.019683,0.0,68.73,0.0721
2026-03-22 20:28:01.079066,0.0,68.73,0.0748
2026-03-22 20:28:02.139914,0.0,68.73,0.0798
2026-03-22 20:28:03.204147,0.0,68.73,0.0764
2026-03-22 20:28:04.263395,0.0,68.73,0.0707
2026-03-22 20:28:05.320298,0.0,68.73,0.0692
2026-03-22 20:28:06.374316,0.0,68.73,0.0739
2026-03-22 20:28:07.433260,0.0,68.73,0.0807
2026-03-22 20:28:09.870694,0.0,68.72,0.0694
2026-03-22 20:28:10.974160,0.0,68.72,0.0765
2026-03-22 20:28:12.046310,0.0,68.72,0.077
2026-03-22 20:28:13.105808,0.0,68.72,0.0703
2026-03-22 20:28:14.177960,0.0,68.72,0.0767
2026-03-22 20:28:15.246184,0.0,68.72,0.082
2026-03-22 20:28:16.309633,0.0,68.72,0.0733
2026-03-22 20:28:17.374728,0.0,68.72,0.0831
2026-03-22 20:28:19.907943,0.0,68.71,0.0714
2026-03-22 20:28:20.959259,0.0,68.71,0.0758
2026-03-22 20:28:22.024906,0.0,68.71,0.0817
2026-03-22 20:28:23.079165,0.0,68.71,0.0689
2026-03-22 20:28:24.144387,0.0,68.71,0.0843
2026-03-22 20:28:25.212285,0.0,68.71,0.0749
2026-03-22 20:28:26.286069,0.0,68.71,0.0781
2026-03-22 20:28:27.350062,0.0,68.71,0.072
2026-03-22 20:28:30.219360,0.0,68.71,0.0737
2026-03-22 20:28:31.289892,0.0,68.7,0.073
2026-03-22 20:28:32.357322,0.0,68.7,0.0812
2026-03-22 20:28:33.409584,0.0,68.7,0.0772
2026-03-22 20:28:34.460566,0.0,68.7,0.0741
2026-03-22 20:28:35.509157,0.0,68.7,0.0738
2026-03-22 20:28:36.560201,0.0,68.7,0.0726
2026-03-22 20:28:37.663878,0.0,68.7,0.0733
2026-03-22 20:28:40.887473,0.0,68.7,0.0756
2026-03-22 20:28:42.055442,0.0,68.69,0.0684
2026-03-22 20:28:43.139303,0.0,68.69,0.0752
2026-03-22 20:28:44.225253,0.0,68.69,0.076
2026-03-22 20:28:45.305050,0.0,68.69,0.0783
2026-03-22 20:28:46.374973,0.0,68.69,0.0777
2026-03-22 20:28:47.444082,0.0,68.69,0.0758
2026-03-22 20:28:50.123750,0.0,68.69,0.0842
2026-03-22 20:28:51.173395,0.0,68.69,0.0804
2026-03-22 20:28:52.219125,0.0,68.68,0.0789
2026-03-22 20:28:53.256636,0.0,68.68,0.0828
2026-03-22 20:28:54.294492,0.0,68.68,0.0715
2026-03-22 20:28:55.338475,0.0,68.68,0.0792
2026-03-22 20:28:56.387464,0.0,68.68,0.0688
2026-03-22 20:28:57.429875,0.0,68.68,0.0756
2026-03-22 20:28:59.854425,0.0,68.68,0.0763
2026-03-22 20:29:00.898857,0.0,68.68,0.0765
2026-03-22 20:29:01.972843,0.0,68.68,0.0763
2026-03-22 20:29:03.026241,0.0,68.67,0.0783
2026-03-22 20:29:04.090230,0.0,68.67,0.0809
2026-03-22 20:29:05.133007,0.0,68.67,0.0776
2026-03-22 20:29:06.177036,0.0,68.67,0.0674
2026-03-22 20:29:07.221364,0.0,68.67,0.068
2026-03-22 20:29:08.835148,0.0,68.67,0.0775
2026-03-22 20:29:09.877792,0.0,68.67,0.0804
2026-03-22 20:29:10.925459,0.0,68.67,0.0781
2026-03-22 20:29:11.960435,0.0,68.67,0.079
2026-03-22 20:29:13.019309,0.0,68.67,0.0786
2026-03-22 20:29:14.058586,0.0,68.66,0.0686
2026-03-22 20:29:15.133312,0.0,68.66,0.0791
2026-03-22 20:29:16.199305,0.0,68.66,0.0756
2026-03-22 20:29:17.268442,0.0,68.66,0.0758
2026-03-22 20:29:18.330039,0.0,68.66,0.0717
2026-03-22 20:29:21.324980,0.0,68.66,0.0744
2026-03-22 20:29:22.377952,0.0,68.66,0.0761
2026-03-22 20:29:23.470997,0.0,68.66,0.078
2026-03-22 20:29:24.549733,0.0,68.65,0.0797
2026-03-22 20:29:25.729685,0.0,68.65,0.0719
2026-03-22 20:29:26.783924,0.0,68.65,0.081
2026-03-22 20:29:27.835839,0.0,68.65,0.0708
2026-03-22 20:29:30.651541,0.0,68.65,0.0785
2026-03-22 20:29:31.690943,0.0,68.65,0.074
2026-03-22 20:29:32.731615,0.0,68.65,0.0795
2026-03-22 20:29:33.778505,0.0,68.65,0.0719
2026-03-22 20:29:34.828251,0.0,68.65,0.072
2026-03-22 20:29:35.864926,0.0,68.64,0.0693
2026-03-22 20:29:36.902731,0.0,68.64,0.0792
2026-03-22 20:29:39.486330,0.0,68.64,0.0784
2026-03-22 20:29:49.112228,0.0,69.94,0.0852
2026-03-22 20:31:21.385753,0.0,69.94,0.0784
2026-03-22 20:31:33.890684,0.0,69.93,0.0734
2026-03-22 20:31:49.939045,0.0,69.92,0.0732
2026-03-22 20:31:56.009171,0.0,69.91,0.083
2026-03-22 20:31:57.052910,0.0,69.91,0.0727
2026-03-22 20:31:59.972091,0.0,69.91,0.078
2026-03-22 20:32:01.162551,0.0,69.91,0.08
2026-03-22 20:32:02.213266,0.0,69.91,0.0702
2026-03-22 20:32:03.252091,0.0,69.9,0.0762
2026-03-22 20:32:04.297986,0.0,69.9,0.0744
2026-03-22 20:32:05.333693,0.0,69.9,0.0747
2026-03-22 20:32:06.374923,0.0,69.9,0.075
2026-03-22 20:32:07.429357,0.0,69.9,0.0706
2026-03-22 20:32:10.393528,0.0,69.9,0.0752
2026-03-22 20:32:11.450349,0.0,69.9,0.079
2026-03-22 20:32:12.524233,0.0,69.9,0.0792
2026-03-22 20:32:13.760586,0.0,69.89,0.0684
2026-03-22 20:32:14.827478,0.0,69.89,0.0764
2026-03-22 20:32:15.881833,0.0,69.89,0.0712
2026-03-22 20:32:16.929313,0.0,69.89,0.078
2026-03-22 20:32:20.532436,0.0,69.89,0.0705
2026-03-22 20:32:21.625133,0.0,69.89,0.0784
2026-03-22 20:32:22.666489,0.0,69.89,0.0748
2026-03-22 20:32:23.720912,0.0,69.89,0.0798
2026-03-22 20:32:24.768570,0.0,69.88,0.0746
2026-03-22 20:32:25.819130,0.0,69.88,0.0825
2026-03-22 20:32:26.875585,0.0,69.88,0.0705
2026-03-22 20:32:29.983871,0.0,69.88,0.0791
2026-03-22 20:32:31.210161,0.0,69.88,0.0819
2026-03-22 20:32:32.298107,0.0,69.88,0.0687
2026-03-22 20:32:33.373337,0.0,69.88,0.0712
2026-03-22 20:32:34.486303,0.0,69.88,0.0798
2026-03-22 20:32:35.559217,0.0,69.87,0.0758
2026-03-22 20:32:36.636142,0.0,69.87,0.0724
2026-03-22 20:32:37.767261,0.0,69.87,0.0718
2026-03-22 20:32:40.634610,0.0,69.87,0.0678
2026-03-22 20:32:41.709960,0.0,69.87,0.0752
2026-03-22 20:32:42.757937,0.0,69.87,0.0686
2026-03-22 20:32:43.805948,0.0,69.87,0.0767
2026-03-22 20:32:44.859982,0.0,69.87,0.0786
2026-03-22 20:32:45.915068,0.0,69.87,0.0783
2026-03-22 20:32:46.980318,0.0,69.86,0.0743
2026-03-22 20:32:48.883621,0.0,69.86,0.0716
2026-03-22 20:32:49.921500,0.0,69.86,0.0825
2026-03-22 20:32:50.982035,0.0,69.86,0.0858
2026-03-22 20:32:52.050997,0.0,69.86,0.0771
2026-03-22 20:32:53.108476,0.0,69.86,0.0775
2026-03-22 20:32:54.177999,0.0,69.86,0.0744
2026-03-22 20:32:55.241635,0.0,69.86,0.0755
2026-03-22 20:32:56.295476,0.0,69.86,0.0731
2026-03-22 20:32:57.363170,0.0,69.85,0.0748
2026-03-22 20:33:00.213180,0.0,69.85,0.0809
2026-03-22 20:33:01.265166,0.0,69.85,0.0774
2026-03-22 20:33:02.328107,0.0,69.85,0.0678
2026-03-22 20:33:03.398891,0.0,69.85,0.0684
2026-03-22 20:33:04.456587,0.0,69.85,0.0781
2026-03-22 20:33:05.533198,0.0,69.85,0.0769
2026-03-22 20:33:06.603919,0.0,69.85,0.0728
2026-03-22 20:33:07.654744,0.0,69.85,0.0756
2026-03-22 20:33:10.250057,0.0,69.84,0.074
2026-03-22 20:33:11.303866,0.0,69.84,0.0727
2026-03-22 20:33:12.374349,0.0,69.84,0.0717
2026-03-22 20:33:13.434828,0.0,69.84,0.0743
2026-03-22 20:33:14.474764,0.0,69.84,0.0781
2026-03-22 20:33:15.519059,0.0,69.84,0.0791
2026-03-22 20:33:16.581889,0.0,69.84,0.081
2026-03-22 20:33:17.636918,0.0,69.84,0.0734
2026-03-22 20:33:19.939796,0.0,69.83,0.0754
2026-03-22 20:33:20.991864,0.0,69.83,0.0804
2026-03-22 20:33:22.047091,0.0,69.83,0.0749
2026-03-22 20:33:23.099121,0.0,69.83,0.0737
2026-03-22 20:33:24.162656,0.0,69.83,0.0775
2026-03-22 20:33:25.213259,0.0,69.83,0.0778
2026-03-22 20:33:26.269384,0.0,69.83,0.0796
2026-03-22 20:33:27.354949,0.0,69.83,0.0765
2026-03-22 20:33:30.189388,0.0,69.82,0.0703
2026-03-22 20:33:31.247352,0.0,69.82,0.0739
2026-03-22 20:33:32.303494,0.0,69.82,0.0733
2026-03-22 20:33:33.360793,0.0,69.82,0.0805
2026-03-22 20:33:34.421063,0.0,69.82,0.0763
2026-03-22 20:33:35.486655,0.0,69.82,0.077
2026-03-22 20:33:36.545197,0.0,69.82,0.0725
2026-03-22 20:33:37.615814,0.0,69.82,0.0734
2026-03-22 20:33:39.887391,0.0,69.82,0.0726
2026-03-22 20:33:40.968798,0.0,69.81,0.074
2026-03-22 20:33:42.078457,0.0,69.81,0.0773
2026-03-22 20:33:43.156010,0.0,69.81,0.0815
2026-03-22 20:33:44.588666,0.0,69.81,0.0707
2026-03-22 20:33:45.646091,0.0,69.81,0.0724
2026-03-22 20:33:46.707710,0.0,69.81,0.0808
2026-03-22 20:33:47.780684,0.0,69.81,0.0817
2026-03-22 20:33:50.284110,0.0,69.81,0.0714
2026-03-22 20:33:51.340380,0.0,69.81,0.0799
2026-03-22 20:33:52.392990,0.0,69.8,0.0799
2026-03-22 20:33:53.445195,0.0,69.8,0.0701
2026-03-22 20:33:54.517386,0.0,69.8,0.0716
2026-03-22 20:33:55.576898,0.0,69.8,0.0771
2026-03-22 20:33:56.639591,0.0,69.8,0.0777
2026-03-22 20:33:57.711561,0.0,69.8,0.0817
2026-03-22 20:34:00.248967,0.0,69.8,0.0853
2026-03-22 20:34:01.307048,0.0,69.8,0.0695
2026-03-22 20:34:02.367040,0.0,69.79,0.0804
2026-03-22 20:34:03.421212,0.0,69.79,0.0725
2026-03-22 20:34:04.482120,0.0,69.79,0.081
2026-03-22 20:34:05.565249,0.0,69.79,0.0789
2026-03-22 20:34:06.637614,0.0,69.79,0.0814
2026-03-22 20:34:07.701071,0.0,69.79,0.0783
2026-03-22 20:34:09.998615,0.0,69.79,0.0714
2026-03-22 20:34:11.058214,0.0,69.79,0.0752
2026-03-22 20:34:12.125195,0.0,69.79,0.0758
2026-03-22 20:34:13.322503,0.0,69.78,0.0757
2026-03-22 20:34:14.538951,0.0,69.78,0.0766
2026-03-22 20:34:15.596522,0.0,69.78,0.076
2026-03-22 20:34:16.641107,0.0,69.78,0.0761
2026-03-22 20:34:17.697852,0.0,69.78,0.0756
2026-03-22 20:34:20.363126,0.0,69.78,0.0722
2026-03-22 20:34:21.519619,0.0,69.78,0.0759
2026-03-22 20:34:22.588225,0.0,69.78,0.0734
2026-03-22 20:34:23.650913,0.0,69.78,0.0702
2026-03-22 20:34:24.725169,0.0,69.77,0.0839
2026-03-22 20:34:25.775068,0.0,69.77,0.0744
2026-03-22 20:34:26.826049,0.0,69.77,0.0743
2026-03-22 20:34:29.288630,0.0,69.77,0.0765
2026-03-22 20:34:30.418485,0.0,69.77,0.0746
2026-03-22 20:34:31.469261,0.0,69.77,0.0796
2026-03-22 20:34:32.522839,0.0,69.77,0.0763
2026-03-22 20:34:33.575329,0.0,69.77,0.068
2026-03-22 20:34:34.630114,0.0,69.77,0.0862
2026-03-22 20:34:35.691578,0.0,69.76,0.077
2026-03-22 20:34:36.744216,0.0,69.76,0.0775
2026-03-22 20:34:38.860842,0.0,69.76,0.083
2026-03-22 20:34:39.896017,0.0,69.76,0.0798
2026-03-22 20:34:40.948234,0.0,69.76,0.0796
2026-03-22 20:34:42.006690,0.0,69.76,0.0761
2026-03-22 20:34:43.073947,0.0,69.76,0.0815
2026-03-22 20:34:44.129914,0.0,69.76,0.0751
2026-03-22 20:34:45.181219,0.0,69.75,0.0735
2026-03-22 20:34:46.233897,0.0,69.75,0.0725
2026-03-22 20:34:47.311993,0.0,69.75,0.0791
2026-03-22 20:34:50.331993,0.0,69.75,0.081
2026-03-22 20:34:51.390711,0.0,69.75,0.077
2026-03-22 20:34:52.442262,0.0,69.75,0.0768
2026-03-22 20:34:53.498705,0.0,69.75,0.0776
2026-03-22 20:34:54.549182,0.0,69.75,0.0835
2026-03-22 20:34:55.606107,0.0,69.74,0.0788
2026-03-22 20:34:56.657021,0.0,69.74,0.0787
2026-03-22 20:34:57.713254,0.0,69.74,0.0733
2026-03-22 20:34:59.850969,0.0,69.74,0.0805
2026-03-22 20:35:00.906827,0.0,69.74,0.0814
2026-03-22 20:35:01.959443,0.0,69.74,0.067
2026-03-22 20:35:03.010040,0.0,69.74,0.069
2026-03-22 20:35:04.064354,0.0,69.74,0.0729
2026-03-22 20:35:05.113960,0.0,69.74,0.0826
2026-03-22 20:35:06.168736,0.0,69.74,0.0747
2026-03-22 20:35:07.229084,0.0,69.73,0.072
2026-03-22 20:35:09.020220,0.0,69.73,0.0794
2026-03-22 20:35:10.053236,0.0,69.73,0.0767
2026-03-22 20:35:11.106132,0.0,69.73,0.0766
2026-03-22 20:35:12.158903,0.0,69.73,0.0742
2026-03-22 20:35:13.319436,0.0,69.73,0.0835
2026-03-22 20:35:14.543216,0.0,69.73,0.0745
2026-03-22 20:35:15.595372,0.0,69.73,0.0804
2026-03-22 20:35:16.663117,0.0,69.73,0.0759
2026-03-22 20:35:17.714605,0.0,69.72,0.0791
2026-03-22 20:35:19.866680,0.0,69.72,0.0815
2026-03-22 20:35:20.918588,0.0,69.72,0.0706
2026-03-22 20:35:21.972314,0.0,69.72,0.0706
2026-03-22 20:35:23.043300,0.0,69.72,0.0744
2026-03-22 20:35:24.107893,0.0,69.72,0.0742
2026-03-22 20:35:25.158569,0.0,69.72,0.0739
2026-03-22 20:35:26.220119,0.0,69.72,0.0758
2026-03-22 20:35:27.279897,0.0,69.72,0.0813
2026-03-22 20:35:28.966806,0.0,69.71,0.0711
2026-03-22 20:35:30.075070,0.0,69.71,0.0718
2026-03-22 20:35:31.125568,0.0,69.71,0.0814
2026-03-22 20:35:32.180763,0.0,69.71,0.0724
2026-03-22 20:35:33.231500,0.0,69.71,0.0788
2026-03-22 20:35:34.298903,0.0,69.71,0.0711
2026-03-22 20:35:35.371047,0.0,69.71,0.079
2026-03-22 20:35:36.435564,0.0,69.71,0.0748
2026-03-22 20:35:37.494197,0.0,69.71,0.0709
2026-03-22 20:35:40.118875,0.0,69.7,0.0676
2026-03-22 20:35:41.177553,0.0,69.7,0.0746
2026-03-22 20:35:42.228678,0.0,69.7,0.071
2026-03-22 20:35:43.315020,0.0,69.7,0.0769
2026-03-22 20:35:44.390689,0.0,69.7,0.0778
2026-03-22 20:35:45.452147,0.0,69.7,0.0754
2026-03-22 20:35:46.503879,0.0,69.7,0.0793
2026-03-22 20:35:47.559933,0.0,69.7,0.0815
2026-03-22 20:35:49.791606,0.0,69.69,0.0789
2026-03-22 20:35:50.847234,0.0,69.69,0.0726
2026-03-22 20:35:51.898753,0.0,69.69,0.078
2026-03-22 20:35:52.951936,0.0,69.69,0.079
2026-03-22 20:35:54.013081,0.0,69.69,0.0728
2026-03-22 20:35:55.076452,0.0,69.69,0.0753
2026-03-22 20:35:56.128666,0.0,69.69,0.0777
2026-03-22 20:35:57.196186,0.0,69.69,0.0736
2026-03-22 20:35:59.110313,0.0,69.69,0.0818
2026-03-22 20:36:00.151696,0.0,69.69,0.0769
2026-03-22 20:36:01.210703,0.0,69.68,0.0779
2026-03-22 20:36:02.265540,0.0,69.68,0.0763
2026-03-22 20:36:03.322238,0.0,69.68,0.0811
2026-03-22 20:36:04.376229,0.0,69.68,0.0744
2026-03-22 20:36:05.429123,0.0,69.68,0.0789
2026-03-22 20:36:06.504485,0.0,69.68,0.0748
2026-03-22 20:36:07.566014,0.0,69.68,0.0766
2026-03-22 20:36:10.011726,0.0,69.68,0.0795
2026-03-22 20:36:11.076065,0.0,69.67,0.0805
2026-03-22 20:36:12.136112,0.0,69.67,0.0801
2026-03-22 20:36:13.342712,0.0,69.67,0.0825
2026-03-22 20:36:14.566084,0.0,69.67,0.0833
2026-03-22 20:36:15.621254,0.0,69.67,0.0804
2026-03-22 20:36:16.686090,0.0,69.67,0.0744
2026-03-22 20:36:17.741732,0.0,69.67,0.0719
2026-03-22 20:36:20.334030,0.0,69.67,0.0717
2026-03-22 20:36:21.390104,0.0,69.67,0.0756
2026-03-22 20:36:22.441341,0.0,69.66,0.0737
2026-03-22 20:36:23.507097,0.0,69.66,0.0832
2026-03-22 20:36:24.568940,0.0,69.66,0.0748
2026-03-22 20:36:25.630242,0.0,69.66,0.0784
2026-03-22 20:36:26.685032,0.0,69.66,0.0736
2026-03-22 20:36:27.743210,0.0,69.66,0.0735
2026-03-22 20:36:30.486022,0.0,69.66,0.0808
2026-03-22 20:36:31.562000,0.0,69.66,0.0803
2026-03-22 20:36:32.651071,0.0,69.65,0.0738
2026-03-22 20:36:33.702097,0.0,69.65,0.0673
2026-03-22 20:36:34.776134,0.0,69.65,0.071
2026-03-22 20:36:35.841005,0.0,69.65,0.0801
2026-03-22 20:36:36.895688,0.0,69.65,0.0802
2026-03-22 20:36:39.568862,0.0,69.65,0.0787
2026-03-22 20:36:40.614087,0.0,69.65,0.0824
2026-03-22 20:36:41.668006,0.0,69.65,0.0711
2026-03-22 20:36:42.722491,0.0,69.65,0.0782
2026-03-22 20:36:43.775350,0.0,69.64,0.0741
2026-03-22 20:36:44.839579,0.0,69.64,0.0701
2026-03-22 20:36:45.953567,0.0,69.64,0.0734
2026-03-22 20:36:47.004548,0.0,69.64,0.0826
2026-03-22 20:36:49.076289,0.0,69.64,0.0806
2026-03-22 20:36:50.110685,0.0,69.64,0.0791
2026-03-22 20:36:51.172531,0.0,69.64,0.0786
2026-03-22 20:36:52.225201,0.0,69.64,0.0741
2026-03-22 20:36:53.278287,0.0,69.64,0.077
2026-03-22 20:36:54.351684,0.0,69.63,0.0798
2026-03-22 20:36:55.411249,0.0,69.63,0.0776
2026-03-22 20:36:56.464826,0.0,69.63,0.0682
2026-03-22 20:36:57.546484,0.0,69.63,0.0745
2026-03-22 20:37:00.773616,0.0,69.63,0.0822
2026-03-22 20:37:01.841495,0.0,69.63,0.0799
2026-03-22 20:37:02.905611,0.0,69.63,0.0799
2026-03-22 20:37:03.971501,0.0,69.63,0.0824
2026-03-22 20:37:05.025873,0.0,69.62,0.0775
2026-03-22 20:37:06.075618,0.0,69.62,0.0745
2026-03-22 20:37:07.126040,0.0,69.62,0.0758
2026-03-22 20:37:09.009857,0.0,69.62,0.0793
2026-03-22 20:37:10.051637,0.0,69.62,0.0768
2026-03-22 20:37:11.104367,0.0,69.62,0.0792
2026-03-22 20:37:12.150120,0.0,69.62,0.0796
2026-03-22 20:37:13.540917,0.0,69.62,0.0776
2026-03-22 20:37:14.910272,0.0,69.61,0.0826
2026-03-22 20:37:15.964020,0.0,69.61,0.0803
2026-03-22 20:37:17.031037,0.0,69.61,0.075
2026-03-22 20:37:19.249979,0.0,69.61,0.0793
2026-03-22 20:37:20.293606,0.0,69.61,0.0789
2026-03-22 20:37:21.495726,0.0,69.61,0.0691
2026-03-22 20:37:22.557171,0.0,69.61,0.0848
2026-03-22 20:37:23.621937,0.0,69.61,0.0791
2026-03-22 20:37:24.679344,0.0,69.61,0.0795
2026-03-22 20:37:25.733031,0.0,69.6,0.0708
2026-03-22 20:37:26.788876,0.0,69.6,0.0815
2026-03-22 20:37:29.192154,0.0,69.6,0.0806
2026-03-22 20:37:30.301646,0.0,69.6,0.0743
2026-03-22 20:37:31.363882,0.0,69.6,0.0744
2026-03-22 20:37:32.431443,0.0,69.6,0.0795
2026-03-22 20:37:33.489570,0.0,69.6,0.0768
2026-03-22 20:37:34.546576,0.0,69.6,0.078
2026-03-22 20:37:35.605235,0.0,69.59,0.081
2026-03-22 20:37:36.685534,0.0,69.59,0.0698
2026-03-22 20:37:37.739013,0.0,69.59,0.0801
2026-03-22 20:37:40.230269,0.0,69.59,0.071
2026-03-22 20:37:41.287464,0.0,69.59,0.0827
2026-03-22 20:37:42.343585,0.0,69.59,0.0782
2026-03-22 20:37:43.788207,0.0,69.59,0.0723
2026-03-22 20:37:44.839779,0.0,69.59,0.0742
2026-03-22 20:37:45.893271,0.0,69.59,0.0781
2026-03-22 20:37:46.950992,0.0,69.58,0.0771
2026-03-22 20:37:49.771842,0.0,69.58,0.0719
2026-03-22 20:37:50.814174,0.0,69.58,0.0747
2026-03-22 20:37:51.879384,0.0,69.58,0.0712
2026-03-22 20:37:52.947186,0.0,69.58,0.0758
2026-03-22 20:37:54.000321,0.0,69.58,0.0814
2026-03-22 20:37:55.056794,0.0,69.58,0.0833
2026-03-22 20:37:56.112307,0.0,69.58,0.0839
2026-03-22 20:37:57.167101,0.0,69.58,0.0726
2026-03-22 20:37:58.856386,0.0,69.57,0.0766
2026-03-22 20:37:59.964374,0.0,69.57,0.075
2026-03-22 20:38:01.022940,0.0,69.57,0.0721
2026-03-22 20:38:02.087176,0.0,69.57,0.077
2026-03-22 20:38:03.143185,0.0,69.57,0.0755
2026-03-22 20:38:04.198546,0.0,69.57,0.076
2026-03-22 20:38:05.252947,0.0,69.57,0.0678
2026-03-22 20:38:06.307706,0.0,69.57,0.0758
2026-03-22 20:38:07.387942,0.0,69.57,0.0692
2026-03-22 20:38:09.953075,0.0,69.56,0.0695
2026-03-22 20:38:11.003903,0.0,69.56,0.0819
2026-03-22 20:38:12.073921,0.0,69.56,0.0694
2026-03-22 20:38:13.142037,0.0,69.56,0.075
2026-03-22 20:38:14.317192,0.0,69.56,0.0801
2026-03-22 20:38:15.395070,0.0,69.56,0.0795
2026-03-22 20:38:16.507897,0.0,69.56,0.0725
2026-03-22 20:38:17.601363,0.0,69.56,0.0683
2026-03-22 20:38:20.561081,0.0,69.55,0.0792
2026-03-22 20:38:21.621353,0.0,69.55,0.0842
2026-03-22 20:38:22.701046,0.0,69.55,0.0681
2026-03-22 20:38:23.767484,0.0,69.55,0.0751
2026-03-22 20:38:24.803925,0.0,69.55,0.074
2026-03-22 20:38:25.846851,0.0,69.55,0.0725
2026-03-22 20:38:26.879884,0.0,69.55,0.078
2026-03-22 20:38:29.579998,0.0,69.55,0.0775
2026-03-22 20:38:30.983934,0.0,69.54,0.0763
2026-03-22 20:38:32.032983,0.0,69.54,0.0831
2026-03-22 20:38:33.083300,0.0,69.54,0.0734
2026-03-22 20:38:34.135763,0.0,69.54,0.0846
2026-03-22 20:38:35.178606,0.0,69.54,0.073
2026-03-22 20:38:36.226658,0.0,69.54,0.0758
2026-03-22 20:38:37.308922,0.0,69.54,0.0845
2026-03-22 20:38:39.844343,0.0,69.54,0.0761
2026-03-22 20:38:40.887864,0.0,69.53,0.0817
2026-03-22 20:38:41.950246,0.0,69.53,0.0729
2026-03-22 20:38:43.059549,0.0,69.53,0.0812
2026-03-22 20:38:44.134685,0.0,69.53,0.072
2026-03-22 20:38:45.188568,0.0,69.53,0.0759
2026-03-22 20:38:46.240225,0.0,69.53,0.0815
2026-03-22 20:38:47.304789,0.0,69.53,0.0791
2026-03-22 20:38:49.646278,0.0,69.53,0.077
2026-03-22 20:38:50.697981,0.0,69.53,0.0822
2026-03-22 20:38:51.778095,0.0,69.52,0.0847
2026-03-22 20:38:52.899871,0.0,69.52,0.0793
2026-03-22 20:38:54.077012,0.0,69.52,0.0756
2026-03-22 20:38:55.337997,0.0,69.52,0.0822
2026-03-22 20:38:56.442766,0.0,69.52,0.076
2026-03-22 20:38:57.785000,0.0,69.52,0.0767
2026-03-22 20:39:02.034454,0.0,69.51,0.0732
2026-03-22 20:39:03.139093,0.0,69.51,0.0789
2026-03-22 20:39:04.214624,0.0,69.51,0.0819
2026-03-22 20:39:05.347173,0.0,69.51,0.0826
2026-03-22 20:39:06.402596,0.0,69.51,0.0721
2026-03-22 20:39:07.451505,0.0,69.51,0.0758
2026-03-22 20:39:10.978510,0.0,69.51,0.0764
2026-03-22 20:39:12.214534,0.0,69.51,0.0775
2026-03-22 20:39:13.302003,0.0,69.5,0.0677
2026-03-22 20:39:14.459100,0.0,69.5,0.0749
2026-03-22 20:39:15.580360,0.0,69.5,0.0756
2026-03-22 20:39:16.663349,0.0,69.5,0.0709
2026-03-22 20:39:18.103566,0.0,69.5,0.078
2026-03-22 20:39:19.156119,0.0,69.5,0.0799
2026-03-22 20:39:20.227476,0.0,69.5,0.0773
2026-03-22 20:39:21.270774,0.0,69.5,0.0736
2026-03-22 20:39:22.321233,0.0,69.5,0.0742
2026-03-22 20:39:23.385984,0.0,69.5,0.0704
2026-03-22 20:39:24.452118,0.0,69.49,0.0749
2026-03-22 20:39:25.518190,0.0,69.49,0.0774
2026-03-22 20:39:26.572095,0.0,69.49,0.0777
2026-03-22 20:39:27.625088,0.0,69.49,0.0724
2026-03-22 20:39:28.701101,0.0,69.49,0.0756
2026-03-22 20:39:29.742161,0.0,69.49,0.0791
2026-03-22 20:39:30.812894,0.0,69.49,0.0809
2026-03-22 20:39:31.883538,0.0,69.49,0.0787
2026-03-22 20:39:32.948032,0.0,69.49,0.073
2026-03-22 20:39:34.013377,0.0,69.49,0.0742
2026-03-22 20:39:35.063874,0.0,69.48,0.0737
2026-03-22 20:39:36.123993,0.0,69.48,0.0719
2026-03-22 20:39:37.170165,0.0,69.48,0.0829
2026-03-22 20:39:38.224624,0.0,69.48,0.0798
2026-03-22 20:39:39.277643,0.0,69.48,0.0732
2026-03-22 20:39:40.337279,0.0,69.48,0.0753
2026-03-22 20:39:41.395012,0.0,69.48,0.0696
2026-03-22 20:39:42.458785,0.0,69.48,0.0771
2026-03-22 20:39:43.508346,0.0,69.48,0.0722
2026-03-22 20:39:44.584367,0.0,69.48,0.0771
2026-03-22 20:39:45.664207,0.0,69.47,0.0738
2026-03-22 20:39:46.732620,0.0,69.47,0.072
2026-03-22 20:39:47.765041,0.0,69.47,0.0793
2026-03-22 20:39:48.813687,0.0,69.47,0.0752
2026-03-22 20:39:49.896122,0.0,69.47,0.0735
2026-03-22 20:39:50.993021,0.0,69.47,0.0737
2026-03-22 20:39:52.073370,0.0,69.47,0.0686
2026-03-22 20:39:53.152943,0.0,69.47,0.076
2026-03-22 20:39:54.251957,0.0,69.47,0.0834
2026-03-22 20:39:55.303634,0.0,69.47,0.0754
2026-03-22 20:39:56.367632,0.0,69.46,0.0742
2026-03-22 20:39:57.476843,0.0,69.46,0.0684
2026-03-22 20:39:58.550046,0.0,69.46,0.0688
2026-03-22 20:39:59.717667,0.0,69.46,0.0795
2026-03-22 20:40:00.779095,0.0,69.46,0.0724
2026-03-22 20:40:01.855046,0.0,69.46,0.0756
2026-03-22 20:40:02.916850,0.0,69.46,0.0798
2026-03-22 20:40:03.957739,0.0,69.46,0.0778
2026-03-22 20:40:05.000479,0.0,69.46,0.0775
2026-03-22 20:40:06.036530,0.0,69.46,0.0732
2026-03-22 20:40:07.080198,0.0,69.45,0.0757
2026-03-22 20:40:08.136508,0.0,69.45,0.0719
2026-03-22 20:40:09.197713,0.0,69.45,0.0801
2026-03-22 20:40:10.262109,0.0,69.45,0.0776
2026-03-22 20:40:11.327921,0.0,69.45,0.0742
2026-03-22 20:40:12.387684,0.0,69.45,0.0781
2026-03-22 20:40:13.430293,0.0,69.45,0.081
2026-03-22 20:40:14.478627,0.0,69.45,0.0665
2026-03-22 20:40:15.545449,0.0,69.45,0.0708
2026-03-22 20:40:16.596010,0.0,69.45,0.0701
2026-03-22 20:40:17.658757,0.0,69.45,0.0731
2026-03-22 20:40:18.724312,0.0,69.44,0.0755
2026-03-22 20:40:19.793878,0.0,69.44,0.0778
2026-03-22 20:40:20.845694,0.0,69.44,0.0764
2026-03-22 20:40:21.907377,0.0,69.44,0.0767
2026-03-22 20:40:22.985834,0.0,69.44,0.0756
2026-03-22 20:40:24.041937,0.0,69.44,0.075
2026-03-22 20:40:25.095214,0.0,69.44,0.0778
2026-03-22 20:40:26.154622,0.0,69.44,0.0755
2026-03-22 20:40:27.222241,0.0,69.44,0.0836
2026-03-22 20:40:28.362650,0.0,69.44,0.0759
2026-03-22 20:40:29.539825,0.0,69.43,0.0799
2026-03-22 20:40:30.606937,0.0,69.43,0.08
2026-03-22 20:40:31.668998,0.0,69.43,0.0685
2026-03-22 20:40:32.737039,0.0,69.43,0.0847
2026-03-22 20:40:33.804618,0.0,69.43,0.0696
2026-03-22 20:40:34.854778,0.0,69.43,0.0709
2026-03-22 20:40:35.948038,0.0,69.43,0.0786
2026-03-22 20:40:37.023774,0.0,69.43,0.0801
2026-03-22 20:40:38.080678,0.0,69.43,0.0791
2026-03-22 20:40:39.141694,0.0,69.43,0.0776
2026-03-22 20:40:40.420886,0.0,69.42,0.069
2026-03-22 20:40:41.496210,0.0,69.42,0.0683
2026-03-22 20:40:42.561827,0.0,69.42,0.0743
2026-03-22 20:40:43.673308,0.0,69.42,0.0674
2026-03-22 20:40:44.726203,0.0,69.42,0.079
2026-03-22 20:40:45.795882,0.0,69.42,0.0744
2026-03-22 20:40:46.938030,0.0,69.42,0.0759
2026-03-22 20:40:47.999196,0.0,69.42,0.0814
2026-03-22 20:40:49.077766,0.0,69.42,0.0793
2026-03-22 20:40:50.213010,0.0,69.42,0.0788
2026-03-22 20:40:51.274028,0.0,69.41,0.0802
2026-03-22 20:40:52.333954,0.0,69.41,0.0726
2026-03-22 20:40:53.389161,0.0,69.41,0.0731
2026-03-22 20:40:54.483509,0.0,69.41,0.0695
2026-03-22 20:40:55.546116,0.0,69.41,0.0712
2026-03-22 20:40:56.617074,0.0,69.41,0.0741
2026-03-22 20:40:57.681733,0.0,69.41,0.0734
2026-03-22 20:40:58.749145,0.0,69.41,0.0713
2026-03-22 20:40:59.811625,0.0,69.41,0.0761
2026-03-22 20:41:00.867028,0.0,69.41,0.0721
2026-03-22 20:41:01.921299,0.0,69.4,0.0762
2026-03-22 20:41:02.974005,0.0,69.4,0.0773
2026-03-22 20:41:04.025457,0.0,69.4,0.0777
2026-03-22 20:41:05.099293,0.0,69.4,0.083
2026-03-22 20:41:06.162563,0.0,69.4,0.0732
2026-03-22 20:41:07.224346,0.0,69.4,0.0802
2026-03-22 20:41:08.286654,0.0,69.4,0.0838
2026-03-22 20:41:09.346665,0.0,69.4,0.074
2026-03-22 20:41:10.398146,0.0,69.4,0.074
2026-03-22 20:41:11.453304,0.0,69.4,0.0822
2026-03-22 20:41:12.520557,0.0,69.39,0.0769
2026-03-22 20:41:13.591764,0.0,69.39,0.0834
2026-03-22 20:41:14.695503,0.0,69.39,0.077
2026-03-22 20:41:15.769322,0.0,69.39,0.0719
2026-03-22 20:41:16.840596,0.0,69.39,0.0797
2026-03-22 20:41:17.898849,0.0,69.39,0.0728
2026-03-22 20:41:18.953744,0.0,69.39,0.0717
2026-03-22 20:41:20.006620,0.0,69.39,0.0737
2026-03-22 20:41:21.066023,0.0,69.39,0.069
2026-03-22 20:41:22.197712,0.0,69.39,0.076
2026-03-22 20:41:23.251991,0.0,69.38,0.0748
2026-03-22 20:41:24.294671,0.0,69.38,0.0851
2026-03-22 20:41:25.351171,0.0,69.38,0.0717
2026-03-22 20:41:26.421532,0.0,69.38,0.0765
2026-03-22 20:41:27.491207,0.0,69.38,0.0767
2026-03-22 20:41:28.556762,0.0,69.38,0.0736
2026-03-22 20:41:29.617792,0.0,69.38,0.077
2026-03-22 20:41:30.712062,0.0,69.38,0.0715
2026-03-22 20:41:31.777032,0.0,69.38,0.0718
2026-03-22 20:41:32.834821,0.0,69.38,0.0779
2026-03-22 20:41:33.892823,0.0,69.37,0.0667
2026-03-22 20:41:34.935075,0.0,69.37,0.0698
2026-03-22 20:41:36.037474,0.0,69.37,0.0808
2026-03-22 20:41:37.109954,0.0,69.37,0.0739
2026-03-22 20:41:38.197699,0.0,69.37,0.0702
2026-03-22 20:41:39.269303,0.0,69.37,0.0742
2026-03-22 20:41:40.331064,0.0,69.37,0.0696
2026-03-22 20:41:41.403031,0.0,69.37,0.0771
2026-03-22 20:41:42.466001,0.0,69.37,0.0818
2026-03-22 20:41:43.547971,0.0,69.37,0.077
2026-03-22 20:41:44.652328,0.0,69.37,0.0749
2026-03-22 20:41:45.725977,0.0,69.36,0.0699
2026-03-22 20:41:46.783328,0.0,69.36,0.0803
2026-03-22 20:41:47.839457,0.0,69.36,0.0796
2026-03-22 20:41:48.883085,0.0,69.36,0.0785
2026-03-22 20:41:49.935799,0.0,69.36,0.0764
2026-03-22 20:41:50.989621,0.0,69.36,0.0748
2026-03-22 20:41:52.045841,0.0,69.36,0.0774
2026-03-22 20:41:53.109976,0.0,69.36,0.0787
2026-03-22 20:41:54.165121,0.0,69.36,0.0747
2026-03-22 20:41:55.227784,0.0,69.36,0.0793
2026-03-22 20:41:56.283495,0.0,69.35,0.0729
2026-03-22 20:41:57.352824,0.0,69.35,0.0735
2026-03-22 20:41:58.403869,0.0,69.35,0.0824
2026-03-22 20:41:59.457470,0.0,69.35,0.0823
2026-03-22 20:42:00.515635,0.0,69.35,0.0797
2026-03-22 20:42:01.573971,0.0,69.35,0.0775
2026-03-22 20:42:02.631737,0.0,69.35,0.0841
2026-03-22 20:42:03.696102,0.0,69.35,0.0811
2026-03-22 20:42:04.752735,0.0,69.35,0.0711
2026-03-22 20:42:05.816001,0.0,69.35,0.0692
2026-03-22 20:42:06.874109,0.0,69.34,0.0824
2026-03-22 20:42:07.933780,0.0,69.34,0.0784
2026-03-22 20:42:08.990701,0.0,69.34,0.0841
2026-03-22 20:42:10.040567,0.0,69.34,0.0763
2026-03-22 20:42:11.092944,0.0,69.34,0.081
2026-03-22 20:42:12.147802,0.0,69.34,0.0813
2026-03-22 20:42:13.341497,0.0,69.34,0.0753
2026-03-22 20:42:14.561649,0.0,69.34,0.0752
2026-03-22 20:42:15.635953,0.0,69.34,0.0729
2026-03-22 20:42:16.702804,0.0,69.33,0.0751
2026-03-22 20:42:17.759482,0.0,69.33,0.0762
2026-03-22 20:42:18.827324,0.0,69.33,0.0786
2026-03-22 20:42:19.878859,0.0,69.33,0.0812
2026-03-22 20:42:20.927548,0.0,69.33,0.0708
2026-03-22 20:42:21.965869,0.0,69.33,0.0709
2026-03-22 20:42:23.012860,0.0,69.33,0.0698
2026-03-22 20:42:24.056984,0.0,69.33,0.083
2026-03-22 20:42:25.110862,0.0,69.33,0.0784
2026-03-22 20:42:26.147465,0.0,69.33,0.0686
2026-03-22 20:42:27.213301,0.0,69.33,0.0744
2026-03-22 20:42:28.357643,0.0,69.32,0.0758
2026-03-22 20:42:29.525314,0.0,69.32,0.0698
2026-03-22 20:42:30.564598,0.0,69.32,0.0787
2026-03-22 20:42:31.634873,0.0,69.32,0.0777
2026-03-22 20:42:32.705573,0.0,69.32,0.0764
2026-03-22 20:42:33.746042,0.0,69.32,0.0817
2026-03-22 20:42:34.799078,0.0,69.32,0.0681
2026-03-22 20:42:35.894911,0.0,69.32,0.0702
2026-03-22 20:42:36.956715,0.0,69.32,0.0773
2026-03-22 20:42:38.047047,0.0,69.32,0.0715
2026-03-22 20:42:39.099082,0.0,69.31,0.0676
2026-03-22 20:42:40.161479,0.0,69.31,0.074
2026-03-22 20:42:41.219788,0.0,69.31,0.0777
2026-03-22 20:42:42.271997,0.0,69.31,0.08
2026-03-22 20:42:43.339030,0.0,69.31,0.0724
2026-03-22 20:42:44.597554,0.0,69.31,0.0769
2026-03-22 20:42:45.682393,0.0,69.31,0.0705
2026-03-22 20:42:46.747454,0.0,69.31,0.0757
2026-03-22 20:42:47.809643,0.0,69.31,0.073
2026-03-22 20:42:48.884597,0.0,69.31,0.0776
2026-03-22 20:42:49.945327,0.0,69.3,0.0771
2026-03-22 20:42:51.009051,0.0,69.3,0.0767
2026-03-22 20:42:52.059624,0.0,69.3,0.0794
2026-03-22 20:42:53.116577,0.0,69.3,0.0762
2026-03-22 20:42:54.168454,0.0,69.3,0.079
2026-03-22 20:42:55.234285,0.0,69.3,0.0708
2026-03-22 20:42:56.284579,0.0,69.3,0.0798
2026-03-22 20:42:57.339593,0.0,69.3,0.0751
2026-03-22 20:42:58.385859,0.0,69.3,0.0734
2026-03-22 20:42:59.419509,0.0,69.3,0.0747
2026-03-22 20:43:00.479163,0.0,69.29,0.082
2026-03-22 20:43:01.570056,0.0,69.29,0.0745
2026-03-22 20:43:02.628137,0.0,69.29,0.083
2026-03-22 20:43:03.701206,0.0,69.29,0.0786
2026-03-22 20:43:04.774458,0.0,69.29,0.0809
2026-03-22 20:43:05.847953,0.0,69.29,0.0705
2026-03-22 20:43:06.901803,0.0,69.29,0.0726
2026-03-22 20:43:08.002150,0.0,69.29,0.0735
2026-03-22 20:43:09.086291,0.0,69.29,0.0812
2026-03-22 20:43:10.163823,0.0,69.29,0.0787
2026-03-22 20:43:11.260389,0.0,69.28,0.0778
2026-03-22 20:43:12.531757,0.0,69.28,0.0749
2026-03-22 20:43:13.662158,0.0,69.28,0.0732
2026-03-22 20:43:14.719990,0.0,69.28,0.0792
2026-03-22 20:43:15.770728,0.0,69.28,0.0717
2026-03-22 20:43:16.857701,0.0,69.28,0.0711
2026-03-22 20:43:17.931694,0.0,69.28,0.0786
2026-03-22 20:43:19.119042,0.0,69.28,0.0753
2026-03-22 20:43:20.213068,0.0,69.28,0.0744
2026-03-22 20:43:21.294445,0.0,69.28,0.0752
2026-03-22 20:43:22.389237,0.0,69.27,0.0798
2026-03-22 20:43:23.457693,0.0,69.27,0.0744
2026-03-22 20:43:24.537808,0.0,69.27,0.0754
2026-03-22 20:43:25.616314,0.0,69.27,0.0796
2026-03-22 20:43:26.687421,0.0,69.27,0.0801
2026-03-22 20:43:27.728336,0.0,69.27,0.0792
2026-03-22 20:43:28.769806,0.0,69.27,0.0777
2026-03-22 20:43:29.814579,0.0,69.27,0.0732
2026-03-22 20:43:30.856131,0.0,69.27,0.0805
2026-03-22 20:43:31.897046,0.0,69.27,0.0739
2026-03-22 20:43:32.943688,0.0,69.26,0.0769
2026-03-22 20:43:33.992888,0.0,69.26,0.077
2026-03-22 20:43:35.060655,0.0,69.26,0.0814
2026-03-22 20:43:36.113845,0.0,69.26,0.0731
2026-03-22 20:43:37.156512,0.0,69.26,0.0748
2026-03-22 20:43:38.200319,0.0,69.26,0.0823
2026-03-22 20:43:39.240591,0.0,69.26,0.0695
2026-03-22 20:43:40.288165,0.0,69.26,0.0776
2026-03-22 20:43:41.339468,0.0,69.26,0.0825
2026-03-22 20:43:42.785235,0.0,69.26,0.0852
2026-03-22 20:43:43.875863,0.0,69.25,0.0756
2026-03-22 20:43:45.020814,0.0,69.25,0.0755
2026-03-22 20:43:46.193851,0.0,69.25,0.0691
2026-03-22 20:43:47.301201,0.0,69.25,0.0792
2026-03-22 20:43:48.365326,0.0,69.25,0.0734
2026-03-22 20:43:49.916561,0.0,69.25,0.0737
2026-03-22 20:43:50.968712,0.0,69.25,0.0701
2026-03-22 20:43:52.044263,0.0,69.25,0.0679
2026-03-22 20:43:53.140559,0.0,69.25,0.0781
2026-03-22 20:43:54.222987,0.0,69.24,0.0708
2026-03-22 20:43:55.327893,0.0,69.24,0.0758
2026-03-22 20:43:56.526023,0.0,69.24,0.0736
2026-03-22 20:43:57.617357,0.0,69.24,0.0739
2026-03-22 20:43:58.680622,0.0,69.24,0.07
2026-03-22 20:43:59.710703,0.0,69.24,0.0796
2026-03-22 20:44:00.764391,0.0,69.24,0.0815
2026-03-22 20:44:01.832828,0.0,69.24,0.0818
2026-03-22 20:44:02.953566,0.0,69.24,0.0723
2026-03-22 20:44:04.026188,0.0,69.24,0.0807
2026-03-22 20:44:05.102889,0.0,69.23,0.0819
2026-03-22 20:44:06.224923,0.0,69.23,0.0728
2026-03-22 20:44:07.330542,0.0,69.23,0.0734
2026-03-22 20:44:08.392051,0.0,69.23,0.0763
2026-03-22 20:44:09.454114,0.0,69.23,0.0718
2026-03-22 20:44:10.508537,0.0,69.23,0.0802
2026-03-22 20:44:11.571931,0.0,69.23,0.0766
2026-03-22 20:44:12.641877,0.0,69.23,0.0746
2026-03-22 20:44:13.686525,0.0,69.23,0.0782
2026-03-22 20:44:14.746039,0.0,69.23,0.0796
2026-03-22 20:44:15.801906,0.0,69.22,0.0745
2026-03-22 20:44:16.859625,0.0,69.22,0.0735
2026-03-22 20:44:17.922065,0.0,69.22,0.0806
2026-03-22 20:44:18.978033,0.0,69.22,0.078
2026-03-22 20:44:20.037862,0.0,69.22,0.0781
2026-03-22 20:44:21.098466,0.0,69.22,0.0842
2026-03-22 20:44:22.155540,0.0,69.22,0.0725
2026-03-22 20:44:23.234748,0.0,69.22,0.0748
2026-03-22 20:44:24.334663,0.0,69.22,0.0828
2026-03-22 20:44:25.421162,0.0,69.22,0.0709
2026-03-22 20:44:26.459573,0.0,69.21,0.0748
2026-03-22 20:44:27.510462,0.0,69.21,0.0782
2026-03-22 20:44:28.577810,0.0,69.21,0.0752
2026-03-22 20:44:29.639138,0.0,69.21,0.0737
2026-03-22 20:44:30.700948,0.0,69.21,0.0704
2026-03-22 20:44:31.754126,0.0,69.21,0.0751
2026-03-22 20:44:32.816766,0.0,69.21,0.0789
2026-03-22 20:44:33.872327,0.0,69.21,0.0822
2026-03-22 20:44:34.925769,0.0,69.21,0.0683
2026-03-22 20:44:35.979341,0.0,69.21,0.0783
2026-03-22 20:44:37.028133,0.0,69.21,0.0758
2026-03-22 20:44:38.079160,0.0,69.2,0.0721
2026-03-22 20:44:39.139365,0.0,69.2,0.0713
2026-03-22 20:44:40.195695,0.0,69.2,0.068
2026-03-22 20:44:41.249058,0.0,69.2,0.0688
2026-03-22 20:44:42.298195,0.0,69.2,0.0785
2026-03-22 20:44:43.338230,0.0,69.2,0.0713
2026-03-22 20:44:44.388551,0.0,69.2,0.0726
2026-03-22 20:44:45.447389,0.0,69.2,0.0694
2026-03-22 20:44:46.502962,0.0,69.2,0.0841
2026-03-22 20:44:47.556498,0.0,69.2,0.076
2026-03-22 20:44:48.619244,0.0,69.19,0.0791
2026-03-22 20:44:49.886561,0.0,69.19,0.0819
2026-03-22 20:44:50.937912,0.0,69.19,0.0762
2026-03-22 20:44:55.590155,0.0,69.19,0.0715
2026-03-22 20:44:56.833249,0.0,69.19,0.0738
2026-03-22 20:44:57.885722,0.0,69.19,0.0809
2026-03-22 20:44:58.947353,0.0,69.19,0.0684
2026-03-22 20:45:00.001896,0.0,69.18,0.0803
2026-03-22 20:45:01.055672,0.0,69.18,0.0739
2026-03-22 20:45:02.111099,0.0,69.18,0.0771
2026-03-22 20:45:03.164358,0.0,69.18,0.0709
2026-03-22 20:45:07.344291,0.0,69.18,0.0825
2026-03-22 20:45:08.382701,0.0,69.18,0.0775
2026-03-22 20:45:09.446525,0.0,69.18,0.0803
2026-03-22 20:45:10.507293,0.0,69.17,0.0679
2026-03-22 20:45:11.561547,0.0,69.17,0.0778
2026-03-22 20:45:12.618598,0.0,69.17,0.0794
2026-03-22 20:45:14.912464,0.0,69.17,0.0775
2026-03-22 20:45:15.964899,0.0,69.17,0.0704
2026-03-22 20:45:17.017360,0.0,69.17,0.0749
2026-03-22 20:45:18.066748,0.0,69.17,0.0749
2026-03-22 20:45:19.121299,0.0,69.17,0.0718
2026-03-22 20:45:20.170544,0.0,69.17,0.0709
2026-03-22 20:45:21.228613,0.0,69.16,0.0794
2026-03-22 20:45:22.289509,0.0,69.16,0.0763
2026-03-22 20:45:25.159571,0.0,69.16,0.0743
2026-03-22 20:45:26.225561,0.0,69.16,0.0765
2026-03-22 20:45:27.279005,0.0,69.16,0.077
2026-03-22 20:45:28.330159,0.0,69.16,0.0798
2026-03-22 20:45:29.392820,0.0,69.16,0.076
2026-03-22 20:45:30.448199,0.0,69.16,0.078
2026-03-22 20:45:31.506885,0.0,69.15,0.0782
2026-03-22 20:45:32.583895,0.0,69.15,0.0764
2026-03-22 20:45:33.713532,0.0,69.15,0.0772
2026-03-22 20:45:34.987278,0.0,69.15,0.0808
2026-03-22 20:45:36.055206,0.0,69.15,0.0763
2026-03-22 20:45:37.111620,0.0,69.15,0.0764
2026-03-22 20:45:38.167975,0.0,69.15,0.0786
2026-03-22 20:45:39.232468,0.0,69.15,0.0758
2026-03-22 20:45:40.282429,0.0,69.15,0.0768
2026-03-22 20:45:41.334044,0.0,69.15,0.0751
2026-03-22 20:45:42.399812,0.0,69.14,0.0772
2026-03-22 20:45:43.468061,0.0,69.14,0.0837
2026-03-22 20:45:44.531463,0.0,69.14,0.082
2026-03-22 20:45:45.584347,0.0,69.14,0.0749
2026-03-22 20:45:46.636966,0.0,69.14,0.076
2026-03-22 20:45:47.688749,0.0,69.14,0.0784
2026-03-22 20:45:48.747720,0.0,69.14,0.0738
2026-03-22 20:45:49.798102,0.0,69.14,0.0763
2026-03-22 20:45:50.848911,0.0,69.14,0.0794
2026-03-22 20:45:51.906342,0.0,69.14,0.0815
2026-03-22 20:45:52.976938,0.0,69.13,0.0742
2026-03-22 20:45:54.030923,0.0,69.13,0.0715
2026-03-22 20:45:55.087263,0.0,69.13,0.0807
2026-03-22 20:45:56.142656,0.0,69.13,0.0807
2026-03-22 20:45:57.202336,0.0,69.13,0.0712
2026-03-22 20:45:58.250241,0.0,69.13,0.0766
2026-03-22 20:45:59.301052,0.0,69.13,0.0807
2026-03-22 20:46:00.356291,0.0,69.13,0.0732
2026-03-22 20:46:01.408682,0.0,69.13,0.0773
2026-03-22 20:46:02.471353,0.0,69.13,0.0723
2026-03-22 20:46:03.551717,0.0,69.12,0.0746
2026-03-22 20:46:06.175763,0.0,69.12,0.0731
2026-03-22 20:46:07.212888,0.0,69.12,0.0712
2026-03-22 20:46:08.269026,0.0,69.12,0.0768
2026-03-22 20:46:09.322992,0.0,69.12,0.0733
2026-03-22 20:46:10.372305,0.0,69.12,0.0708
2026-03-22 20:46:11.427132,0.0,69.12,0.0783
2026-03-22 20:46:12.481234,0.0,69.12,0.0806
2026-03-22 20:46:13.537607,0.0,69.12,0.0752
2026-03-22 20:46:15.718324,0.0,69.11,0.0753
2026-03-22 20:46:16.782615,0.0,69.11,0.0751
2026-03-22 20:46:17.846182,0.0,69.11,0.0836
2026-03-22 20:46:18.899511,0.0,69.11,0.0788
2026-03-22 20:46:19.950007,0.0,69.11,0.0782
2026-03-22 20:46:21.005595,0.0,69.11,0.0756
2026-03-22 20:46:22.061208,0.0,69.11,0.071
2026-03-22 20:46:23.119460,0.0,69.11,0.0762
2026-03-22 20:46:24.172190,0.0,69.11,0.081
2026-03-22 20:46:25.235499,0.0,69.1,0.0727
2026-03-22 20:46:26.289737,0.0,69.1,0.0752
2026-03-22 20:46:27.346297,0.0,69.1,0.075
2026-03-22 20:46:28.397138,0.0,69.1,0.0741
2026-03-22 20:46:29.455622,0.0,69.1,0.0762
2026-03-22 20:46:30.507717,0.0,69.1,0.0822
2026-03-22 20:46:31.568504,0.0,69.1,0.0698
2026-03-22 20:46:32.645214,0.0,69.1,0.0728
2026-03-22 20:46:33.678216,0.0,69.1,0.077
2026-03-22 20:46:34.797487,0.0,69.1,0.0819
2026-03-22 20:46:36.009110,0.0,69.09,0.0746
2026-03-22 20:46:37.294014,0.0,69.09,0.0804
2026-03-22 20:46:38.427372,0.0,69.09,0.0778
2026-03-22 20:46:39.480635,0.0,69.09,0.0791
2026-03-22 20:46:40.533356,0.0,69.09,0.0814
2026-03-22 20:46:41.586198,0.0,69.09,0.0785
2026-03-22 20:46:42.642102,0.0,69.09,0.0763
2026-03-22 20:46:43.707569,0.0,69.09,0.0728
2026-03-22 20:46:44.932624,0.0,69.09,0.0685
2026-03-22 20:46:46.039826,0.0,69.09,0.0701
2026-03-22 20:46:47.102308,0.0,69.08,0.0692
2026-03-22 20:46:48.155264,0.0,69.08,0.0807
2026-03-22 20:46:49.205780,0.0,69.08,0.0675
2026-03-22 20:46:50.253356,0.0,69.08,0.0827
2026-03-22 20:46:51.310642,0.0,69.08,0.0715
2026-03-22 20:46:52.396896,0.0,69.08,0.0771
2026-03-22 20:46:53.445336,0.0,69.08,0.0738
2026-03-22 20:46:54.503489,0.0,69.08,0.0855
2026-03-22 20:46:55.646671,0.0,69.08,0.0715
2026-03-22 20:46:56.706358,0.0,69.08,0.0767
2026-03-22 20:46:57.785267,0.0,69.07,0.0836
2026-03-22 20:46:58.856158,0.0,69.07,0.0704
2026-03-22 20:46:59.962351,0.0,69.07,0.0699
2026-03-22 20:47:01.009297,0.0,69.07,0.0858
2026-03-22 20:47:02.047641,0.0,69.07,0.0832
2026-03-22 20:47:03.095540,0.0,69.07,0.0805
2026-03-22 20:47:04.171481,0.0,69.07,0.0785
2026-03-22 20:47:05.270937,0.0,69.07,0.0759
2026-03-22 20:47:06.562464,0.0,69.07,0.07
2026-03-22 20:47:07.614056,0.0,69.07,0.0767
2026-03-22 20:47:08.658828,0.0,69.06,0.0681
2026-03-22 20:47:09.728899,0.0,69.06,0.0762
2026-03-22 20:47:10.802386,0.0,69.06,0.0742
2026-03-22 20:47:11.850160,0.0,69.06,0.0758
2026-03-22 20:47:12.895178,0.0,69.06,0.0781
2026-03-22 20:47:13.938929,0.0,69.06,0.0766
2026-03-22 20:47:15.072910,0.0,69.06,0.0705
2026-03-22 20:47:16.123919,0.0,69.06,0.0728
2026-03-22 20:47:17.175590,0.0,69.06,0.0784
2026-03-22 20:47:18.233950,0.0,69.06,0.0795
2026-03-22 20:47:19.326994,0.0,69.05,0.0727
2026-03-22 20:47:20.378821,0.0,69.05,0.0731
2026-03-22 20:47:21.430039,0.0,69.05,0.0751
2026-03-22 20:47:22.494052,0.0,69.05,0.0815
2026-03-22 20:47:23.565740,0.0,69.05,0.0759
2026-03-22 20:47:24.620262,0.0,69.05,0.0755
2026-03-22 20:47:25.681775,0.0,69.05,0.0765
2026-03-22 20:47:26.735138,0.0,69.05,0.0769
2026-03-22 20:47:27.832898,0.0,69.05,0.0685
2026-03-22 20:47:28.910110,0.0,69.05,0.0704
2026-03-22 20:47:29.985648,0.0,69.05,0.0734
2026-03-22 20:47:31.030227,0.0,69.04,0.0809
2026-03-22 20:47:32.089230,0.0,69.04,0.0676
2026-03-22 20:47:33.145963,0.0,69.04,0.0765
2026-03-22 20:47:34.205201,0.0,69.04,0.0817
2026-03-22 20:47:35.256259,0.0,69.04,0.0808
2026-03-22 20:47:36.313731,0.0,69.04,0.0795
2026-03-22 20:47:37.378869,0.0,69.04,0.0799
2026-03-22 20:47:38.429352,0.0,69.04,0.0764
2026-03-22 20:47:39.507154,0.0,69.04,0.0825
2026-03-22 20:47:40.578460,0.0,69.03,0.0813
2026-03-22 20:47:41.635286,0.0,69.03,0.0811
2026-03-22 20:47:42.688228,0.0,69.03,0.0734
2026-03-22 20:47:43.740964,0.0,69.03,0.084
2026-03-22 20:47:44.894189,0.0,69.03,0.0853
2026-03-22 20:47:45.980960,0.0,69.03,0.0751
2026-03-22 20:47:47.035936,0.0,69.03,0.0705
2026-03-22 20:47:48.092142,0.0,69.03,0.0736
2026-03-22 20:47:49.218163,0.0,69.03,0.0759
2026-03-22 20:47:50.275117,0.0,69.03,0.0816
2026-03-22 20:47:51.337346,0.0,69.02,0.0709
2026-03-22 20:47:52.387394,0.0,69.02,0.0736
2026-03-22 20:47:53.438300,0.0,69.02,0.0824
2026-03-22 20:47:54.498883,0.0,69.02,0.0737
2026-03-22 20:47:55.547904,0.0,69.02,0.0814
2026-03-22 20:47:56.606081,0.0,69.02,0.0772
2026-03-22 20:47:57.667580,0.0,69.02,0.0783
2026-03-22 20:47:58.725336,0.0,69.02,0.0734
2026-03-22 20:47:59.893574,0.0,69.02,0.076
2026-03-22 20:48:00.955575,0.0,69.02,0.0727
2026-03-22 20:48:02.003371,0.0,69.01,0.0715
2026-03-22 20:48:03.062624,0.0,69.01,0.0721
2026-03-22 20:48:04.121630,0.0,69.01,0.0768
2026-03-22 20:48:05.172890,0.0,69.01,0.0783
2026-03-22 20:48:06.222688,0.0,69.01,0.078
2026-03-22 20:48:07.275015,0.0,69.01,0.0829
2026-03-22 20:48:08.330004,0.0,69.01,0.0767
2026-03-22 20:48:09.383033,0.0,69.01,0.0741
2026-03-22 20:48:10.438893,0.0,69.01,0.0816
2026-03-22 20:48:11.493828,0.0,69.01,0.0675
2026-03-22 20:48:12.555076,0.0,69.01,0.0765
2026-03-22 20:48:13.606299,0.0,69.0,0.0738
2026-03-22 20:48:14.669308,0.0,69.0,0.0785
2026-03-22 20:48:15.723559,0.0,69.0,0.077
2026-03-22 20:48:16.779484,0.0,69.0,0.0761
2026-03-22 20:48:17.833252,0.0,69.0,0.0812
2026-03-22 20:48:18.887274,0.0,69.0,0.0769
2026-03-22 20:48:19.941576,0.0,69.0,0.0693
2026-03-22 20:48:21.003272,0.0,69.0,0.0679
2026-03-22 20:48:22.079552,0.0,69.0,0.0743
2026-03-22 20:48:23.128873,0.0,69.0,0.0788
2026-03-22 20:48:24.179966,0.0,68.99,0.0738
2026-03-22 20:48:25.232742,0.0,68.99,0.0711
2026-03-22 20:48:26.284242,0.0,68.99,0.0785
2026-03-22 20:48:27.335929,0.0,68.99,0.069
2026-03-22 20:48:28.393833,0.0,68.99,0.0704
2026-03-22 20:48:29.448167,0.0,68.99,0.0768
2026-03-22 20:48:30.508176,0.0,68.99,0.0723
2026-03-22 20:48:31.561386,0.0,68.99,0.0804
2026-03-22 20:48:32.641921,0.0,68.99,0.074
2026-03-22 20:48:33.708106,0.0,68.99,0.0715
2026-03-22 20:48:34.759092,0.0,68.98,0.0732
2026-03-22 20:48:35.815590,0.0,68.98,0.0781
2026-03-22 20:48:36.866942,0.0,68.98,0.072
2026-03-22 20:48:37.917835,0.0,68.98,0.0732
2026-03-22 20:48:38.984390,0.0,68.98,0.0782
2026-03-22 20:48:40.038922,0.0,68.98,0.0715
2026-03-22 20:48:41.089347,0.0,68.98,0.081
2026-03-22 20:48:42.209886,0.0,68.98,0.0819
2026-03-22 20:48:43.271647,0.0,68.98,0.068
2026-03-22 20:48:44.324958,0.0,68.98,0.0829
2026-03-22 20:48:45.377608,0.0,68.98,0.0676
2026-03-22 20:48:46.429660,0.0,68.97,0.0735
2026-03-22 20:48:47.489895,0.0,68.97,0.0771
2026-03-22 20:48:48.548527,0.0,68.97,0.0835
2026-03-22 20:48:49.598943,0.0,68.97,0.0723
2026-03-22 20:48:50.648972,0.0,68.97,0.0787
2026-03-22 20:48:51.707543,0.0,68.97,0.0719
2026-03-22 20:48:52.788503,0.0,68.97,0.0742
2026-03-22 20:48:53.846007,0.0,68.97,0.0831
2026-03-22 20:48:54.912091,0.0,68.97,0.0682
2026-03-22 20:48:55.970181,0.0,68.97,0.0772
2026-03-22 20:48:57.029476,0.0,68.96,0.0755
2026-03-22 20:48:58.082111,0.0,68.96,0.0733
2026-03-22 20:48:59.132804,0.0,68.96,0.0722
2026-03-22 20:49:00.185637,0.0,68.96,0.0738
2026-03-22 20:49:01.246897,0.0,68.96,0.0802
2026-03-22 20:49:02.310309,0.0,68.96,0.0708
2026-03-22 20:49:03.380097,0.0,68.96,0.0773
2026-03-22 20:49:04.452882,0.0,68.96,0.0809
2026-03-22 20:49:05.542183,0.0,68.96,0.0821
2026-03-22 20:49:06.653308,0.0,68.96,0.07
2026-03-22 20:49:08.324014,0.0,68.95,0.0806
2026-03-22 20:49:09.439319,0.0,68.95,0.0783
2026-03-22 20:49:10.626959,0.0,68.95,0.078
2026-03-22 20:49:11.716124,0.0,68.95,0.0701
2026-03-22 20:49:12.788903,0.0,68.95,0.0803
2026-03-22 20:49:13.842043,0.0,68.95,0.0796
2026-03-22 20:49:14.901700,0.0,68.95,0.0743
2026-03-22 20:49:15.976897,0.0,68.95,0.0735
2026-03-22 20:49:17.041208,0.0,68.95,0.078
2026-03-22 20:49:18.101955,0.0,68.94,0.0783
2026-03-22 20:49:19.156018,0.0,68.94,0.074
2026-03-22 20:49:20.211529,0.0,68.94,0.0809
2026-03-22 20:49:21.276933,0.0,68.94,0.0723
2026-03-22 20:49:22.340061,0.0,68.94,0.0713
2026-03-22 20:49:23.414220,0.0,68.94,0.0817
2026-03-22 20:49:24.466594,0.0,68.94,0.075
2026-03-22 20:49:25.524659,0.0,68.94,0.0718
2026-03-22 20:49:26.585172,0.0,68.94,0.0841
2026-03-22 20:49:27.639067,0.0,68.94,0.0823
2026-03-22 20:49:28.696686,0.0,68.93,0.0788
2026-03-22 20:49:29.882711,0.0,68.93,0.0711
2026-03-22 20:49:31.012286,0.0,68.93,0.0742
2026-03-22 20:49:32.072154,0.0,68.93,0.076
2026-03-22 20:49:33.122314,0.0,68.93,0.0801
2026-03-22 20:49:34.178720,0.0,68.93,0.0843
2026-03-22 20:49:35.233530,0.0,68.93,0.0799
2026-03-22 20:49:36.293073,0.0,68.93,0.0726
2026-03-22 20:49:37.348133,0.0,68.93,0.0714
2026-03-22 20:49:38.402603,0.0,68.93,0.0763
2026-03-22 20:49:39.462571,0.0,68.92,0.0808
2026-03-22 20:49:40.518996,0.0,68.92,0.0808
2026-03-22 20:49:41.571389,0.0,68.92,0.073
2026-03-22 20:49:42.623139,0.0,68.92,0.0688
2026-03-22 20:49:43.679545,0.0,68.92,0.0759
2026-03-22 20:49:44.729827,0.0,68.92,0.0722
2026-03-22 20:49:45.942602,0.0,68.92,0.0845
2026-03-22 20:49:46.994467,0.0,68.92,0.0752
2026-03-22 20:49:48.026207,0.0,68.92,0.0802
2026-03-22 20:49:49.078759,0.0,68.92,0.075
2026-03-22 20:49:50.151973,0.0,68.91,0.0859
2026-03-22 20:49:51.207135,0.0,68.91,0.076
2026-03-22 20:49:52.265850,0.0,68.91,0.069
2026-03-22 20:49:53.327619,0.0,68.91,0.074
2026-03-22 20:49:54.388729,0.0,68.91,0.0783
2026-03-22 20:49:55.438753,0.0,68.91,0.0681
2026-03-22 20:49:56.497883,0.0,68.91,0.0743
2026-03-22 20:49:57.552977,0.0,68.91,0.0703
2026-03-22 20:49:58.602742,0.0,68.91,0.0799
2026-03-22 20:49:59.656799,0.0,68.91,0.081
2026-03-22 20:50:00.722917,0.0,68.91,0.0737
2026-03-22 20:50:01.778602,0.0,68.9,0.0754
2026-03-22 20:50:02.835969,0.0,68.9,0.0704
2026-03-22 20:50:03.889319,0.0,68.9,0.0713
2026-03-22 20:50:04.939859,0.0,68.9,0.0824
2026-03-22 20:50:05.991446,0.0,68.9,0.0802
2026-03-22 20:50:07.040905,0.0,68.9,0.0786
2026-03-22 20:50:08.091725,0.0,68.9,0.0807
2026-03-22 20:50:09.146983,0.0,68.9,0.0745
2026-03-22 20:50:10.213280,0.0,68.9,0.0769
2026-03-22 20:50:11.273917,0.0,68.9,0.0803
2026-03-22 20:50:12.329241,0.0,68.89,0.0798
2026-03-22 20:50:13.398478,0.0,68.89,0.0774
2026-03-22 20:50:14.452168,0.0,68.89,0.0777
2026-03-22 20:50:15.506972,0.0,68.89,0.0843
2026-03-22 20:50:16.565816,0.0,68.89,0.0763
2026-03-22 20:50:17.620150,0.0,68.89,0.0752
2026-03-22 20:50:18.674106,0.0,68.89,0.0713
2026-03-22 20:50:19.730098,0.0,68.89,0.0735
2026-03-22 20:50:20.781138,0.0,68.89,0.0716
2026-03-22 20:50:21.838935,0.0,68.89,0.0776
2026-03-22 20:50:22.890493,0.0,68.88,0.0752
2026-03-22 20:50:23.949578,0.0,68.88,0.0853
2026-03-22 20:50:25.003755,0.0,68.88,0.0787
2026-03-22 20:50:26.065907,0.0,68.88,0.077
2026-03-22 20:50:27.119744,0.0,68.88,0.0749
2026-03-22 20:50:28.196292,0.0,68.88,0.0728
2026-03-22 20:50:29.257862,0.0,68.88,0.07
2026-03-22 20:50:30.405078,0.0,68.88,0.075
2026-03-22 20:50:31.480209,0.0,68.88,0.0767
2026-03-22 20:50:32.536450,0.0,68.88,0.0831
2026-03-22 20:50:33.599944,0.0,68.87,0.0805
2026-03-22 20:50:34.656569,0.0,68.87,0.0735
2026-03-22 20:50:35.712592,0.0,68.87,0.0747
2026-03-22 20:50:36.767988,0.0,68.87,0.0698
2026-03-22 20:50:37.820116,0.0,68.87,0.0747
2026-03-22 20:50:38.869139,0.0,68.87,0.079
2026-03-22 20:50:39.922722,0.0,68.87,0.0725
2026-03-22 20:50:40.971445,0.0,68.87,0.0847
2026-03-22 20:50:42.024136,0.0,68.87,0.0748
2026-03-22 20:50:43.083693,0.0,68.87,0.0834
2026-03-22 20:50:44.136037,0.0,68.86,0.0842
2026-03-22 20:50:45.202217,0.0,68.86,0.0744
2026-03-22 20:50:46.274233,0.0,68.86,0.0714
2026-03-22 20:50:47.326517,0.0,68.86,0.0775
2026-03-22 20:50:48.391332,0.0,68.86,0.0737
2026-03-22 20:50:49.443595,0.0,68.86,0.0828
2026-03-22 20:50:50.496246,0.0,68.86,0.0737
2026-03-22 20:50:51.556512,0.0,68.86,0.0735
2026-03-22 20:50:52.611007,0.0,68.86,0.0696
2026-03-22 20:50:53.666084,0.0,68.86,0.0735
2026-03-22 20:50:54.726140,0.0,68.85,0.0787
2026-03-22 20:50:55.761989,0.0,68.85,0.0816
2026-03-22 20:50:56.835518,0.0,68.85,0.0738
2026-03-22 20:50:57.897611,0.0,68.85,0.0731
2026-03-22 20:50:58.956611,0.0,68.85,0.0708
2026-03-22 20:51:00.089720,0.0,68.85,0.0719
2026-03-22 20:51:01.138439,0.0,68.85,0.0692
2026-03-22 20:51:02.187858,0.0,68.85,0.0677
2026-03-22 20:51:03.247814,0.0,68.85,0.0756
2026-03-22 20:51:04.322921,0.0,68.85,0.0711
2026-03-22 20:51:05.375440,0.0,68.85,0.0775
2026-03-22 20:51:06.426432,0.0,68.84,0.0719
2026-03-22 20:51:07.479324,0.0,68.84,0.0782
2026-03-22 20:51:08.534102,0.0,68.84,0.0669
2026-03-22 20:51:09.594314,0.0,68.84,0.0713
2026-03-22 20:51:10.647750,0.0,68.84,0.071
2026-03-22 20:51:11.699677,0.0,68.84,0.0752
2026-03-22 20:51:12.751069,0.0,68.84,0.0704
2026-03-22 20:51:13.804518,0.0,68.84,0.0735
2026-03-22 20:51:14.892823,0.0,68.84,0.0729
2026-03-22 20:51:18.028295,0.0,68.83,0.0772
2026-03-22 20:51:19.119618,0.0,68.83,0.0776
2026-03-22 20:51:20.191733,0.0,68.83,0.0742
2026-03-22 20:51:21.247142,0.0,68.83,0.0671
2026-03-22 20:51:22.305839,0.0,68.83,0.0826
2026-03-22 20:51:23.363015,0.0,68.83,0.0759
2026-03-22 20:51:24.411757,0.0,68.83,0.075
2026-03-22 20:51:25.465333,0.0,68.83,0.0803
2026-03-22 20:51:26.515116,0.0,68.83,0.0759
2026-03-22 20:51:27.568757,0.0,68.83,0.0741
2026-03-22 20:51:28.622585,0.0,68.82,0.075
2026-03-22 20:51:29.680220,0.0,68.82,0.072
2026-03-22 20:51:30.737600,0.0,68.82,0.0784
2026-03-22 20:51:31.797456,0.0,68.82,0.0685
2026-03-22 20:51:32.847339,0.0,68.82,0.0748
2026-03-22 20:51:33.907762,0.0,68.82,0.0798
2026-03-22 20:51:34.961005,0.0,68.82,0.0821
2026-03-22 20:51:36.016350,0.0,68.82,0.0698
2026-03-22 20:51:37.143677,0.0,68.82,0.0713
2026-03-22 20:51:38.259303,0.0,68.82,0.0808
2026-03-22 20:51:39.322340,0.0,68.81,0.0775
2026-03-22 20:51:40.375970,0.0,68.81,0.0793
2026-03-22 20:51:41.445054,0.0,68.81,0.0775
2026-03-22 20:51:42.499156,0.0,68.81,0.0762
2026-03-22 20:51:43.552824,0.0,68.81,0.0764
2026-03-22 20:51:44.648849,0.0,68.81,0.0731
2026-03-22 20:51:45.708098,0.0,68.81,0.0794
2026-03-22 20:51:46.766392,0.0,68.81,0.0759
2026-03-22 20:51:47.820980,0.0,68.81,0.072
2026-03-22 20:51:48.873362,0.0,68.81,0.0815
2026-03-22 20:51:49.924206,0.0,68.8,0.0713
2026-03-22 20:51:50.984237,0.0,68.8,0.0735
2026-03-22 20:51:52.037341,0.0,68.8,0.0773
2026-03-22 20:51:53.096921,0.0,68.8,0.076
2026-03-22 20:51:54.166468,0.0,68.8,0.081
2026-03-22 20:51:55.221776,0.0,68.8,0.0794
2026-03-22 20:51:56.284525,0.0,68.8,0.0794
2026-03-22 20:51:57.338838,0.0,68.8,0.0739
2026-03-22 20:51:58.393178,0.0,68.8,0.0753
2026-03-22 20:51:59.453800,0.0,68.8,0.0768
2026-03-22 20:52:00.506573,0.0,68.79,0.0727
2026-03-22 20:52:01.572296,0.0,68.79,0.0761
2026-03-22 20:52:02.623319,0.0,68.79,0.0763
2026-03-22 20:52:03.694827,0.0,68.79,0.075
2026-03-22 20:52:04.764010,0.0,68.79,0.0762
2026-03-22 20:52:05.854353,0.0,68.79,0.0755
2026-03-22 20:52:06.921001,0.0,68.79,0.077
2026-03-22 20:52:07.992361,0.0,68.79,0.077
2026-03-22 20:52:09.107644,0.0,68.79,0.0705
2026-03-22 20:52:10.173708,0.0,68.79,0.0782
2026-03-22 20:52:11.230923,0.0,68.78,0.0744
2026-03-22 20:52:12.280838,0.0,68.78,0.067
2026-03-22 20:52:13.333255,0.0,68.78,0.0732
2026-03-22 20:52:14.393471,0.0,68.78,0.0726
2026-03-22 20:52:15.453830,0.0,68.78,0.0725
2026-03-22 20:52:16.560112,0.0,68.78,0.0762
2026-03-22 20:52:17.614242,0.0,68.78,0.0738
2026-03-22 20:52:18.680490,0.0,68.78,0.0777
2026-03-22 20:52:19.737674,0.0,68.78,0.0748
2026-03-22 20:52:20.790966,0.0,68.78,0.0794
2026-03-22 20:52:21.844347,0.0,68.78,0.0746
2026-03-22 20:52:22.895518,0.0,68.77,0.0793
2026-03-22 20:52:23.955030,0.0,68.77,0.0698
2026-03-22 20:52:25.006124,0.0,68.77,0.079
2026-03-22 20:52:26.057709,0.0,68.77,0.081
2026-03-22 20:52:27.107470,0.0,68.77,0.0727
2026-03-22 20:52:28.171804,0.0,68.77,0.0761
2026-03-22 20:52:29.222958,0.0,68.77,0.0748
2026-03-22 20:52:30.286163,0.0,68.77,0.0827
2026-03-22 20:52:31.347933,0.0,68.77,0.0695
2026-03-22 20:52:32.398597,0.0,68.77,0.0773
2026-03-22 20:52:33.454027,0.0,68.76,0.0683
2026-03-22 20:52:34.506830,0.0,68.76,0.0715
2026-03-22 20:52:35.559189,0.0,68.76,0.0762
2026-03-22 20:52:36.622379,0.0,68.76,0.0725
2026-03-22 20:52:37.686965,0.0,68.76,0.0777
2026-03-22 20:52:38.749572,0.0,68.76,0.0774
2026-03-22 20:52:39.809989,0.0,68.76,0.0717
2026-03-22 20:52:40.862016,0.0,68.76,0.076
2026-03-22 20:52:41.917460,0.0,68.76,0.0761
2026-03-22 20:52:42.971393,0.0,68.76,0.0693
2026-03-22 20:52:44.021327,0.0,68.75,0.0768
2026-03-22 20:52:45.071938,0.0,68.75,0.0731
2026-03-22 20:52:46.180920,0.0,68.75,0.0832
2026-03-22 20:52:47.265473,0.0,68.75,0.0773
2026-03-22 20:52:48.324088,0.0,68.75,0.0789
2026-03-22 20:52:49.380044,0.0,68.75,0.0758
2026-03-22 20:52:50.441241,0.0,68.75,0.0765
2026-03-22 20:52:51.500765,0.0,68.75,0.079
2026-03-22 20:52:52.557450,0.0,68.75,0.0712
2026-03-22 20:52:53.612059,0.0,68.75,0.0746
2026-03-22 20:52:54.665208,0.0,68.74,0.0758
2026-03-22 20:52:55.728065,0.0,68.74,0.0752
2026-03-22 20:52:56.787383,0.0,68.74,0.0777
2026-03-22 20:52:57.846775,0.0,68.74,0.0812
2026-03-22 20:52:58.908677,0.0,68.74,0.0811
2026-03-22 20:52:59.996075,0.0,68.74,0.0697
2026-03-22 20:53:01.036321,0.0,68.74,0.0815
2026-03-22 20:53:02.088209,0.0,68.74,0.0765
2026-03-22 20:53:03.146888,0.0,68.74,0.0752
2026-03-22 20:53:04.208340,0.0,68.74,0.0816
2026-03-22 20:53:05.261844,0.0,68.73,0.0693
2026-03-22 20:53:06.323130,0.0,68.73,0.0765
2026-03-22 20:53:07.383369,0.0,68.73,0.0814
2026-03-22 20:53:08.437274,0.0,68.73,0.0752
2026-03-22 20:53:09.492024,0.0,68.73,0.0863
2026-03-22 20:53:10.542575,0.0,68.73,0.0787
2026-03-22 20:53:11.595134,0.0,68.73,0.0702
2026-03-22 20:53:12.647076,0.0,68.73,0.0758
2026-03-22 20:53:13.704895,0.0,68.73,0.0772
2026-03-22 20:53:14.893893,0.0,68.73,0.0844
2026-03-22 20:53:15.978162,0.0,68.72,0.0677
2026-03-22 20:53:17.040590,0.0,68.72,0.0692
2026-03-22 20:53:18.093936,0.0,68.72,0.0719
2026-03-22 20:53:19.155114,0.0,68.72,0.0772
2026-03-22 20:53:20.214826,0.0,68.72,0.0752
2026-03-22 20:53:21.271786,0.0,68.72,0.0773
2026-03-22 20:53:22.326313,0.0,68.72,0.0814
2026-03-22 20:53:23.378340,0.0,68.72,0.0705
2026-03-22 20:53:24.428472,0.0,68.72,0.0754
2026-03-22 20:53:25.516730,0.0,68.72,0.0771
2026-03-22 20:53:26.571736,0.0,68.72,0.0717
2026-03-22 20:53:27.623474,0.0,68.71,0.0721
2026-03-22 20:53:28.677748,0.0,68.71,0.072
2026-03-22 20:53:29.731899,0.0,68.71,0.0794
2026-03-22 20:53:30.957360,0.0,68.71,0.0779
2026-03-22 20:53:32.012877,0.0,68.71,0.0742
2026-03-22 20:53:33.063504,0.0,68.71,0.0812
2026-03-22 20:53:34.123967,0.0,68.71,0.0763
2026-03-22 20:53:35.176301,0.0,68.71,0.0726
2026-03-22 20:53:36.240619,0.0,68.71,0.084
2026-03-22 20:53:37.294370,0.0,68.71,0.0807
2026-03-22 20:53:38.357433,0.0,68.7,0.0789
2026-03-22 20:53:39.419003,0.0,68.7,0.0733
2026-03-22 20:53:40.471208,0.0,68.7,0.0737
2026-03-22 20:53:41.537900,0.0,68.7,0.0688
2026-03-22 20:53:42.602979,0.0,68.7,0.0696
2026-03-22 20:53:43.688092,0.0,68.7,0.0749
2026-03-22 20:53:44.746182,0.0,68.7,0.08
2026-03-22 20:53:45.979199,0.0,68.7,0.0796
2026-03-22 20:53:47.030012,0.0,68.7,0.0793
2026-03-22 20:53:48.082886,0.0,68.7,0.074
2026-03-22 20:53:49.140967,0.0,68.69,0.0766
2026-03-22 20:53:50.193680,0.0,68.69,0.075
2026-03-22 20:53:51.249866,0.0,68.69,0.0804
2026-03-22 20:53:52.308038,0.0,68.69,0.077
2026-03-22 20:53:53.365976,0.0,68.69,0.0794
2026-03-22 20:53:54.418738,0.0,68.69,0.0709
2026-03-22 20:53:55.476769,0.0,68.69,0.0719
2026-03-22 20:53:56.543481,0.0,68.69,0.0759
2026-03-22 20:53:57.597792,0.0,68.69,0.081
2026-03-22 20:53:58.656849,0.0,68.69,0.0722
2026-03-22 20:53:59.734275,0.0,68.68,0.0778
2026-03-22 20:54:00.967780,0.0,68.68,0.0693
2026-03-22 20:54:02.039124,0.0,68.68,0.0775
2026-03-22 20:54:03.103018,0.0,68.68,0.0742
2026-03-22 20:54:04.155260,0.0,68.68,0.0764
2026-03-22 20:54:05.209927,0.0,68.68,0.0754
2026-03-22 20:54:06.260214,0.0,68.68,0.0713
2026-03-22 20:54:07.320958,0.0,68.68,0.0718
2026-03-22 20:54:08.378131,0.0,68.68,0.0719
2026-03-22 20:54:09.429000,0.0,68.68,0.0758
2026-03-22 20:54:10.486172,0.0,68.67,0.0731
2026-03-22 20:54:11.541921,0.0,68.67,0.0742
2026-03-22 20:54:12.597339,0.0,68.67,0.0812
2026-03-22 20:54:13.647957,0.0,68.67,0.0727
2026-03-22 20:54:14.708459,0.0,68.67,0.0797
2026-03-22 20:54:15.944208,0.0,68.67,0.0711
2026-03-22 20:54:16.999131,0.0,68.67,0.0756
2026-03-22 20:54:18.051779,0.0,68.67,0.0838
2026-03-22 20:54:19.116302,0.0,68.67,0.0765
2026-03-22 20:54:20.175202,0.0,68.67,0.0786
2026-03-22 20:54:21.237536,0.0,68.66,0.0718
2026-03-22 20:54:22.298327,0.0,68.66,0.0741
2026-03-22 20:54:23.351460,0.0,68.66,0.0718
2026-03-22 20:54:24.418637,0.0,68.66,0.0757
2026-03-22 20:54:25.473116,0.0,68.66,0.08
2026-03-22 20:54:26.525916,0.0,68.66,0.0765
2026-03-22 20:54:27.593974,0.0,68.66,0.0832
2026-03-22 20:54:28.669583,0.0,68.66,0.0767
2026-03-22 20:54:29.724233,0.0,68.66,0.0775
2026-03-22 20:54:30.970982,0.0,68.66,0.0784
2026-03-22 20:54:32.033068,0.0,68.65,0.0826
2026-03-22 20:54:33.100900,0.0,68.65,0.0743
2026-03-22 20:54:34.287676,0.0,68.65,0.0778
2026-03-22 20:54:35.348832,0.0,68.65,0.0755
2026-03-22 20:54:36.399708,0.0,68.65,0.0771
2026-03-22 20:54:37.457965,0.0,68.65,0.073
2026-03-22 20:54:38.511348,0.0,68.65,0.0763
2026-03-22 20:54:39.569916,0.0,68.65,0.0789
2026-03-22 20:54:40.632337,0.0,68.65,0.0757
2026-03-22 20:54:41.707262,0.0,68.65,0.073
2026-03-22 20:54:42.766757,0.0,68.64,0.0805
2026-03-22 20:54:43.818669,0.0,68.64,0.072
2026-03-22 20:54:44.893910,0.0,68.64,0.072
2026-03-22 20:54:45.960734,0.0,68.64,0.0733
2026-03-22 20:54:47.013226,0.0,68.64,0.0822
2026-03-22 20:54:48.070592,0.0,68.64,0.0803
2026-03-22 20:54:49.135967,0.0,68.64,0.0736
2026-03-22 20:54:50.191962,0.0,68.64,0.0789
2026-03-22 20:54:51.242161,0.0,68.64,0.0804
2026-03-22 20:54:52.299942,0.0,68.64,0.0705
2026-03-22 20:54:53.351022,0.0,68.63,0.0724
2026-03-22 20:54:54.402442,0.0,68.63,0.0681
2026-03-22 20:54:55.454806,0.0,68.63,0.0809
2026-03-22 20:54:56.509047,0.0,68.63,0.0708
2026-03-22 20:54:57.559935,0.0,68.63,0.0765
2026-03-22 20:54:58.618171,0.0,68.63,0.079
2026-03-22 20:54:59.673648,0.0,68.63,0.0735
2026-03-22 20:55:00.725427,0.0,68.63,0.0837
2026-03-22 20:55:01.780264,0.0,68.63,0.0745
2026-03-22 20:55:02.836607,0.0,68.63,0.0712
2026-03-22 20:55:03.896900,0.0,68.63,0.0767
2026-03-22 20:55:04.948350,0.0,68.62,0.078
2026-03-22 20:55:06.006548,0.0,68.62,0.0718
2026-03-22 20:55:07.060892,0.0,68.62,0.0703
2026-03-22 20:55:08.122247,0.0,68.62,0.0731
2026-03-22 20:55:09.178565,0.0,68.62,0.0709
2026-03-22 20:55:10.265325,0.0,68.62,0.0726
2026-03-22 20:55:11.352675,0.0,68.62,0.0789
2026-03-22 20:55:12.397689,0.0,68.62,0.0737
2026-03-22 20:55:13.448989,0.0,68.62,0.0823
2026-03-22 20:55:14.498636,0.0,68.62,0.073
2026-03-22 20:55:15.547706,0.0,68.61,0.0729
2026-03-22 20:55:16.601744,0.0,68.61,0.0715
2026-03-22 20:55:17.654383,0.0,68.61,0.072
2026-03-22 20:55:18.714810,0.0,68.61,0.078
2026-03-22 20:55:19.765290,0.0,68.61,0.0751
2026-03-22 20:55:20.814867,0.0,68.61,0.0687
2026-03-22 20:55:21.864869,0.0,68.61,0.0733
2026-03-22 20:55:22.917031,0.0,68.61,0.0734
2026-03-22 20:55:23.973330,0.0,68.61,0.0755
2026-03-22 20:55:25.025855,0.0,68.61,0.0795
2026-03-22 20:55:26.101226,0.0,68.61,0.0776
2026-03-22 20:55:27.156722,0.0,68.6,0.0816
2026-03-22 20:55:28.210371,0.0,68.6,0.0824
2026-03-22 20:55:29.271596,0.0,68.6,0.0806
2026-03-22 20:55:30.334019,0.0,68.6,0.0756
2026-03-22 20:55:31.464432,0.0,68.6,0.0701
2026-03-22 20:55:32.517305,0.0,68.6,0.0806
2026-03-22 20:55:33.594529,0.0,68.6,0.0766
2026-03-22 20:55:34.656032,0.0,68.6,0.0697
2026-03-22 20:55:35.711991,0.0,68.6,0.0762
2026-03-22 20:55:36.768005,0.0,68.6,0.0715
2026-03-22 20:55:37.826985,0.0,68.59,0.081
2026-03-22 20:55:38.887358,0.0,68.59,0.0778
2026-03-22 20:55:39.952832,0.0,68.59,0.0828
2026-03-22 20:55:41.007950,0.0,68.59,0.0764
2026-03-22 20:55:42.059223,0.0,68.59,0.0809
2026-03-22 20:55:43.116939,0.0,68.59,0.0779
2026-03-22 20:55:44.174909,0.0,68.59,0.0748
2026-03-22 20:55:45.230363,0.0,68.59,0.0786
2026-03-22 20:55:46.276463,0.0,68.59,0.0776
2026-03-22 20:55:47.345079,0.0,68.59,0.067
2026-03-22 20:55:48.404871,0.0,68.58,0.071
2026-03-22 20:55:49.468594,0.0,68.58,0.0739
2026-03-22 20:55:50.524738,0.0,68.58,0.0683
2026-03-22 20:55:51.583065,0.0,68.58,0.0791
2026-03-22 20:55:52.642378,0.0,68.58,0.0771
2026-03-22 20:55:53.706563,0.0,68.58,0.0824
2026-03-22 20:55:54.772241,0.0,68.58,0.076
2026-03-22 20:55:55.824057,0.0,68.58,0.0705
2026-03-22 20:55:56.883904,0.0,68.58,0.0712
2026-03-22 20:55:57.944110,0.0,68.58,0.0751
2026-03-22 20:55:59.007699,0.0,68.57,0.075
2026-03-22 20:56:00.062114,0.0,68.57,0.0762
2026-03-22 20:56:01.118859,0.0,68.57,0.0777
2026-03-22 20:56:02.170462,0.0,68.57,0.0758
2026-03-22 20:56:03.227622,0.0,68.57,0.0742
2026-03-22 20:56:04.281130,0.0,68.57,0.0721
2026-03-22 20:56:05.337203,0.0,68.57,0.0716
2026-03-22 20:56:06.393046,0.0,68.57,0.0741
2026-03-22 20:56:07.445248,0.0,68.57,0.0819
2026-03-22 20:56:08.507162,0.0,68.57,0.067
2026-03-22 20:56:09.571854,0.0,68.56,0.0746
2026-03-22 20:56:10.622898,0.0,68.56,0.073
2026-03-22 20:56:11.673220,0.0,68.56,0.0806
2026-03-22 20:56:13.020918,0.0,68.56,0.073
2026-03-22 20:56:14.085300,0.0,68.56,0.0721
2026-03-22 20:56:15.304016,0.0,68.56,0.0721
2026-03-22 20:56:16.359309,0.0,68.56,0.0681
2026-03-22 20:56:17.421579,0.0,68.56,0.0737
2026-03-22 20:56:18.475576,0.0,68.56,0.0833
2026-03-22 20:56:19.536386,0.0,68.56,0.073
2026-03-22 20:56:20.589820,0.0,68.55,0.0743
2026-03-22 20:56:21.641350,0.0,68.55,0.0781
2026-03-22 20:56:22.692943,0.0,68.55,0.0734
2026-03-22 20:56:23.757113,0.0,68.55,0.0798
2026-03-22 20:56:24.824260,0.0,68.55,0.0724
2026-03-22 20:56:25.883980,0.0,68.55,0.0847
2026-03-22 20:56:26.944591,0.0,68.55,0.0779
2026-03-22 20:56:27.995948,0.0,68.55,0.0709
2026-03-22 20:56:29.053789,0.0,68.55,0.0767
2026-03-22 20:56:30.103709,0.0,68.55,0.0834
2026-03-22 20:56:31.143584,0.0,68.54,0.0783
2026-03-22 20:56:32.216901,0.0,68.54,0.0681
2026-03-22 20:56:33.437667,0.0,68.54,0.0738
2026-03-22 20:56:34.497466,0.0,68.54,0.0721
2026-03-22 20:56:35.558380,0.0,68.54,0.0741
2026-03-22 20:56:36.612348,0.0,68.54,0.0758
2026-03-22 20:56:37.671118,0.0,68.54,0.0707
2026-03-22 20:56:38.725214,0.0,68.54,0.0689
2026-03-22 20:56:39.787848,0.0,68.54,0.0749
2026-03-22 20:56:40.850458,0.0,68.54,0.0807
2026-03-22 20:56:41.918592,0.0,68.54,0.0808
2026-03-22 20:56:42.972228,0.0,68.53,0.0811
2026-03-22 20:56:44.043248,0.0,68.53,0.0701
2026-03-22 20:56:45.104839,0.0,68.53,0.0699
2026-03-22 20:56:46.225709,0.0,68.53,0.082
2026-03-22 20:56:47.302510,0.0,68.53,0.0765
2026-03-22 20:56:48.366065,0.0,68.53,0.0806
2026-03-22 20:56:49.420779,0.0,68.53,0.076
2026-03-22 20:56:50.478308,0.0,68.53,0.0768
2026-03-22 20:56:51.533697,0.0,68.53,0.0673
2026-03-22 20:56:52.585765,0.0,68.53,0.0776
2026-03-22 20:56:53.640099,0.0,68.52,0.0755
2026-03-22 20:56:54.697747,0.0,68.52,0.0795
2026-03-22 20:56:55.751567,0.0,68.52,0.0705
2026-03-22 20:56:56.808873,0.0,68.52,0.0816
2026-03-22 20:56:57.864206,0.0,68.52,0.0806
2026-03-22 20:56:58.927193,0.0,68.52,0.078
2026-03-22 20:57:00.119346,0.0,68.52,0.0813
2026-03-22 20:57:01.173081,0.0,68.52,0.0772
2026-03-22 20:57:02.230593,0.0,68.52,0.0785
2026-03-22 20:57:03.291584,0.0,68.52,0.0752
2026-03-22 20:57:04.348927,0.0,68.51,0.0774
2026-03-22 20:57:05.405789,0.0,68.51,0.0739
2026-03-22 20:57:06.456267,0.0,68.51,0.0698
2026-03-22 20:57:07.518904,0.0,68.51,0.0776
2026-03-22 20:57:08.570614,0.0,68.51,0.0689
2026-03-22 20:57:09.622321,0.0,68.51,0.0775
2026-03-22 20:57:10.673944,0.0,68.51,0.0827
2026-03-22 20:57:11.725441,0.0,68.51,0.0819
2026-03-22 20:57:12.788741,0.0,68.51,0.0823
2026-03-22 20:57:13.840351,0.0,68.51,0.078
2026-03-22 20:57:14.956961,0.0,68.5,0.0711
2026-03-22 20:57:16.008030,0.0,68.5,0.075
2026-03-22 20:57:17.072607,0.0,68.5,0.0783
2026-03-22 20:57:18.185334,0.0,68.5,0.0804
2026-03-22 20:57:19.246844,0.0,68.5,0.0802
2026-03-22 20:57:20.311447,0.0,68.5,0.0754
2026-03-22 20:57:21.367035,0.0,68.5,0.0757
2026-03-22 20:57:22.441779,0.0,68.5,0.0754
2026-03-22 20:57:23.510635,0.0,68.5,0.079
2026-03-22 20:57:24.566784,0.0,68.5,0.0799
2026-03-22 20:57:25.618303,0.0,68.49,0.0701
2026-03-22 20:57:26.672632,0.0,68.49,0.0715
2026-03-22 20:57:27.727725,0.0,68.49,0.0764
2026-03-22 20:57:28.785946,0.0,68.49,0.0768
2026-03-22 20:57:30.009288,0.0,68.49,0.0789
2026-03-22 20:57:31.179564,0.0,68.49,0.0789
2026-03-22 20:57:32.230562,0.0,68.49,0.0731
2026-03-22 20:57:33.283912,0.0,68.49,0.0832
2026-03-22 20:57:34.348196,0.0,68.49,0.0804
2026-03-22 20:57:35.411983,0.0,68.49,0.0714
2026-03-22 20:57:36.469684,0.0,68.48,0.0732
2026-03-22 20:57:37.522896,0.0,68.48,0.0719
2026-03-22 20:57:38.575140,0.0,68.48,0.0795
2026-03-22 20:57:39.635226,0.0,68.48,0.0721
2026-03-22 20:57:40.692649,0.0,68.48,0.0759
2026-03-22 20:57:41.751963,0.0,68.48,0.0765
2026-03-22 20:57:42.806744,0.0,68.48,0.0754
2026-03-22 20:57:43.863371,0.0,68.48,0.0739
2026-03-22 20:57:44.934543,0.0,68.48,0.0814
2026-03-22 20:57:46.161497,0.0,68.48,0.0787
2026-03-22 20:57:47.222713,0.0,68.47,0.079
2026-03-22 20:57:48.286267,0.0,68.47,0.0786
2026-03-22 20:57:49.338896,0.0,68.47,0.0856
2026-03-22 20:57:50.390972,0.0,68.47,0.0746
2026-03-22 20:57:51.449304,0.0,68.47,0.0793
2026-03-22 20:57:52.500331,0.0,68.47,0.0784
2026-03-22 20:57:53.556750,0.0,68.47,0.0763
2026-03-22 20:57:54.607480,0.0,68.47,0.0837
2026-03-22 20:57:55.664514,0.0,68.47,0.0748
2026-03-22 20:57:56.714832,0.0,68.47,0.0807
2026-03-22 20:57:57.778026,0.0,68.46,0.0796
2026-03-22 20:57:58.829009,0.0,68.46,0.071
2026-03-22 20:57:59.891919,0.0,68.46,0.0826
2026-03-22 20:58:00.960890,0.0,68.46,0.0724
2026-03-22 20:58:02.013800,0.0,68.46,0.0706
2026-03-22 20:58:03.088567,0.0,68.46,0.0803
2026-03-22 20:58:04.142529,0.0,68.46,0.077
2026-03-22 20:58:05.195455,0.0,68.46,0.07
2026-03-22 20:58:06.246090,0.0,68.46,0.0786
2026-03-22 20:58:07.313311,0.0,68.46,0.0774
2026-03-22 20:58:08.363210,0.0,68.45,0.0837
2026-03-22 20:58:09.415280,0.0,68.45,0.0778
2026-03-22 20:58:10.470488,0.0,68.45,0.0833
2026-03-22 20:58:11.521578,0.0,68.45,0.0766
2026-03-22 20:58:12.579007,0.0,68.45,0.071
2026-03-22 20:58:13.632621,0.0,68.45,0.0677
2026-03-22 20:58:14.700948,0.0,68.45,0.0753
2026-03-22 20:58:15.905835,0.0,68.45,0.0843
2026-03-22 20:58:16.955370,0.0,68.45,0.0846
2026-03-22 20:58:18.007493,0.0,68.45,0.0759
2026-03-22 20:58:19.057351,0.0,68.44,0.0745
2026-03-22 20:58:20.113122,0.0,68.44,0.0722
2026-03-22 20:58:21.166783,0.0,68.44,0.0712
2026-03-22 20:58:22.219970,0.0,68.44,0.0714
2026-03-22 20:58:23.270275,0.0,68.44,0.0722
2026-03-22 20:58:24.324014,0.0,68.44,0.0797
2026-03-22 20:58:25.377000,0.0,68.44,0.069
2026-03-22 20:58:26.428643,0.0,68.44,0.0767
2026-03-22 20:58:27.483347,0.0,68.44,0.0826
2026-03-22 20:58:28.546956,0.0,68.44,0.0835
2026-03-22 20:58:29.608969,0.0,68.43,0.0692
2026-03-22 20:58:30.663289,0.0,68.43,0.0737
2026-03-22 20:58:31.754819,0.0,68.43,0.0801
2026-03-22 20:58:32.847882,0.0,68.43,0.0674
2026-03-22 20:58:33.900746,0.0,68.43,0.0815
2026-03-22 20:58:34.963176,0.0,68.43,0.0772
2026-03-22 20:58:36.015177,0.0,68.43,0.0678
2026-03-22 20:58:37.067965,0.0,68.43,0.0772
2026-03-22 20:58:38.120153,0.0,68.43,0.0813
2026-03-22 20:58:39.197695,0.0,68.43,0.0727
2026-03-22 20:58:40.249617,0.0,68.42,0.0692
2026-03-22 20:58:41.318842,0.0,68.42,0.0776
2026-03-22 20:58:42.380920,0.0,68.42,0.0717
2026-03-22 20:58:43.578906,0.0,68.42,0.0744
2026-03-22 20:58:44.623323,0.0,68.42,0.0783
2026-03-22 20:58:45.683846,0.0,68.42,0.08
2026-03-22 20:58:46.766186,0.0,68.42,0.0757
2026-03-22 20:58:47.831014,0.0,68.42,0.0753
2026-03-22 20:58:48.890339,0.0,68.42,0.0777
2026-03-22 20:58:49.947571,0.0,68.42,0.0806
2026-03-22 20:58:51.019510,0.0,68.41,0.0781
2026-03-22 20:58:52.077108,0.0,68.41,0.0751
2026-03-22 20:58:53.142001,0.0,68.41,0.0782
2026-03-22 20:58:54.193578,0.0,68.41,0.0752
2026-03-22 20:58:55.244570,0.0,68.41,0.0801
2026-03-22 20:58:56.300719,0.0,68.41,0.0817
2026-03-22 20:58:57.353757,0.0,68.41,0.0749
2026-03-22 20:58:58.407239,0.0,68.41,0.0778
2026-03-22 20:58:59.471303,0.0,68.41,0.0734
2026-03-22 20:59:00.536919,0.0,68.41,0.0774
2026-03-22 20:59:01.597677,0.0,68.4,0.0823
2026-03-22 20:59:02.655140,0.0,68.4,0.0714
2026-03-22 20:59:03.712823,0.0,68.4,0.0778
2026-03-22 20:59:04.763908,0.0,68.4,0.078
2026-03-22 20:59:05.824958,0.0,68.4,0.0734
2026-03-22 20:59:06.879017,0.0,68.4,0.078
2026-03-22 20:59:07.936733,0.0,68.4,0.0833
2026-03-22 20:59:09.006893,0.0,68.4,0.0814
2026-03-22 20:59:10.075559,0.0,68.4,0.0817
2026-03-22 20:59:11.130961,0.0,68.4,0.0752
2026-03-22 20:59:12.192553,0.0,68.39,0.0731
2026-03-22 20:59:13.258802,0.0,68.39,0.0746
2026-03-22 20:59:14.324176,0.0,68.39,0.0694
2026-03-22 20:59:15.382310,0.0,68.39,0.0734
2026-03-22 20:59:16.432089,0.0,68.39,0.0793
2026-03-22 20:59:17.488565,0.0,68.39,0.0838
2026-03-22 20:59:18.551858,0.0,68.39,0.0808
2026-03-22 20:59:19.614920,0.0,68.39,0.0852
2026-03-22 20:59:20.667663,0.0,68.39,0.0767
2026-03-22 20:59:21.726353,0.0,68.39,0.0761
2026-03-22 20:59:22.782462,0.0,68.38,0.069
2026-03-22 20:59:23.842508,0.0,68.38,0.0761
2026-03-22 20:59:24.894376,0.0,68.38,0.0803
2026-03-22 20:59:25.948294,0.0,68.38,0.0766
2026-03-22 20:59:27.009933,0.0,68.38,0.0738
2026-03-22 20:59:28.061432,0.0,68.38,0.0848
2026-03-22 20:59:29.124034,0.0,68.38,0.0728
2026-03-22 20:59:30.183824,0.0,68.38,0.0719
2026-03-22 20:59:31.246377,0.0,68.38,0.073
2026-03-22 20:59:32.309903,0.0,68.38,0.0715
2026-03-22 20:59:33.360604,0.0,68.38,0.0812
2026-03-22 20:59:34.414974,0.0,68.37,0.0778
2026-03-22 20:59:35.467219,0.0,68.37,0.0783
2026-03-22 20:59:36.524339,0.0,68.37,0.07
2026-03-22 20:59:37.581873,0.0,68.37,0.076
2026-03-22 20:59:38.639985,0.0,68.37,0.0777
2026-03-22 20:59:39.698604,0.0,68.37,0.0833
2026-03-22 20:59:40.762643,0.0,68.37,0.0704
2026-03-22 20:59:41.831248,0.0,68.37,0.0696
2026-03-22 20:59:42.883308,0.0,68.37,0.0718
2026-03-22 20:59:43.936752,0.0,68.37,0.0801
2026-03-22 20:59:44.987186,0.0,68.36,0.071
2026-03-22 20:59:46.033051,0.0,68.36,0.0751
2026-03-22 20:59:47.108785,0.0,68.36,0.076
2026-03-22 20:59:48.159995,0.0,68.36,0.0821
2026-03-22 20:59:49.212117,0.0,68.36,0.0838
2026-03-22 20:59:50.265263,0.0,68.36,0.0832
2026-03-22 20:59:51.316602,0.0,68.36,0.072
2026-03-22 20:59:52.379128,0.0,68.36,0.0759
2026-03-22 20:59:53.440935,0.0,68.36,0.0712
2026-03-22 20:59:54.493984,0.0,68.36,0.0789
2026-03-22 20:59:55.559704,0.0,68.35,0.0824
2026-03-22 20:59:56.619313,0.0,68.35,0.0793
2026-03-22 20:59:57.680037,0.0,68.35,0.0743
2026-03-22 20:59:58.738360,0.0,68.35,0.0723
2026-03-22 20:59:59.984283,0.0,68.35,0.0744
2026-03-22 21:00:01.025514,0.0,68.35,0.0738
2026-03-22 21:00:02.081219,0.0,68.35,0.0787
2026-03-22 21:00:03.139274,0.0,68.35,0.0756
2026-03-22 21:00:04.191339,0.0,68.35,0.071
2026-03-22 21:00:05.245960,0.0,68.35,0.0694
2026-03-22 21:00:06.296220,0.0,68.34,0.0835
2026-03-22 21:00:07.348565,0.0,68.34,0.0791
2026-03-22 21:00:08.401249,0.0,68.34,0.0798
2026-03-22 21:00:09.452364,0.0,68.34,0.0692
2026-03-22 21:00:10.505375,0.0,68.34,0.0762
2026-03-22 21:00:11.555572,0.0,68.34,0.079
2026-03-22 21:00:12.616607,0.0,68.34,0.0758
2026-03-22 21:00:13.677616,0.0,68.34,0.0683
2026-03-22 21:00:14.728965,0.0,68.34,0.0815
2026-03-22 21:00:15.956949,0.0,68.34,0.0679
2026-03-22 21:00:17.007793,0.0,68.33,0.0834
2026-03-22 21:00:18.092328,0.0,68.33,0.0792
2026-03-22 21:00:19.158690,0.0,68.33,0.0778
2026-03-22 21:00:20.209940,0.0,68.33,0.0768
2026-03-22 21:00:21.262581,0.0,68.33,0.0851
2026-03-22 21:00:22.323616,0.0,68.33,0.0738
2026-03-22 21:00:23.378894,0.0,68.33,0.0788
2026-03-22 21:00:24.434251,0.0,68.33,0.0833
2026-03-22 21:00:25.494504,0.0,68.33,0.079
2026-03-22 21:00:26.546955,0.0,68.33,0.072
2026-03-22 21:00:27.651191,0.0,68.32,0.0719
2026-03-22 21:00:28.703586,0.0,68.32,0.0702
2026-03-22 21:00:29.897577,0.0,68.32,0.0712
2026-03-22 21:00:30.991844,0.0,68.32,0.0829
2026-03-22 21:00:32.042916,0.0,68.32,0.0729
2026-03-22 21:00:33.110018,0.0,68.32,0.0791
2026-03-22 21:00:34.208752,0.0,68.32,0.0763
2026-03-22 21:00:35.269271,0.0,68.32,0.0785
2026-03-22 21:00:36.332281,0.0,68.32,0.0791
2026-03-22 21:00:37.390634,0.0,68.32,0.0727
2026-03-22 21:00:38.442999,0.0,68.31,0.0749
2026-03-22 21:00:39.503310,0.0,68.31,0.0728
2026-03-22 21:00:40.564437,0.0,68.31,0.0674
2026-03-22 21:00:41.624273,0.0,68.31,0.0826
2026-03-22 21:00:42.674675,0.0,68.31,0.0775
2026-03-22 21:00:43.742628,0.0,68.31,0.0737
2026-03-22 21:00:44.895176,0.0,68.31,0.0739
2026-03-22 21:00:45.992702,0.0,68.31,0.0836
2026-03-22 21:00:47.054987,0.0,68.31,0.0802
2026-03-22 21:00:48.111088,0.0,68.31,0.069
2026-03-22 21:00:49.164963,0.0,68.3,0.0803
2026-03-22 21:00:50.229343,0.0,68.3,0.0764
2026-03-22 21:00:51.290977,0.0,68.3,0.0792
2026-03-22 21:00:52.348754,0.0,68.3,0.0775
2026-03-22 21:00:53.403707,0.0,68.3,0.0788
2026-03-22 21:00:54.455038,0.0,68.3,0.0719
2026-03-22 21:00:55.520018,0.0,68.3,0.0818
2026-03-22 21:00:56.569673,0.0,68.3,0.0774
2026-03-22 21:00:57.620610,0.0,68.3,0.0713
2026-03-22 21:00:58.674725,0.0,68.3,0.073
2026-03-22 21:00:59.891049,0.0,68.29,0.0824
2026-03-22 21:01:00.979382,0.0,68.29,0.0369
2026-03-22 21:01:02.043690,0.0,68.29,0.0295
2026-03-22 21:01:03.107105,0.0,68.29,0.038
2026-03-22 21:01:04.167335,0.0,68.29,0.0394
2026-03-22 21:01:05.223705,0.0,68.29,0.0493
2026-03-22 21:01:06.275970,0.0,68.29,0.0235
2026-03-22 21:01:07.331116,0.0,68.29,0.0491
2026-03-22 21:01:08.382037,0.0,68.29,0.0516
2026-03-22 21:01:09.435004,0.0,68.29,0.0309
2026-03-22 21:01:10.490265,0.0,68.29,0.0303
2026-03-22 21:01:11.541912,0.0,68.29,0.0427
2026-03-22 21:01:12.597308,0.0,68.29,0.0308
2026-03-22 21:01:13.648666,0.0,68.29,0.0536
2026-03-22 21:01:14.700669,0.0,68.29,0.0386
2026-03-22 21:01:15.904221,0.0,68.29,0.0416
2026-03-22 21:01:16.957056,0.0,68.29,0.0466
2026-03-22 21:01:18.011960,0.0,68.29,0.0403
2026-03-22 21:01:19.064838,0.0,68.29,0.0486
2026-03-22 21:01:20.124989,0.0,68.28,0.0555
2026-03-22 21:01:21.175899,0.0,68.28,0.0407
2026-03-22 21:01:22.229586,0.0,68.28,0.0373
2026-03-22 21:01:23.288775,0.0,68.28,0.0449
2026-03-22 21:01:24.346504,0.0,68.28,0.0359
2026-03-22 21:01:25.406066,0.0,68.28,0.0531
2026-03-22 21:01:26.456189,0.0,68.28,0.0487
2026-03-22 21:01:27.511046,0.0,68.28,0.0483
2026-03-22 21:01:28.568370,0.0,68.28,0.0523
2026-03-22 21:01:29.633040,0.0,68.28,0.0261
2026-03-22 21:01:30.692392,0.0,68.28,0.0416
2026-03-22 21:01:31.762248,0.0,68.28,0.0361
2026-03-22 21:01:32.914584,0.0,68.28,0.0509
2026-03-22 21:01:33.984043,0.0,68.28,0.0578
2026-03-22 21:01:35.036447,0.0,68.28,0.0581
2026-03-22 21:01:36.086492,0.0,68.28,0.0239
2026-03-22 21:01:37.140370,0.0,68.28,0.0257
2026-03-22 21:01:38.194617,0.0,68.28,0.0336
2026-03-22 21:01:39.245299,0.0,68.27,0.0347
2026-03-22 21:01:40.298336,0.0,68.27,0.0545
2026-03-22 21:01:41.353946,0.0,68.27,0.0603
2026-03-22 21:01:42.407232,0.0,68.27,0.0439
2026-03-22 21:01:43.458751,0.0,68.27,0.0332
2026-03-22 21:01:44.522059,0.0,68.27,0.0241
2026-03-22 21:01:45.574704,0.0,68.27,0.027
2026-03-22 21:01:46.630049,0.0,68.27,0.0498
2026-03-22 21:01:47.688145,0.0,68.27,0.0284
2026-03-22 21:01:48.756926,0.0,68.27,0.034
2026-03-22 21:01:49.809139,0.0,68.27,0.0481
2026-03-22 21:01:50.859763,0.0,68.27,0.0486
2026-03-22 21:01:51.910270,0.0,68.27,0.0387
2026-03-22 21:01:52.963709,0.0,68.27,0.053
2026-03-22 21:01:54.019801,0.0,68.27,0.0577
2026-03-22 21:01:55.074092,0.0,68.27,0.0358
2026-03-22 21:01:56.132167,0.0,68.27,0.0509
2026-03-22 21:01:57.186123,0.0,68.27,0.0556
2026-03-22 21:01:58.245137,0.0,68.26,0.0498
2026-03-22 21:01:59.334889,0.0,68.26,0.0457
2026-03-22 21:02:00.481529,0.0,68.26,0.045
2026-03-22 21:02:01.528102,0.0,68.26,0.0283
2026-03-22 21:02:02.623163,0.0,68.26,0.035
2026-03-22 21:02:03.690307,0.0,68.26,0.0475
2026-03-22 21:02:04.756124,0.0,68.26,0.0484
2026-03-22 21:02:05.825253,0.0,68.26,0.0346
2026-03-22 21:02:06.882885,0.0,68.26,0.0343
2026-03-22 21:02:07.939347,0.0,68.26,0.0285
2026-03-22 21:02:08.996182,0.0,68.26,0.0302
2026-03-22 21:02:10.050580,0.0,68.26,0.0288
2026-03-22 21:02:11.101302,0.0,68.26,0.0432
2026-03-22 21:02:12.154343,0.0,68.26,0.0447
2026-03-22 21:02:13.207928,0.0,68.26,0.041
2026-03-22 21:02:14.261435,0.0,68.26,0.0434
2026-03-22 21:02:15.567014,0.0,68.26,0.0375
2026-03-22 21:02:16.711884,0.0,68.26,0.0509
2026-03-22 21:02:17.772642,0.0,68.26,0.035
2026-03-22 21:07:48.976336,0.0,68.03,0.0566
2026-03-22 21:07:50.653882,0.0,68.03,0.0324
2026-03-22 21:07:51.696008,0.0,68.03,0.0375
2026-03-22 21:07:52.737519,0.0,68.03,0.0299
2026-03-22 21:07:53.784606,0.0,68.02,0.0569
2026-03-22 21:07:54.841701,0.0,68.02,0.0329
2026-03-22 21:07:56.065123,0.0,68.02,0.0466
2026-03-22 21:07:57.381591,0.0,68.02,0.0356
2026-03-22 21:07:58.459234,0.0,68.02,0.0406
2026-03-22 21:07:59.654983,0.0,68.02,0.0298
2026-03-22 21:08:01.033004,0.0,68.02,0.0323
2026-03-22 21:08:02.153613,0.0,68.02,0.0368
2026-03-22 21:08:03.426020,0.0,68.02,0.0375
2026-03-22 21:08:04.502189,0.0,68.02,0.0414
2026-03-22 21:08:05.806888,0.0,68.02,0.0565
2026-03-22 21:08:07.057134,0.0,68.02,0.0379
2026-03-22 21:08:08.305312,0.0,68.02,0.0377
2026-03-22 21:08:09.789894,0.0,68.02,0.0371
2026-03-22 21:08:10.901161,0.0,68.02,0.0461
2026-03-22 21:08:11.968647,0.0,68.02,0.0319
2026-03-22 21:08:13.405089,0.0,68.02,0.0501
2026-03-22 21:08:14.765067,0.0,68.01,0.0331
2026-03-22 21:08:15.812236,0.0,68.01,0.0322
2026-03-22 21:08:16.943304,0.0,68.01,0.0488
2026-03-22 21:08:17.980077,0.0,68.01,0.0367
2026-03-22 21:08:19.019651,0.0,68.01,0.0449
2026-03-22 21:08:20.078339,0.0,68.01,0.0479
2026-03-22 21:08:21.137065,0.0,68.01,0.0393
2026-03-22 21:08:22.188971,0.0,68.01,0.0555
2026-03-22 21:08:23.247287,0.0,68.01,0.0238
2026-03-22 21:08:24.301478,0.0,68.01,0.0266
2026-03-22 21:08:25.352373,0.0,68.01,0.0243
2026-03-22 21:08:26.403846,0.0,68.01,0.0284
2026-03-22 21:08:27.464943,0.0,68.01,0.0284
2026-03-22 21:08:28.527298,0.0,68.01,0.0308
2026-03-22 21:08:29.585527,0.0,68.01,0.0545
2026-03-22 21:08:30.635407,0.0,68.01,0.032
2026-03-22 21:08:31.941030,0.0,68.01,0.0522
2026-03-22 21:08:33.018045,0.0,68.01,0.0374
2026-03-22 21:08:34.074507,0.0,68.01,0.041
2026-03-22 21:08:35.129491,0.0,68.01,0.0298
2026-03-22 21:08:36.181211,0.0,68.0,0.0396
2026-03-22 21:08:37.788730,0.0,68.0,0.0521
2026-03-22 21:08:39.195281,0.0,68.0,0.0307
2026-03-22 21:08:40.251559,0.0,68.0,0.0413
2026-03-22 21:08:41.301618,0.0,68.0,0.0368
2026-03-22 21:08:42.356249,0.0,68.0,0.0459
2026-03-22 21:08:43.403791,0.0,68.0,0.0323
2026-03-22 21:08:44.449605,0.0,68.0,0.036
2026-03-22 21:08:45.501904,0.0,68.0,0.0481
2026-03-22 21:08:46.558307,0.0,68.0,0.0247
2026-03-22 21:08:47.598932,0.0,68.0,0.0226
2026-03-22 21:08:49.011168,0.0,68.0,0.0252
2026-03-22 21:08:50.151291,0.0,68.0,0.0413
2026-03-22 21:08:51.192488,0.0,68.0,0.0336
2026-03-22 21:08:52.235681,0.0,68.0,0.0289
2026-03-22 21:08:53.289369,0.0,68.0,0.0327
2026-03-22 21:08:54.365550,0.0,68.0,0.0495
2026-03-22 21:08:55.419982,0.0,68.0,0.0502
2026-03-22 21:08:56.475869,0.0,68.0,0.0458
2026-03-22 21:08:57.518593,0.0,68.0,0.0253
2026-03-22 21:08:58.569744,0.0,67.99,0.0346
2026-03-22 21:08:59.617493,0.0,67.99,0.0459
2026-03-22 21:09:00.686244,0.0,67.99,0.0461
2026-03-22 21:09:01.751024,0.0,67.99,0.0335
2026-03-22 21:09:02.815791,0.0,67.99,0.0463
2026-03-22 21:09:03.889701,0.0,67.99,0.0376
2026-03-22 21:09:04.952826,0.0,67.99,0.0379
2026-03-22 21:09:06.003329,0.0,67.99,0.0548
2026-03-22 21:09:07.037060,0.0,67.99,0.0358
2026-03-22 21:09:08.103249,0.0,67.99,0.023
2026-03-22 21:09:09.263127,0.0,67.99,0.0449
2026-03-22 21:09:10.329873,0.0,67.99,0.0386
2026-03-22 21:09:11.405949,0.0,67.99,0.0461
2026-03-22 21:09:12.464764,0.0,67.99,0.0501
2026-03-22 21:09:13.534580,0.0,67.99,0.0337
2026-03-22 21:09:14.589308,0.0,67.99,0.0399
2026-03-22 21:09:15.632833,0.0,67.99,0.0547
2026-03-22 21:09:16.693313,0.0,67.99,0.0386
2026-03-22 21:09:17.749585,0.0,67.99,0.0332
2026-03-22 21:09:18.814200,0.0,67.98,0.0471
2026-03-22 21:09:19.863464,0.0,67.98,0.0523
2026-03-22 21:09:20.910046,0.0,67.98,0.0558
2026-03-22 21:09:21.986829,0.0,67.98,0.0229
2026-03-22 21:09:23.707774,0.0,67.98,0.0503
2026-03-22 21:09:25.234698,0.0,67.98,0.0426
2026-03-22 21:09:26.628515,0.0,67.98,0.0298
2026-03-22 21:09:28.744968,0.0,67.98,0.0357
2026-03-22 21:09:30.815823,0.0,67.98,0.0494
2026-03-22 21:09:32.098021,0.0,67.98,0.0459
2026-03-22 21:09:33.197527,0.0,67.98,0.0402
2026-03-22 21:09:34.274690,0.0,67.98,0.0432
2026-03-22 21:09:35.352353,0.0,67.98,0.029
2026-03-22 21:09:36.989403,0.0,67.98,0.0467
2026-03-22 21:09:40.400015,0.0,67.97,0.0311
2026-03-22 21:09:42.121189,0.0,67.97,0.0384
2026-03-22 21:09:43.410026,0.0,67.97,0.0488
2026-03-22 21:09:44.692461,0.0,67.97,0.0406
2026-03-22 21:09:45.744669,0.0,67.97,0.0286
2026-03-22 21:09:46.844630,0.0,67.97,0.0539
2026-03-22 21:09:47.979178,0.0,67.97,0.0418
2026-03-22 21:09:49.061302,0.0,67.97,0.0515
2026-03-22 21:09:50.132962,0.0,67.97,0.0373
2026-03-22 21:09:51.198021,0.0,67.97,0.0529
2026-03-22 21:09:52.286570,0.0,67.97,0.0258
2026-03-22 21:09:53.322407,0.0,67.97,0.0364
2026-03-22 21:09:54.369896,0.0,67.97,0.0522
2026-03-22 21:09:55.412694,0.0,67.97,0.0483
2026-03-22 21:09:56.450737,0.0,67.97,0.0394
2026-03-22 21:09:57.547353,0.0,67.97,0.0433
2026-03-22 21:09:58.617941,0.0,67.96,0.0279
2026-03-22 21:09:59.674716,0.0,67.96,0.0249
2026-03-22 21:10:00.784634,0.0,67.96,0.0525
2026-03-22 21:10:08.016714,0.0,67.96,0.0477
2026-03-22 21:10:09.957171,0.0,67.96,0.0441
2026-03-22 21:10:11.087328,0.0,67.96,0.0307
2026-03-22 21:10:12.223410,0.0,67.96,0.0287
2026-03-22 21:10:13.387907,0.0,67.96,0.0354
2026-03-22 21:10:14.482596,0.0,67.96,0.0444
2026-03-22 21:10:15.562595,0.0,67.96,0.0475
2026-03-22 21:10:16.970778,0.0,67.95,0.0585
2026-03-22 21:10:18.063404,0.0,67.95,0.0269
2026-03-22 21:10:19.107921,0.0,67.95,0.0382
2026-03-22 21:10:20.158745,0.0,67.95,0.0437
2026-03-22 21:10:21.196128,0.0,67.95,0.0533
2026-03-22 21:10:22.240648,0.0,67.95,0.0287
2026-03-22 21:10:23.311390,0.0,67.95,0.0262
2026-03-22 21:10:24.380103,0.0,67.95,0.0381
2026-03-22 21:10:25.418861,0.0,67.95,0.0531
2026-03-22 21:10:26.448967,0.0,67.95,0.0255
2026-03-22 21:10:27.489946,0.0,67.95,0.0533
2026-03-22 21:10:28.544840,0.0,67.95,0.0435
2026-03-22 21:10:29.693133,0.0,67.95,0.052
2026-03-22 21:10:30.783612,0.0,67.95,0.0312
2026-03-22 21:10:32.045914,0.0,67.95,0.0433
2026-03-22 21:10:33.381300,0.0,67.95,0.0283
2026-03-22 21:10:34.751505,0.0,67.95,0.0427
2026-03-22 21:10:35.903654,0.0,67.95,0.0376
2026-03-22 21:10:37.155976,0.0,67.95,0.0376
2026-03-22 21:10:38.242671,0.0,67.94,0.0342
2026-03-22 21:10:39.320614,0.0,67.94,0.0394
2026-03-22 21:10:40.387505,0.0,67.94,0.0295
2026-03-22 21:10:41.452785,0.0,67.94,0.0527
2026-03-22 21:10:42.554185,0.0,67.94,0.0478
2026-03-22 21:10:43.609705,0.0,67.94,0.0255
2026-03-22 21:10:44.697181,0.0,67.94,0.0271
2026-03-22 21:10:45.731645,0.0,67.94,0.0335
2026-03-22 21:10:46.811162,0.0,67.94,0.029
2026-03-22 21:10:47.865877,0.0,67.94,0.0447
2026-03-22 21:10:48.946902,0.0,67.94,0.0238
2026-03-22 21:10:49.979868,0.0,67.94,0.0444
2026-03-22 21:10:51.032236,0.0,67.94,0.0305
2026-03-22 21:10:52.097996,0.0,67.94,0.0453
2026-03-22 21:10:53.175379,0.0,67.94,0.0271
2026-03-22 21:10:54.231327,0.0,67.94,0.0257
2026-03-22 21:10:55.308670,0.0,67.94,0.0296
2026-03-22 21:10:56.369099,0.0,67.94,0.0349
2026-03-22 21:10:57.434786,0.0,67.94,0.0536
2026-03-22 21:10:58.489499,0.0,67.94,0.034
2026-03-22 21:10:59.547839,0.0,67.94,0.028
2026-03-22 21:11:00.599145,0.0,67.94,0.0495
2026-03-22 21:11:01.660599,0.0,67.93,0.0315
2026-03-22 21:11:02.724970,0.0,67.93,0.0321
2026-03-22 21:11:03.781627,0.0,67.93,0.0422
2026-03-22 21:11:04.836966,0.0,67.93,0.0249
2026-03-22 21:11:05.864186,0.0,67.93,0.0356
2026-03-22 21:11:06.948158,0.0,67.93,0.0383
2026-03-22 21:11:08.141426,0.0,67.93,0.0349
2026-03-22 21:11:09.215008,0.0,67.93,0.0549
2026-03-22 21:11:10.267407,0.0,67.93,0.0242
2026-03-22 21:11:11.336383,0.0,67.93,0.0376
2026-03-22 21:11:12.393728,0.0,67.93,0.0436
2026-03-22 21:11:13.465044,0.0,67.93,0.0468
2026-03-22 21:11:14.520136,0.0,67.93,0.0391
2026-03-22 21:11:15.578647,0.0,67.93,0.0534
2026-03-22 21:11:16.647021,0.0,67.93,0.0352
2026-03-22 21:11:17.716340,0.0,67.93,0.0239
2026-03-22 21:11:18.772146,0.0,67.93,0.0281
2026-03-22 21:11:19.830011,0.0,67.93,0.0365
2026-03-22 21:11:20.884511,0.0,67.93,0.0511
2026-03-22 21:11:21.933779,0.0,67.93,0.0494
2026-03-22 21:11:22.976187,0.0,67.92,0.0513
2026-03-22 21:11:24.026399,0.0,67.92,0.0464
2026-03-22 21:11:25.081501,0.0,67.92,0.042
2026-03-22 21:11:26.135347,0.0,67.92,0.052
2026-03-22 21:11:27.191266,0.0,67.92,0.0289
2026-03-22 21:11:28.242318,0.0,67.92,0.0372
2026-03-22 21:11:29.280022,0.0,67.92,0.0255
2026-03-22 21:11:30.342957,0.0,67.92,0.0507
2026-03-22 21:11:31.398009,0.0,67.92,0.0419
2026-03-22 21:11:32.441555,0.0,67.92,0.0499
2026-03-22 21:11:33.512670,0.0,67.92,0.0458
2026-03-22 21:11:34.628194,0.0,67.92,0.0449
2026-03-22 21:11:35.781143,0.0,67.92,0.0537
2026-03-22 21:11:36.874541,0.0,67.92,0.0526
2026-03-22 21:11:38.014748,0.0,67.92,0.0336
2026-03-22 21:11:39.520197,0.0,67.92,0.0374
2026-03-22 21:11:40.736637,0.0,67.92,0.0239
2026-03-22 21:11:41.820180,0.0,67.91,0.0431
2026-03-22 21:11:42.941996,0.0,67.91,0.0423
2026-03-22 21:11:44.010970,0.0,67.91,0.0393
2026-03-22 21:11:45.092310,0.0,67.91,0.0399
2026-03-22 21:11:46.144848,0.0,67.91,0.052
2026-03-22 21:11:47.173225,0.0,67.91,0.0347
2026-03-22 21:11:48.237205,0.0,67.91,0.0391
2026-03-22 21:11:49.303742,0.0,67.91,0.0522
2026-03-22 21:11:50.376759,0.0,67.91,0.0325
2026-03-22 21:11:51.428082,0.0,67.91,0.0464
2026-03-22 21:11:52.502335,0.0,67.91,0.0515
2026-03-22 21:11:53.557739,0.0,67.91,0.0508
2026-03-22 21:11:54.618806,0.0,67.91,0.0227
2026-03-22 21:11:55.674638,0.0,67.91,0.0341
2026-03-22 21:11:56.734840,0.0,67.91,0.0484
2026-03-22 21:11:57.808593,0.0,67.91,0.0367
2026-03-22 21:11:58.874941,0.0,67.91,0.0389
2026-03-22 21:11:59.931962,0.0,67.91,0.0506
2026-03-22 21:12:01.034103,0.0,67.91,0.04
2026-03-22 21:12:02.097683,0.0,67.9,0.0402
2026-03-22 21:12:03.140784,0.0,67.9,0.0286
2026-03-22 21:12:04.193645,0.0,67.9,0.0334
2026-03-22 21:12:05.253589,0.0,67.9,0.0308
2026-03-22 21:12:06.309336,0.0,67.9,0.037
2026-03-22 21:12:07.362781,0.0,67.9,0.0533
2026-03-22 21:12:08.413948,0.0,67.9,0.035
2026-03-22 21:12:09.467864,0.0,67.9,0.0572
2026-03-22 21:12:10.541690,0.0,67.9,0.0529
2026-03-22 21:12:11.595005,0.0,67.9,0.053
2026-03-22 21:12:12.651682,0.0,67.9,0.0355
2026-03-22 21:12:13.701660,0.0,67.9,0.0465
2026-03-22 21:12:14.744423,0.0,67.9,0.0381
2026-03-22 21:12:15.791690,0.0,67.9,0.0507
2026-03-22 21:12:16.859228,0.0,67.9,0.035
2026-03-22 21:12:17.961200,0.0,67.9,0.0488
2026-03-22 21:12:19.075515,0.0,67.9,0.0406
2026-03-22 21:12:20.143656,0.0,67.9,0.0543
2026-03-22 21:12:21.177216,0.0,67.89,0.0521
2026-03-22 21:12:22.230728,0.0,67.89,0.0522
2026-03-22 21:12:23.299831,0.0,67.89,0.0394
2026-03-22 21:12:24.363496,0.0,67.89,0.0466
2026-03-22 21:12:25.420600,0.0,67.89,0.0494
2026-03-22 21:12:26.481759,0.0,67.89,0.0534
2026-03-22 21:12:27.545932,0.0,67.89,0.0475
2026-03-22 21:12:28.600891,0.0,67.89,0.0343
2026-03-22 21:12:29.654227,0.0,67.89,0.0466
2026-03-22 21:12:30.711356,0.0,67.89,0.0468
2026-03-22 21:12:31.762958,0.0,67.89,0.0245
2026-03-22 21:12:32.882085,0.0,67.89,0.0336
2026-03-22 21:12:33.950586,0.0,67.89,0.0399
2026-03-22 21:12:34.987183,0.0,67.89,0.0425
2026-03-22 21:12:36.051561,0.0,67.89,0.0321
2026-03-22 21:12:37.111020,0.0,67.89,0.0485
2026-03-22 21:12:38.180348,0.0,67.89,0.0281
2026-03-22 21:12:39.233592,0.0,67.89,0.055
2026-03-22 21:12:40.300423,0.0,67.88,0.0471
2026-03-22 21:12:41.369730,0.0,67.88,0.032
2026-03-22 21:12:42.497077,0.0,67.88,0.0272
2026-03-22 21:12:43.586467,0.0,67.88,0.0375
2026-03-22 21:12:44.651715,0.0,67.88,0.0264
2026-03-22 21:12:45.718813,0.0,67.88,0.0331
2026-03-22 21:12:46.751634,0.0,67.88,0.0304
2026-03-22 21:12:47.814899,0.0,67.88,0.0353
2026-03-22 21:12:48.899373,0.0,67.88,0.0395
2026-03-22 21:12:49.948008,0.0,67.88,0.0265
2026-03-22 21:12:50.998483,0.0,67.88,0.0353
2026-03-22 21:12:52.032172,0.0,67.88,0.0317
2026-03-22 21:12:53.108969,0.0,67.88,0.0445
2026-03-22 21:12:54.166403,0.0,67.88,0.0514
2026-03-22 21:12:55.229156,0.0,67.88,0.0515
2026-03-22 21:12:56.282180,0.0,67.88,0.0496
2026-03-22 21:12:57.357416,0.0,67.88,0.0523
2026-03-22 21:12:58.388112,0.0,67.88,0.0487
2026-03-22 21:12:59.440178,0.0,67.88,0.0384
2026-03-22 21:13:00.745020,0.0,67.87,0.0521
2026-03-22 21:13:02.319796,0.0,67.87,0.0483
2026-03-22 21:13:04.106077,0.0,67.87,0.0434
2026-03-22 21:13:05.220097,0.0,67.87,0.0519
2026-03-22 21:13:06.366173,0.0,67.87,0.0426
2026-03-22 21:13:07.454474,0.0,67.87,0.043
2026-03-22 21:13:08.533013,0.0,67.87,0.0415
2026-03-22 21:13:09.602100,0.0,67.87,0.0385
2026-03-22 21:13:10.696487,0.0,67.87,0.0398
2026-03-22 21:13:11.754779,0.0,67.87,0.0443
2026-03-22 21:13:12.817117,0.0,67.87,0.0341
2026-03-22 21:13:13.881838,0.0,67.87,0.0477
2026-03-22 21:13:14.922523,0.0,67.87,0.0411
2026-03-22 21:13:15.974646,0.0,67.87,0.0311
2026-03-22 21:13:17.008275,0.0,67.87,0.0255
2026-03-22 21:13:18.068372,0.0,67.87,0.0308
2026-03-22 21:13:19.109841,0.0,67.87,0.0478
2026-03-22 21:13:20.150108,0.0,67.87,0.0437
2026-03-22 21:13:21.451219,0.0,67.86,0.0426
2026-03-22 21:13:22.565100,0.0,67.86,0.0474
2026-03-22 21:13:23.650668,0.0,67.86,0.0276
2026-03-22 21:13:24.723062,0.0,67.86,0.047
2026-03-22 21:13:25.759031,0.0,67.86,0.0226
2026-03-22 21:13:26.791753,0.0,67.86,0.0478
2026-03-22 21:13:27.835541,0.0,67.86,0.0367
2026-03-22 21:13:28.896386,0.0,67.86,0.0299
2026-03-22 21:13:29.927408,0.0,67.86,0.025
2026-03-22 21:13:30.957607,0.0,67.86,0.0359
2026-03-22 21:13:32.028898,0.0,67.86,0.0326
2026-03-22 21:13:33.095990,0.0,67.86,0.0275
2026-03-22 21:13:34.156016,0.0,67.86,0.0448
2026-03-22 21:13:35.188196,0.0,67.86,0.0296
2026-03-22 21:13:50.020830,0.0,69.98,0.0261
2026-03-22 21:15:22.951725,0.0,69.96,0.0513
2026-03-22 21:15:24.500979,0.0,69.96,0.0276
2026-03-22 21:15:25.570738,0.0,69.96,0.0382
2026-03-22 21:15:26.648942,0.0,69.96,0.0469
2026-03-22 21:15:27.865967,0.0,69.96,0.0365
2026-03-22 21:15:28.902775,0.0,69.96,0.0375
2026-03-22 21:15:29.960661,0.0,69.96,0.0353
2026-03-22 21:15:31.063327,0.0,69.96,0.0475
2026-03-22 21:15:32.146910,0.0,69.96,0.0338
2026-03-22 21:15:33.281849,0.0,69.96,0.0294
2026-03-22 21:15:34.722311,0.0,69.96,0.0458
2026-03-22 21:15:35.826331,0.0,69.96,0.0399
2026-03-22 21:15:36.872072,0.0,69.96,0.0414
2026-03-22 21:15:37.934224,0.0,69.96,0.0424
2026-03-22 21:15:39.225080,0.0,69.96,0.0316
2026-03-22 21:15:40.281576,0.0,69.95,0.0526
2026-03-22 21:15:41.339101,0.0,69.95,0.0305
2026-03-22 21:15:42.372598,0.0,69.95,0.0264
2026-03-22 21:15:43.414564,0.0,69.95,0.053
2026-03-22 21:15:44.452658,0.0,69.95,0.0342
2026-03-22 21:15:45.512621,0.0,69.95,0.0292
2026-03-22 21:15:46.573458,0.0,69.95,0.0507
2026-03-22 21:15:47.615633,0.0,69.95,0.0375
2026-03-22 21:15:48.658784,0.0,69.95,0.0253
2026-03-22 21:15:49.703822,0.0,69.95,0.0475
2026-03-22 21:15:50.768904,0.0,69.95,0.0307
2026-03-22 21:15:51.832181,0.0,69.95,0.0522
2026-03-22 21:15:52.884564,0.0,69.95,0.0529
2026-03-22 21:15:53.943404,0.0,69.95,0.0309
2026-03-22 21:15:54.975734,0.0,69.95,0.0334
2026-03-22 21:15:56.016305,0.0,69.95,0.0347
2026-03-22 21:15:57.092973,0.0,69.95,0.0531
2026-03-22 21:15:58.223099,0.0,69.95,0.0287
2026-03-22 21:15:59.267097,0.0,69.95,0.0302
2026-03-22 21:16:00.305874,0.0,69.95,0.0449
2026-03-22 21:16:01.355381,0.0,69.94,0.0245
2026-03-22 21:16:02.401020,0.0,69.94,0.0384
2026-03-22 21:16:03.476708,0.0,69.94,0.0348
2026-03-22 21:16:04.565874,0.0,69.94,0.0444
2026-03-22 21:16:05.652396,0.0,69.94,0.0238
2026-03-22 21:16:06.771758,0.0,69.94,0.0461
2026-03-22 21:16:07.879210,0.0,69.94,0.0396
2026-03-22 21:16:08.960616,0.0,69.94,0.0462
2026-03-22 21:16:10.052937,0.0,69.94,0.0319
2026-03-22 21:16:11.163489,0.0,69.94,0.0302
2026-03-22 21:16:12.249854,0.0,69.94,0.0534
2026-03-22 21:16:13.313227,0.0,69.94,0.0253
2026-03-22 21:16:14.420004,0.0,69.94,0.0476
2026-03-22 21:16:15.817652,0.0,69.94,0.0268
2026-03-22 21:16:16.926257,0.0,69.94,0.0561
2026-03-22 21:16:18.062842,0.0,69.94,0.0513
2026-03-22 21:16:19.263290,0.0,69.94,0.029
2026-03-22 21:16:20.370904,0.0,69.94,0.0256
2026-03-22 21:16:21.470749,0.0,69.94,0.0548
2026-03-22 21:16:22.555518,0.0,69.93,0.0527
2026-03-22 21:16:23.790508,0.0,69.93,0.0377
2026-03-22 21:16:24.927708,0.0,69.93,0.0276
2026-03-22 21:16:26.074457,0.0,69.93,0.0263
2026-03-22 21:16:27.340358,0.0,69.93,0.0388
2026-03-22 21:16:28.657731,0.0,69.93,0.0268
2026-03-22 21:16:29.742094,0.0,69.93,0.024
2026-03-22 21:16:30.822914,0.0,69.93,0.0506
2026-03-22 21:16:31.921754,0.0,69.93,0.0307
2026-03-22 21:16:32.974088,0.0,69.93,0.0469
2026-03-22 21:16:34.038592,0.0,69.93,0.0527
2026-03-22 21:16:35.068243,0.0,69.93,0.0422
2026-03-22 21:16:36.128038,0.0,69.93,0.0505
2026-03-22 21:16:37.181081,0.0,69.93,0.0487
2026-03-22 21:16:38.244875,0.0,69.93,0.0572
2026-03-22 21:16:39.296579,0.0,69.93,0.0405
2026-03-22 21:16:40.475647,0.0,69.93,0.0532
2026-03-22 21:16:41.577680,0.0,69.93,0.0337
2026-03-22 21:16:42.639539,0.0,69.92,0.0357
2026-03-22 21:16:43.700177,0.0,69.92,0.0326
2026-03-22 21:16:44.762264,0.0,69.92,0.0477
2026-03-22 21:16:45.819147,0.0,69.92,0.0276
2026-03-22 21:16:46.871279,0.0,69.92,0.0322
2026-03-22 21:16:47.931694,0.0,69.92,0.0406
2026-03-22 21:16:48.971986,0.0,69.92,0.0399
2026-03-22 21:16:50.026577,0.0,69.92,0.0536
2026-03-22 21:16:51.077837,0.0,69.92,0.0278
2026-03-22 21:16:52.134903,0.0,69.92,0.0477
2026-03-22 21:16:53.198905,0.0,69.92,0.0317
2026-03-22 21:16:54.269141,0.0,69.92,0.0314
2026-03-22 21:16:55.326267,0.0,69.92,0.0294
2026-03-22 21:16:56.402352,0.0,69.92,0.0539
2026-03-22 21:16:57.472924,0.0,69.92,0.0246
2026-03-22 21:16:58.531796,0.0,69.92,0.0413
2026-03-22 21:16:59.591099,0.0,69.92,0.0402
2026-03-22 21:17:00.651783,0.0,69.92,0.0459
2026-03-22 21:17:01.725348,0.0,69.92,0.039
2026-03-22 21:17:02.774997,0.0,69.92,0.0582
2026-03-22 21:17:03.815370,0.0,69.91,0.0522
2026-03-22 21:17:04.864347,0.0,69.91,0.0401
2026-03-22 21:17:05.895568,0.0,69.91,0.0355
2026-03-22 21:17:07.009238,0.0,69.91,0.0539
2026-03-22 21:17:08.130313,0.0,69.91,0.0425
2026-03-22 21:17:09.205267,0.0,69.91,0.036
2026-03-22 21:17:10.244900,0.0,69.91,0.0492
2026-03-22 21:17:11.292185,0.0,69.91,0.0386
2026-03-22 21:17:12.375853,0.0,69.91,0.0498
2026-03-22 21:17:13.443754,0.0,69.91,0.026
2026-03-22 21:17:14.518290,0.0,69.91,0.0505
2026-03-22 21:17:15.582329,0.0,69.91,0.0407
2026-03-22 21:17:16.634594,0.0,69.91,0.0525
2026-03-22 21:17:17.694057,0.0,69.91,0.0374
2026-03-22 21:17:18.755084,0.0,69.91,0.0515
2026-03-22 21:17:19.889340,0.0,69.91,0.0396
2026-03-22 21:17:20.963139,0.0,69.91,0.0546
2026-03-22 21:17:22.026734,0.0,69.9,0.0259
2026-03-22 21:17:23.081321,0.0,69.9,0.0278
2026-03-22 21:17:24.172555,0.0,69.9,0.0408
2026-03-22 21:17:25.242573,0.0,69.9,0.0518
2026-03-22 21:17:26.317062,0.0,69.9,0.0273
2026-03-22 21:17:27.346881,0.0,69.9,0.0308
2026-03-22 21:17:28.470172,0.0,69.9,0.0547
2026-03-22 21:17:29.706907,0.0,69.9,0.0256
2026-03-22 21:17:30.800330,0.0,69.9,0.0507
2026-03-22 21:17:32.021997,0.0,69.9,0.0438
2026-03-22 21:17:33.086111,0.0,69.9,0.0485
2026-03-22 21:17:34.325591,0.0,69.9,0.0429
2026-03-22 21:17:35.528592,0.0,69.9,0.0437
2026-03-22 21:17:36.777804,0.0,69.9,0.035
2026-03-22 21:17:37.820598,0.0,69.9,0.0387
2026-03-22 21:17:38.887950,0.0,69.9,0.0475
2026-03-22 21:17:39.931391,0.0,69.9,0.0391
2026-03-22 21:17:41.025068,0.0,69.9,0.0298
2026-03-22 21:17:42.084755,0.0,69.9,0.0258
2026-03-22 21:17:43.158059,0.0,69.89,0.0534
2026-03-22 21:17:44.211057,0.0,69.89,0.0332
2026-03-22 21:17:45.259142,0.0,69.89,0.0234
2026-03-22 21:17:46.316578,0.0,69.89,0.0242
2026-03-22 21:17:47.400249,0.0,69.89,0.0382
2026-03-22 21:17:48.485894,0.0,69.89,0.0426
2026-03-22 21:17:49.541798,0.0,69.89,0.0433
2026-03-22 21:17:50.620194,0.0,69.89,0.0341
2026-03-22 21:17:51.673153,0.0,69.89,0.0291
2026-03-22 21:17:52.725534,0.0,69.89,0.0327
2026-03-22 21:17:53.788381,0.0,69.89,0.0505
2026-03-22 21:17:54.847646,0.0,69.89,0.0394
2026-03-22 21:17:55.916584,0.0,69.89,0.031
2026-03-22 21:17:56.983414,0.0,69.89,0.0482
2026-03-22 21:17:58.038059,0.0,69.89,0.0319
2026-03-22 21:17:59.088229,0.0,69.89,0.0494
2026-03-22 21:18:00.128039,0.0,69.89,0.0434
2026-03-22 21:18:01.226657,0.0,69.89,0.0341
2026-03-22 21:18:02.263876,0.0,69.89,0.0294
2026-03-22 21:18:03.322806,0.0,69.89,0.026
2026-03-22 21:18:04.377605,0.0,69.89,0.0459
2026-03-22 21:18:05.434520,0.0,69.88,0.0342
2026-03-22 21:18:06.494846,0.0,69.88,0.0446
2026-03-22 21:18:07.551654,0.0,69.88,0.05
2026-03-22 21:18:08.622415,0.0,69.88,0.0479
2026-03-22 21:18:09.690540,0.0,69.88,0.0374
2026-03-22 21:18:10.752880,0.0,69.88,0.0334
2026-03-22 21:18:11.806052,0.0,69.88,0.0531
2026-03-22 21:18:12.864009,0.0,69.88,0.0535
2026-03-22 21:18:13.943620,0.0,69.88,0.0269
2026-03-22 21:18:15.005620,0.0,69.88,0.0485
2026-03-22 21:18:16.057981,0.0,69.88,0.0319
2026-03-22 21:18:17.111985,0.0,69.88,0.0406
2026-03-22 21:18:18.163937,0.0,69.88,0.0358
2026-03-22 21:18:19.232924,0.0,69.88,0.0263
2026-03-22 21:18:20.282955,0.0,69.88,0.0271
2026-03-22 21:18:21.336724,0.0,69.88,0.0332
2026-03-22 21:18:22.392672,0.0,69.88,0.0476
2026-03-22 21:18:23.426240,0.0,69.88,0.029
2026-03-22 21:18:24.491330,0.0,69.88,0.0283
2026-03-22 21:18:25.543510,0.0,69.88,0.0346
2026-03-22 21:18:26.599624,0.0,69.87,0.0588
2026-03-22 21:18:27.651652,0.0,69.87,0.0297
2026-03-22 21:18:28.681178,0.0,69.87,0.0459
2026-03-22 21:18:29.767048,0.0,69.87,0.0356
2026-03-22 21:18:30.831929,0.0,69.87,0.0439
2026-03-22 21:18:31.887750,0.0,69.87,0.0486
2026-03-22 21:18:32.945358,0.0,69.87,0.0463
2026-03-22 21:18:33.984412,0.0,69.87,0.0333
2026-03-22 21:18:35.045617,0.0,69.87,0.024
2026-03-22 21:18:36.108517,0.0,69.87,0.039
2026-03-22 21:18:37.147192,0.0,69.87,0.035
2026-03-22 21:18:38.231775,0.0,69.87,0.0433
2026-03-22 21:18:39.303550,0.0,69.87,0.052
2026-03-22 21:18:40.377100,0.0,69.87,0.0515
2026-03-22 21:18:41.441355,0.0,69.87,0.0563
2026-03-22 21:18:42.498054,0.0,69.87,0.0253
2026-03-22 21:18:43.561846,0.0,69.87,0.0419
2026-03-22 21:18:44.614090,0.0,69.87,0.0495
2026-03-22 21:18:45.667873,0.0,69.87,0.0314
2026-03-22 21:18:46.729333,0.0,69.86,0.0566
2026-03-22 21:18:47.779393,0.0,69.86,0.0421
2026-03-22 21:18:48.831301,0.0,69.86,0.0357
2026-03-22 21:18:49.885842,0.0,69.86,0.0254
2026-03-22 21:18:50.939879,0.0,69.86,0.0461
2026-03-22 21:18:51.997945,0.0,69.86,0.0285
2026-03-22 21:18:53.052864,0.0,69.86,0.043
2026-03-22 21:18:54.113957,0.0,69.86,0.0395
2026-03-22 21:18:55.166791,0.0,69.86,0.0267
2026-03-22 21:18:56.217396,0.0,69.86,0.0511
2026-03-22 21:18:57.282680,0.0,69.86,0.0526
2026-03-22 21:18:58.335351,0.0,69.86,0.0492
2026-03-22 21:18:59.389614,0.0,69.86,0.031
2026-03-22 21:19:00.458914,0.0,69.86,0.0435
2026-03-22 21:19:01.530843,0.0,69.86,0.052
2026-03-22 21:19:02.578697,0.0,69.86,0.045
2026-03-22 21:19:03.643781,0.0,69.86,0.0402
2026-03-22 21:19:04.696493,0.0,69.86,0.0548
2026-03-22 21:19:05.764082,0.0,69.85,0.0481
2026-03-22 21:19:06.820900,0.0,69.85,0.0294
2026-03-22 21:19:07.872015,0.0,69.85,0.0237
2026-03-22 21:19:08.928133,0.0,69.85,0.0405
2026-03-22 21:19:09.997931,0.0,69.85,0.0488
2026-03-22 21:19:11.063016,0.0,69.85,0.0337
2026-03-22 21:19:12.116218,0.0,69.85,0.0263
2026-03-22 21:19:13.163150,0.0,69.85,0.0368
2026-03-22 21:19:14.216819,0.0,69.85,0.0351
2026-03-22 21:19:15.288316,0.0,69.85,0.0474
2026-03-22 21:19:16.353982,0.0,69.85,0.048
2026-03-22 21:19:17.412036,0.0,69.85,0.0424
2026-03-22 21:19:18.474539,0.0,69.85,0.0427
2026-03-22 21:19:19.534768,0.0,69.85,0.0494
2026-03-22 21:19:20.597828,0.0,69.85,0.051
2026-03-22 21:19:21.666537,0.0,69.85,0.0514
2026-03-22 21:19:22.720128,0.0,69.85,0.0372
2026-03-22 21:19:23.785687,0.0,69.85,0.0508
2026-03-22 21:19:24.838335,0.0,69.85,0.0363
2026-03-22 21:19:25.889946,0.0,69.84,0.0322
2026-03-22 21:19:26.950928,0.0,69.84,0.0327
2026-03-22 21:19:28.017051,0.0,69.84,0.0397
2026-03-22 21:19:29.059182,0.0,69.84,0.0326
2026-03-22 21:19:30.087595,0.0,69.84,0.0419
2026-03-22 21:19:31.150174,0.0,69.84,0.0273
2026-03-22 21:19:32.210029,0.0,69.84,0.0272
2026-03-22 21:19:33.263628,0.0,69.84,0.0332
2026-03-22 21:19:34.330012,0.0,69.84,0.0274
2026-03-22 21:19:35.385496,0.0,69.84,0.0345
2026-03-22 21:19:36.446916,0.0,69.84,0.06
2026-03-22 21:19:37.498844,0.0,69.84,0.0278
2026-03-22 21:19:38.566173,0.0,69.84,0.0317
2026-03-22 21:19:39.623004,0.0,69.84,0.0486
2026-03-22 21:19:40.676304,0.0,69.84,0.0399
2026-03-22 21:19:41.730197,0.0,69.84,0.0513
2026-03-22 21:19:42.791381,0.0,69.84,0.0499
2026-03-22 21:19:43.834896,0.0,69.84,0.0377
2026-03-22 21:19:44.899181,0.0,69.84,0.0326
2026-03-22 21:19:45.955396,0.0,69.84,0.0335
2026-03-22 21:19:47.011010,0.0,69.84,0.0271
2026-03-22 21:19:48.075904,0.0,69.83,0.0403
2026-03-22 21:19:49.129576,0.0,69.83,0.0445
2026-03-22 21:19:50.181578,0.0,69.83,0.0325
2026-03-22 21:19:51.237752,0.0,69.83,0.0413
2026-03-22 21:19:52.299907,0.0,69.83,0.0296
2026-03-22 21:19:53.356964,0.0,69.83,0.0385
2026-03-22 21:19:54.414624,0.0,69.83,0.0322
2026-03-22 21:19:55.468242,0.0,69.83,0.0289
2026-03-22 21:19:56.518746,0.0,69.83,0.0358
2026-03-22 21:19:57.584009,0.0,69.83,0.0514
2026-03-22 21:19:58.643103,0.0,69.83,0.0342
2026-03-22 21:19:59.695815,0.0,69.83,0.0286
2026-03-22 21:20:00.758019,0.0,69.83,0.0394
2026-03-22 21:20:01.821595,0.0,69.83,0.0274
2026-03-22 21:20:02.884111,0.0,69.83,0.0373
2026-03-22 21:20:03.937292,0.0,69.83,0.0541
2026-03-22 21:20:04.986348,0.0,69.83,0.0554
2026-03-22 21:20:06.039489,0.0,69.83,0.0524
2026-03-22 21:20:07.103354,0.0,69.83,0.0306
2026-03-22 21:20:08.153208,0.0,69.83,0.0281
2026-03-22 21:20:09.207367,0.0,69.83,0.0256
2026-03-22 21:20:10.263716,0.0,69.82,0.0542
2026-03-22 21:20:11.322921,0.0,69.82,0.0439
2026-03-22 21:20:12.384045,0.0,69.82,0.0411
2026-03-22 21:20:13.444820,0.0,69.82,0.0516
2026-03-22 21:20:14.499764,0.0,69.82,0.0561
2026-03-22 21:20:15.553466,0.0,69.82,0.0432
2026-03-22 21:20:16.596290,0.0,69.82,0.0299
2026-03-22 21:20:17.661184,0.0,69.82,0.0471
2026-03-22 21:20:18.717911,0.0,69.82,0.045
2026-03-22 21:20:19.768154,0.0,69.82,0.0459
2026-03-22 21:20:20.843415,0.0,69.82,0.0455
2026-03-22 21:20:21.932876,0.0,69.82,0.0468
2026-03-22 21:20:22.983835,0.0,69.82,0.0448
2026-03-22 21:20:24.046485,0.0,69.82,0.0232
2026-03-22 21:20:25.123208,0.0,69.82,0.043
2026-03-22 21:20:26.184905,0.0,69.82,0.0331
2026-03-22 21:20:27.240991,0.0,69.82,0.0527
2026-03-22 21:20:28.302629,0.0,69.82,0.0311
2026-03-22 21:20:29.371035,0.0,69.81,0.034
2026-03-22 21:20:30.426912,0.0,69.81,0.0352
2026-03-22 21:20:31.478352,0.0,69.81,0.0538
2026-03-22 21:20:32.541797,0.0,69.81,0.03
2026-03-22 21:20:33.603145,0.0,69.81,0.0249
2026-03-22 21:20:34.662305,0.0,69.81,0.0283
2026-03-22 21:20:35.717813,0.0,69.81,0.042
2026-03-22 21:20:36.759985,0.0,69.81,0.0432
2026-03-22 21:20:37.814248,0.0,69.81,0.0514
2026-03-22 21:20:38.879762,0.0,69.81,0.044
2026-03-22 21:20:39.916616,0.0,69.81,0.0347
2026-03-22 21:20:40.992007,0.0,69.81,0.0431
2026-03-22 21:20:42.051806,0.0,69.81,0.0484
2026-03-22 21:20:43.119241,0.0,69.81,0.0497
2026-03-22 21:20:44.173282,0.0,69.81,0.0494
2026-03-22 21:20:45.228571,0.0,69.81,0.0513
2026-03-22 21:20:46.281173,0.0,69.81,0.0411
2026-03-22 21:20:47.334735,0.0,69.81,0.0563
2026-03-22 21:20:48.409373,0.0,69.8,0.029
2026-03-22 21:20:49.464007,0.0,69.8,0.0442
2026-03-22 21:20:50.519767,0.0,69.8,0.0322
2026-03-22 21:20:51.568868,0.0,69.8,0.029
2026-03-22 21:20:52.628082,0.0,69.8,0.0452
2026-03-22 21:20:53.682359,0.0,69.8,0.0442
2026-03-22 21:20:54.739776,0.0,69.8,0.0266
2026-03-22 21:20:55.796474,0.0,69.8,0.041
2026-03-22 21:20:56.844482,0.0,69.8,0.0476
2026-03-22 21:20:57.878235,0.0,69.8,0.0276
2026-03-22 21:20:58.939169,0.0,69.8,0.0308
2026-03-22 21:20:59.996357,0.0,69.8,0.0245
2026-03-22 21:21:01.061856,0.0,69.8,0.056
2026-03-22 21:21:02.102596,0.0,69.8,0.0382
2026-03-22 21:21:03.157061,0.0,69.8,0.0513
2026-03-22 21:21:04.228370,0.0,69.8,0.0401
2026-03-22 21:21:05.258022,0.0,69.8,0.0449
2026-03-22 21:21:06.313590,0.0,69.8,0.0367
2026-03-22 21:21:07.356905,0.0,69.8,0.0341
2026-03-22 21:21:08.418344,0.0,69.8,0.0337
2026-03-22 21:21:09.487134,0.0,69.8,0.0338
2026-03-22 21:21:10.546672,0.0,69.79,0.024
2026-03-22 21:21:11.608579,0.0,69.79,0.0556
2026-03-22 21:21:12.654796,0.0,69.79,0.0391
2026-03-22 21:21:13.706611,0.0,69.79,0.0285
2026-03-22 21:21:14.757348,0.0,69.79,0.0539
2026-03-22 21:21:15.813805,0.0,69.79,0.0475
2026-03-22 21:21:16.865690,0.0,69.79,0.0437
2026-03-22 21:21:17.916633,0.0,69.79,0.0529
2026-03-22 21:21:18.975312,0.0,69.79,0.0338
2026-03-22 21:21:20.035302,0.0,69.79,0.0384
2026-03-22 21:21:21.085234,0.0,69.79,0.0498
2026-03-22 21:21:22.180655,0.0,69.79,0.0375
2026-03-22 21:21:23.475581,0.0,69.79,0.0303
2026-03-22 21:21:24.515555,0.0,69.79,0.0318
2026-03-22 21:21:25.551914,0.0,69.79,0.039
2026-03-22 21:21:26.602135,0.0,69.79,0.0312
2026-03-22 21:21:27.627845,0.0,69.79,0.04
2026-03-22 21:21:28.691486,0.0,69.79,0.0308
2026-03-22 21:21:30.046339,0.0,69.79,0.027
2026-03-22 21:21:31.145397,0.0,69.78,0.0506
2026-03-22 21:21:32.207989,0.0,69.78,0.0296
2026-03-22 21:21:33.275060,0.0,69.78,0.0327
2026-03-22 21:21:34.339589,0.0,69.78,0.0331
2026-03-22 21:21:35.402463,0.0,69.78,0.0263
2026-03-22 21:21:36.471822,0.0,69.78,0.0477
2026-03-22 21:21:37.534688,0.0,69.78,0.0271
2026-03-22 21:21:38.590269,0.0,69.78,0.0497
2026-03-22 21:21:39.650813,0.0,69.78,0.0469
2026-03-22 21:21:40.701925,0.0,69.78,0.0475
2026-03-22 21:21:41.769515,0.0,69.78,0.0332
2026-03-22 21:21:42.841878,0.0,69.78,0.0519
2026-03-22 21:21:43.906045,0.0,69.78,0.0462
2026-03-22 21:21:44.952659,0.0,69.78,0.0286
2026-03-22 21:21:45.992274,0.0,69.78,0.0407
2026-03-22 21:21:47.041062,0.0,69.78,0.0323
2026-03-22 21:21:48.101881,0.0,69.78,0.0577
2026-03-22 21:21:49.170943,0.0,69.78,0.037
2026-03-22 21:21:50.227268,0.0,69.78,0.0273
2026-03-22 21:21:51.302385,0.0,69.78,0.047
2026-03-22 21:21:52.359645,0.0,69.77,0.0532
2026-03-22 21:21:53.412833,0.0,69.77,0.0317
2026-03-22 21:21:54.470584,0.0,69.77,0.0493
2026-03-22 21:21:55.533722,0.0,69.77,0.0447
2026-03-22 21:21:56.589148,0.0,69.77,0.0307
2026-03-22 21:21:57.642600,0.0,69.77,0.0472
2026-03-22 21:21:58.696392,0.0,69.77,0.044
2026-03-22 21:21:59.755016,0.0,69.77,0.0498
2026-03-22 21:22:00.806357,0.0,69.77,0.0311
2026-03-22 21:22:05.980250,0.0,69.77,0.0435
2026-03-22 21:22:07.057937,0.0,69.77,0.0411
2026-03-22 21:22:08.099268,0.0,69.77,0.0448
2026-03-22 21:22:09.138943,0.0,69.77,0.0309
2026-03-22 21:22:10.185826,0.0,69.77,0.0434
2026-03-22 21:22:11.238259,0.0,69.76,0.0488
2026-03-22 21:22:12.295650,0.0,69.76,0.0539
2026-03-22 21:22:13.341798,0.0,69.76,0.0289
2026-03-22 21:22:14.395941,0.0,69.76,0.0464
2026-03-22 21:22:15.456032,0.0,69.76,0.0454
2026-03-22 21:22:16.521004,0.0,69.76,0.0268
2026-03-22 21:22:17.575235,0.0,69.76,0.0361
2026-03-22 21:22:18.631800,0.0,69.76,0.0293
2026-03-22 21:22:19.699985,0.0,69.76,0.0591
2026-03-22 21:22:20.767655,0.0,69.76,0.035
2026-03-22 21:22:21.822988,0.0,69.76,0.0459
2026-03-22 21:22:22.876331,0.0,69.76,0.0406
2026-03-22 21:22:23.929154,0.0,69.76,0.0474
2026-03-22 21:22:24.982743,0.0,69.76,0.0511
2026-03-22 21:22:26.051276,0.0,69.76,0.0348
2026-03-22 21:22:27.087014,0.0,69.76,0.0254
2026-03-22 21:22:28.147796,0.0,69.76,0.0328
2026-03-22 21:22:29.206540,0.0,69.76,0.0253
2026-03-22 21:22:30.303483,0.0,69.76,0.0274
2026-03-22 21:22:31.370241,0.0,69.76,0.0467
2026-03-22 21:22:32.436773,0.0,69.75,0.035
2026-03-22 21:22:33.494268,0.0,69.75,0.0298
2026-03-22 21:22:34.558226,0.0,69.75,0.0402
2026-03-22 21:22:35.622056,0.0,69.75,0.038
2026-03-22 21:22:36.678128,0.0,69.75,0.0426
2026-03-22 21:22:37.733726,0.0,69.75,0.0305
2026-03-22 21:22:38.797935,0.0,69.75,0.0335
2026-03-22 21:22:39.848813,0.0,69.75,0.0564
2026-03-22 21:22:40.903879,0.0,69.75,0.0464
2026-03-22 21:22:41.973973,0.0,69.75,0.0507
2026-03-22 21:22:43.030367,0.0,69.75,0.0494
2026-03-22 21:22:44.094753,0.0,69.75,0.056
2026-03-22 21:22:45.149293,0.0,69.75,0.0247
2026-03-22 21:22:46.202138,0.0,69.75,0.0362
2026-03-22 21:22:47.259740,0.0,69.75,0.0308
2026-03-22 21:22:48.325135,0.0,69.75,0.0491
2026-03-22 21:22:49.384248,0.0,69.75,0.0371
2026-03-22 21:22:50.444424,0.0,69.75,0.0569
2026-03-22 21:22:51.479300,0.0,69.75,0.0492
2026-03-22 21:22:52.530776,0.0,69.74,0.034
2026-03-22 21:22:53.595069,0.0,69.74,0.035
2026-03-22 21:22:54.647268,0.0,69.74,0.0404
2026-03-22 21:22:55.687397,0.0,69.74,0.0297
2026-03-22 21:22:56.829587,0.0,69.74,0.0463
2026-03-22 21:22:57.901764,0.0,69.74,0.0327
2026-03-22 21:22:58.971628,0.0,69.74,0.0342
2026-03-22 21:23:00.022873,0.0,69.74,0.0271
2026-03-22 21:23:01.103669,0.0,69.74,0.0306
2026-03-22 21:23:02.313891,0.0,69.74,0.029
2026-03-22 21:23:03.540938,0.0,69.74,0.0298
2026-03-22 21:23:04.653883,0.0,69.74,0.036
2026-03-22 21:23:05.719307,0.0,69.74,0.0248
2026-03-22 21:23:06.775391,0.0,69.74,0.0501
2026-03-22 21:23:07.867296,0.0,69.74,0.0474
2026-03-22 21:23:08.952228,0.0,69.74,0.0511
2026-03-22 21:23:10.002750,0.0,69.74,0.0428
2026-03-22 21:23:11.039846,0.0,69.74,0.0338
2026-03-22 21:23:12.069414,0.0,69.74,0.0312
2026-03-22 21:23:13.137216,0.0,69.74,0.0284
2026-03-22 21:23:14.206142,0.0,69.74,0.0526
2026-03-22 21:23:15.275146,0.0,69.73,0.0364
2026-03-22 21:23:16.324591,0.0,69.73,0.0358
2026-03-22 21:23:17.403974,0.0,69.73,0.0422
2026-03-22 21:23:18.462169,0.0,69.73,0.0397
2026-03-22 21:23:19.504615,0.0,69.73,0.0282
2026-03-22 21:23:20.570356,0.0,69.73,0.0491
2026-03-22 21:23:21.659809,0.0,69.73,0.0421
2026-03-22 21:23:22.690348,0.0,69.73,0.0394
2026-03-22 21:23:23.742162,0.0,69.73,0.0446
2026-03-22 21:23:24.771973,0.0,69.73,0.0391
2026-03-22 21:23:25.797343,0.0,69.73,0.0294
2026-03-22 21:23:26.859245,0.0,69.73,0.0308
2026-03-22 21:23:27.940416,0.0,69.73,0.0461
2026-03-22 21:23:29.004965,0.0,69.73,0.0287
2026-03-22 21:23:30.046358,0.0,69.73,0.0455
2026-03-22 21:23:31.224591,0.0,69.73,0.0327
2026-03-22 21:23:32.264622,0.0,69.73,0.0366
2026-03-22 21:23:33.302822,0.0,69.73,0.0346
2026-03-22 21:23:34.372961,0.0,69.73,0.0289
2026-03-22 21:23:35.418095,0.0,69.73,0.0433
2026-03-22 21:23:36.452769,0.0,69.72,0.047
2026-03-22 21:23:37.501085,0.0,69.72,0.0522
2026-03-22 21:23:38.564205,0.0,69.72,0.0326
2026-03-22 21:23:52.659379,0.0,69.97,0.0473
